{"stat.pickup.iceandfire.fire_dragon_flesh":4,"stat.leaveGame":13,"stat.mineBlock.ic2.sapling":3,"stat.craftItem.minecraft.shield":1,"stat.mineBlock.astralsorcery.blockcustomflower":6,"stat.pickup.minecraft.rotten_flesh":42,"stat.craftItem.minecraft.stone_axe":1,"stat.pickup.iceandfire.chared_cobblestone":13,"stat.pickup.minecraft.bucket":1,"stat.useItem.botania.flower":1,"stat.craftItem.minecraft.iron_shovel":2,"stat.pickup.minecraft.brown_mushroom":10,"stat.killEntity.Witch":2,"stat.killEntity.Villager":1,"stat.useItem.minecraft.iron_pickaxe":2448,"stat.craftItem.minecraft.wooden_pickaxe":2,"stat.useItem.minecraft.iron_shovel":403,"stat.craftItem.minecraft.bed":1,"stat.mineBlock.chisel.marble2":5,"stat.furnaceInteraction":145,"stat.mineBlock.botania.flower":36,"stat.craftItem.ic2.te":5,"stat.killEntity.ZombieVillager":2,"stat.pickup.iceandfire.manuscript":21,"stat.pickup.botania.livingwood":16,"stat.pickup.minecraft.beef":14,"stat.useItem.minecraft.trapdoor":1,"stat.craftItem.botania.pool":1,"stat.useItem.minecraft.wheat_seeds":224,"stat.mineBlock.astralsorcery.blockmarble":2,"stat.pickup.ic2.misc_resource":44,"stat.mineBlock.ic2.leaves":71,"stat.pickup.minecraft.emerald":16,"stat.useItem.minecraft.dye":24,"stat.deaths":11,"stat.useItem.ic2.treetap":16,"stat.craftItem.minecraft.iron_pickaxe":14,"stat.drop.botania.pool":1,"stat.drop.minecraft.iron_ingot":4,"stat.pickup.chisel.marble2":13,"stat.mineBlock.minecraft.tallgrass":88,"stat.chestOpened":262,"stat.useItem.ic2.cable":4,"stat.pickup.botania.mushroom":29,"stat.useItem.minecraft.stone":19,"stat.pickup.minecraft.arrow":16,"stat.pickup.minecraft.iron_sword":1,"stat.mineBlock.chisel.dirt":1,"stat.pickup.minecraft.gold_nugget":49,"stat.mineBlock.botania.mushroom":13,"stat.craftItem.buildcraftfactory.mining_well":1,"stat.craftItem.buildcraftbuilders.quarry":1,"stat.pickup.chisel.basalt2":2,"stat.pickup.minecraft.carrot":358,"stat.drop.minecraft.stone_sword":2,"stat.crouchOneCm":13081,"stat.craftItem.ic2.cable":31,"stat.mineBlock.minecraft.chest":1,"stat.craftItem.minecraft.iron_ingot":168,"stat.craftingTableInteraction":168,"stat.pickup.iceandfire.silver_ore":26,"stat.pickup.minecraft.wooden_pickaxe":4,"stat.mineBlock.minecraft.log2":5,"stat.useItem.minecraft.reeds":13,"stat.craftItem.buildcraftcore.gear_iron":9,"stat.pickup.minecraft.dye":272,"stat.pickup.minecraft.planks":516,"stat.pickup.chisel.limestone2":5,"stat.pickup.minecraft.wheat_seeds":391,"stat.pickup.chisel.cobblestone":15,"stat.mineBlock.minecraft.dirt":277,"stat.pickup.minecraft.poisonous_potato":1,"stat.drop.minecraft.paper":3,"stat.useItem.minecraft.bread":18,"stat.mineBlock.iceandfire.silver_ore":26,"stat.drop.minecraft.rotten_flesh":15,"stat.useItem.minecraft.cobblestone":200,"stat.mineBlock.minecraft.double_plant":1,"stat.pickup.minecraft.iron_pickaxe":16,"stat.drop.minecraft.carrot":4,"stat.craftItem.minecraft.gold_ingot":21,"stat.pickup.minecraft.chicken":4,"stat.craftItem.ic2.plate":44,"stat.pickup.minecraft.apple":2,"stat.craftItem.minecraft.bucket":5,"stat.craftItem.minecraft.planks":224,"stat.useItem.minecraft.iron_sword":3,"stat.pickup.minecraft.stone_sword":7,"stat.pickup.minecraft.book":4,"stat.mineBlock.minecraft.log":99,"stat.pickup.iceandfire.dragonbone":13,"stat.craftItem.ic2.re_battery":1,"stat.craftItem.minecraft.paper":9,"stat.pickup.minecraft.red_flower":1,"stat.drop.botania.twigwand":1,"stat.pickup.minecraft.wool":9,"stat.useItem.minecraft.wooden_axe":42,"stat.useItem.minecraft.iron_axe":428,"stat.mineBlock.minecraft.cobblestone":16,"stat.pickup.minecraft.stone_pickaxe":3,"stat.mineBlock.minecraft.yellow_flower":1,"stat.mineBlock.iceandfire.chared_stone":13,"stat.entityKilledBy.Witch":1,"stat.useItem.minecraft.obsidian":10,"stat.useItem.minecraft.stone_slab2":160,"stat.pickup.minecraft.bow":7,"stat.pickup.forge.bucketfilled":1,"stat.pickup.minecraft.iron_boots":2,"stat.mineBlock.chisel.cobblestone":9,"stat.craftItem.minecraft.furnace":6,"stat.craftItem.minecraft.lapis_block":15,"stat.craftItem.minecraft.iron_boots":2,"stat.pickup.iceandfire.chain_link":25,"stat.craftItem.minecraft.cooked_beef":10,"stat.mineBlock.minecraft.obsidian":8,"stat.pickup.minecraft.shears":2,"stat.flyOneCm":2071753,"stat.useItem.iceandfire.chared_stone":18,"stat.timeSinceDeath":1453,"stat.drop.minecraft.spider_eye":1,"stat.mineBlock.botania.livingwood":16,"stat.killEntity.Bat":1,"stat.useItem.minecraft.potato":59,"stat.pickup.buildcraftcore.engine":7,"stat.pickup.minecraft.nether_wart":30,"stat.mineBlock.minecraft.coal_ore":266,"stat.killEntity.Creeper":12,"stat.pickup.minecraft.shield":4,"stat.talkedToVillager":1,"stat.pickup.botania.manaresource":1,"stat.pickup.minecraft.string":9,"stat.pickup.buildcraftfactory.pump":1,"stat.entityKilledBy.Skeleton":2,"stat.sprintOneCm":1279476,"stat.craftItem.minecraft.wooden_axe":1,"stat.pickup.ic2.resource":473,"stat.mineBlock.minecraft.diamond_ore":22,"stat.pickup.minecraft.sugar":2,"stat.killEntity.Zombie":18,"stat.craftItem.minecraft.dye":27,"stat.pickup.ic2.leaves":2,"stat.mineBlock.minecraft.gold_ore":54,"stat.diveOneCm":36150,"stat.craftItem.minecraft.slime_ball":4,"stat.drop.minecraft.diamond_pickaxe":1,"stat.pickup.minecraft.wheat":206,"stat.craftItem.ic2.cutter":1,"stat.pickup.iceandfire.dragonscales_bronze":32,"stat.craftItem.minecraft.cooked_porkchop":4,"stat.pickup.minecraft.stone_axe":2,"stat.craftItem.botania.altar":1,"stat.pickup.minecraft.obsidian":13,"stat.pickup.ic2.te":9,"stat.useItem.minecraft.rotten_flesh":3,"stat.jump":9014,"stat.useItem.minecraft.sand":6,"stat.pickup.minecraft.coal":714,"stat.pickup.minecraft.iron_ingot":85,"stat.craftItem.minecraft.lever":3,"stat.drop.minecraft.diamond_sword":2,"stat.pickup.minecraft.gunpowder":25,"stat.pickup.iceandfire.chared_stone":47,"stat.craftItem.minecraft.torch":300,"stat.pickup.ic2.crafting":1,"stat.pickup.minecraft.dirt":383,"stat.pickup.iceandfire.fire_dragon_heart":1,"stat.pickup.minecraft.gold_ore":61,"stat.useItem.minecraft.sapling":3,"stat.mineBlock.minecraft.lapis_ore":31,"stat.pickup.minecraft.iron_axe":3,"stat.damageTaken":6381,"stat.mineBlock.minecraft.torch":36,"stat.craftItem.buildcraftcore.engine":3,"stat.mineBlock.minecraft.red_flower":1,"stat.pickup.minecraft.log2":5,"stat.pickup.ic2.rubber_wood":307,"stat.craftItem.minecraft.glowstone":1,"stat.pickup.minecraft.bed":1,"stat.craftItem.buildcraftcore.gear_wood":17,"stat.killEntity.hippogryph":1,"stat.pickup.minecraft.potato":342,"stat.useItem.forge.bucketfilled":21,"stat.pickup.botania.altar":1,"stat.drop.botania.petal":4,"stat.craftItem.minecraft.stone_slab":6,"stat.pickup.minecraft.diamond_pickaxe":5,"stat.useItem.minecraft.lava_bucket":6,"stat.craftItem.minecraft.iron_chestplate":4,"stat.pickup.minecraft.cooked_beef":8,"stat.useItem.minecraft.netherrack":7,"stat.pickup.ic2.cable":5,"stat.mineBlock.minecraft.glowstone":1,"stat.mobKills":89,"stat.entityKilledBy.hippogryph":1,"stat.craftItem.minecraft.shears":1,"stat.craftItem.botania.spreader":1,"stat.pickup.minecraft.diamond":42,"stat.pickup.minecraft.torch":232,"stat.pickup.astralsorcery.blockmarble":9,"stat.mineBlock.astralsorcery.blockcustomsandore":1,"stat.killEntity.firedragon":1,"stat.drop.minecraft.shears":1,"stat.pickup.botania.livingrock":8,"stat.pickup.tconstruct.book":5,"stat.useItem.iceandfire.fire_dragon_flesh":2,"stat.craftItem.minecraft.iron_axe":2,"stat.drop.ic2.crafting":1,"stat.mineBlock.ic2.rubber_wood":210,"stat.pickup.minecraft.lapis_block":9,"stat.useItem.minecraft.planks":19,"stat.pickup.minecraft.glowstone_dust":28,"stat.pickup.minecraft.porkchop":41,"stat.pickup.minecraft.glass":6,"stat.useItem.minecraft.water_bucket":5,"stat.drop.minecraft.poisonous_potato":1,"stat.pickup.minecraft.sand":239,"stat.craftItem.buildcraftcore.gear_diamond":2,"stat.craftItem.minecraft.stone_sword":1,"stat.entityKilledBy.firedragon":3,"stat.mineBlock.minecraft.sand":239,"stat.pickup.iceandfire.ash":4,"stat.craftItem.iceandfire.dragon_stick":1,"stat.drop.buildcraftlib.guide":1,"stat.pickup.astralsorcery.itemjournal":3,"stat.pickup.iceandfire.dragon_skull":4,"stat.mineBlock.minecraft.lapis_block":1,"stat.pickup.minecraft.furnace":1,"stat.useItem.minecraft.redstone":4,"stat.craftItem.buildcraftlib.guide":2,"stat.pickup.minecraft.iron_chestplate":7,"stat.mineBlock.buildcraftfactory.pump":1,"stat.mineBlock.iceandfire.ash":4,"stat.useItem.ic2.sapling":18,"stat.mineBlock.minecraft.soul_sand":20,"stat.playOneMinute":549448,"stat.pickup.minecraft.netherrack":15,"stat.pickup.chisel.dirt":1,"stat.mineBlock.botania.specialflower":1,"stat.mineBlock.minecraft.netherrack":41,"stat.craftItem.buildcraftcore.gear_gold":4,"stat.craftItem.minecraft.iron_nugget":9,"stat.fallOneCm":96770,"stat.craftItem.ic2.treetap":5,"stat.craftItem.minecraft.chest":5,"stat.mineBlock.botania.livingrock":8,"stat.mineBlock.ic2.resource":232,"stat.craftItem.tconstruct.materials":10,"stat.pickup.minecraft.iron_leggings":3,"stat.pickup.botania.twigwand":2,"stat.mineBlock.minecraft.gravel":2,"stat.useItem.ic2.rubber_wood":3,"stat.useItem.minecraft.stone_pickaxe":63,"stat.useItem.minecraft.stone_sword":118,"stat.craftItem.minecraft.iron_leggings":3,"stat.pickup.iceandfire.dragon_stick":1,"stat.craftItem.buildcraftcore.gear_stone":13,"stat.drop.iceandfire.dragon_stick":2,"stat.pickup.botania.specialflower":1,"stat.drop.minecraft.stick":4,"stat.useItem.minecraft.torch":323,"stat.drop.botania.flower":5,"stat.craftItem.minecraft.redstone_block":36,"stat.pickup.minecraft.crafting_table":17,"stat.useItem.minecraft.log":10,"stat.pickup.buildcraftlib.guide":8,"stat.craftItem.minecraft.crafting_table":5,"stat.mineBlock.minecraft.emerald_ore":7,"stat.pickup.minecraft.redstone_block":11,"stat.pickup.minecraft.log":120,"stat.craftItem.galacticraftcore.basic_block_core":1,"stat.mineBlock.galacticraftcore.basic_block_core":268,"stat.pickup.minecraft.sapling":23,"stat.drop.minecraft.bow":1,"stat.mineBlock.iceandfire.goldpile":4,"stat.useItem.chisel.dirt":1,"stat.pickup.tconstruct.slime_boots":5,"stat.sneakTime":5239,"stat.pickup.ic2.sapling":36,"stat.drop.botania.mushroom":2,"stat.pickup.minecraft.yellow_flower":3,"stat.pickup.minecraft.chest":1,"stat.useItem.minecraft.lapis_block":1,"stat.pickup.minecraft.bone":64,"stat.pickup.minecraft.redstone_torch":3,"stat.craftItem.botania.petal":6,"stat.mineBlock.minecraft.brown_mushroom":6,"stat.useItem.minecraft.diamond_sword":35,"stat.swimOneCm":72177,"stat.useItem.minecraft.dirt":128,"stat.craftItem.minecraft.trapdoor":2,"stat.craftItem.minecraft.stone_pickaxe":1,"stat.pickup.minecraft.cobblestone":1276,"stat.mineBlock.buildcraftcore.engine":7,"stat.mineBlock.minecraft.redstone_block":4,"stat.mineBlock.chisel.limestone2":4,"stat.useItem.chisel.cobblestone":5,"stat.pickup.minecraft.soul_sand":30,"stat.craftItem.ic2.ingot":57,"stat.drop.minecraft.wheat_seeds":2,"stat.useItem.minecraft.cooked_beef":11,"stat.pickup.minecraft.redstone":613,"stat.mineBlock.minecraft.iron_ore":384,"stat.pickup.minecraft.mutton":14,"stat.useItem.iceandfire.ash":3,"stat.pickup.galacticraftcore.basic_block_core":278,"stat.drop.minecraft.dirt":1,"stat.useItem.minecraft.cooked_porkchop":4,"stat.pickup.minecraft.iron_shovel":2,"stat.pickup.minecraft.trapdoor":5,"stat.mineBlock.minecraft.nether_brick":8,"stat.craftItem.ic2.casing":4,"stat.craftItem.tconstruct.slime_boots":1,"stat.craftItem.minecraft.stone_slab2":0,"stat.craftItem.minecraft.stick":224,"stat.craftItem.minecraft.stone":9,"stat.mineBlock.minecraft.crafting_table":15,"stat.useItem.minecraft.diamond_pickaxe":136,"stat.useItem.minecraft.carrot":172,"stat.drop.iceandfire.fire_dragon_flesh":1,"stat.pickup.botania.flower":63,"stat.entityKilledBy.Creeper":1,"stat.mineBlock.minecraft.planks":12,"stat.drop":69,"stat.craftItem.buildcraftfactory.tank":2,"stat.killEntity.Sheep":6,"stat.useItem.iceandfire.chared_cobblestone":1,"stat.pickup.minecraft.slime_ball":2,"stat.craftItem.minecraft.diamond_pickaxe":3,"stat.craftItem.minecraft.piston":3,"stat.mineBlock.botania.doubleflower2":2,"stat.mineBlock.botania.doubleflower1":1,"stat.pickup.minecraft.gravel":4,"stat.drop.minecraft.cooked_beef":2,"stat.useItem.minecraft.apple":1,"stat.useItem.minecraft.porkchop":9,"stat.pickup.minecraft.diamond_sword":1,"stat.craftItem.ic2.forge_hammer":1,"stat.pickup.minecraft.iron_helmet":4,"stat.useItem.minecraft.stone_axe":50,"stat.craftItem.minecraft.bread":68,"stat.pickup.minecraft.spider_eye":4,"stat.craftItem.minecraft.iron_helmet":3,"stat.pickup.minecraft.iron_ore":480,"stat.pickup.tconstruct.slime_congealed":5,"stat.pickup.minecraft.leather":72,"stat.mineBlock.minecraft.furnace":3,"stat.useItem.minecraft.wooden_pickaxe":19,"stat.mineBlock.iceandfire.chared_cobblestone":4,"stat.pickup.minecraft.reeds":75,"stat.damageDealt":16822,"stat.craftItem.minecraft.glass":73,"stat.sleepInBed":9,"stat.useItem.ic2.resource":2,"stat.killEntity.Cow":8,"stat.useItem.minecraft.crafting_table":1,"stat.killEntity.Pig":5,"stat.craftItem.minecraft.iron_sword":1,"stat.useItem.buildcraftcore.engine":1,"stat.craftItem.buildcraftfactory.pump":1,"stat.pickup.minecraft.piston":1,"stat.walkOneCm":1125228,"stat.mineBlock.ic2.te":12,"stat.pickup.minecraft.stick":16,"stat.useItem.galacticraftcore.basic_block_core":1,"stat.mineBlock.botania.altar":1,"stat.useItem.minecraft.redstone_block":4,"stat.pickup.galacticraftcore.basic_item":131,"stat.drop.chisel.marble2":6,"stat.drop.minecraft.iron_chestplate":1,"stat.pickup.minecraft.stone":133,"stat.pickup.ic2.treetap":1,"stat.craftItem.minecraft.redstone":82,"stat.pickup.ic2.forge_hammer":2,"stat.pickup.minecraft.gold_ingot":8,"stat.killEntity.Skeleton":14,"stat.craftItem.ic2.crafting":18,"stat.pickup.minecraft.record_mellohi":1,"stat.killEntity.Chicken":4,"stat.mineBlock.minecraft.redstone_torch":2,"stat.killEntity.Spider":6,"stat.pickup.minecraft.bread":96,"stat.mineBlock.minecraft.quartz_ore":18,"stat.pickup.astralsorcery.itemcraftingcomponent":16,"stat.craftItem.ic2.resource":3,"stat.pickup.minecraft.quartz":36,"stat.pickup.minecraft.water_bucket":4,"stat.pickup.botania.pool":1,"stat.mineBlock.minecraft.leaves":14,"stat.pickup.buildcraftcore.gear_stone":2,"stat.mineBlock.minecraft.redstone_ore":108,"stat.pickup.minecraft.lava_bucket":1,"stat.craftItem.galacticraftcore.basic_item":9,"stat.mineBlock.minecraft.stone":1090}