{"stats":{"minecraft:crafted":{"minecraft:oak_planks":380,"minecraft:cobblestone_slab":12,"minecraft:oak_pressure_plate":1,"minecraft:stone":3,"minecraft:diamond_shovel":1,"minecraft:bookshelf":15,"minecraft:cooked_mutton":9,"minecraft:deepslate_brick_stairs":9,"minecraft:hopper":3,"minecraft:bow":1,"minecraft:mossy_cobblestone_slab":6,"minecraft:chest":12,"minecraft:oak_fence":3,"minecraft:golden_boots":1,"minecraft:smoker":1,"minecraft:oak_slab":90,"minecraft:cooked_porkchop":10,"minecraft:crafting_table":9,"minecraft:spruce_planks":212,"minecraft:wooden_pickaxe":1,"minecraft:baked_potato":117,"minecraft:spruce_trapdoor":2,"minecraft:book":46,"minecraft:paper":138,"minecraft:diamond_pickaxe":2,"minecraft:shield":2,"minecraft:stick":84,"minecraft:iron_ingot":56,"minecraft:iron_pickaxe":2,"minecraft:gold_ingot":4,"minecraft:wooden_sword":1,"minecraft:stone_shovel":1,"minecraft:fishing_rod":1,"minecraft:furnace":3,"minecraft:bone_meal":9,"minecraft:oak_trapdoor":8,"minecraft:flint_and_steel":1,"minecraft:iron_axe":1,"minecraft:ladder":6,"minecraft:iron_hoe":2,"minecraft:stone_pickaxe":1,"minecraft:spruce_boat":1,"minecraft:wheat":756,"minecraft:cooked_beef":8,"minecraft:spruce_sign":3,"minecraft:iron_trapdoor":1,"minecraft:enchanting_table":1,"minecraft:iron_sword":4,"minecraft:bucket":2,"minecraft:bread":252,"minecraft:air":0,"minecraft:oak_boat":3,"minecraft:wooden_axe":2,"minecraft:iron_leggings":1,"minecraft:stonecutter":1,"minecraft:white_bed":1,"minecraft:note_block":1,"minecraft:torch":224},"minecraft:picked_up":{"minecraft:wooden_axe":2,"minecraft:iron_chestplate":6,"minecraft:wheat":16,"minecraft:chainmail_boots":1,"minecraft:lead":2,"minecraft:oak_stairs":1,"minecraft:brewing_stand":2,"minecraft:golden_sword":2,"minecraft:string":6,"minecraft:raw_copper":36,"minecraft:soul_soil":9,"minecraft:iron_leggings":5,"minecraft:shroomlight":1,"minecraft:gold_nugget":69,"minecraft:cobbled_deepslate":1186,"minecraft:bucket":7,"minecraft:spruce_planks":142,"minecraft:cobblestone_slab":18,"minecraft:iron_pickaxe":2,"minecraft:iron_boots":3,"minecraft:furnace":4,"minecraft:golden_helmet":1,"minecraft:stick":44,"minecraft:oak_fence":2,"minecraft:torch":400,"minecraft:porkchop":48,"minecraft:diorite":28,"minecraft:golden_chestplate":5,"minecraft:stone_sword":3,"minecraft:rotten_flesh":872,"minecraft:deepslate_brick_stairs":3,"minecraft:obsidian":80,"minecraft:cod":6,"minecraft:cobblestone":1343,"minecraft:nautilus_shell":2,"minecraft:leather_chestplate":3,"minecraft:mossy_cobblestone_slab":8,"minecraft:feather":10,"minecraft:cooked_beef":18,"minecraft:water_bucket":2,"minecraft:andesite":68,"minecraft:brown_wool":1,"minecraft:smoker":3,"minecraft:potato":685,"minecraft:flint":2,"minecraft:tuff":73,"minecraft:lapis_lazuli":192,"minecraft:dirt":390,"minecraft:leather_boots":7,"minecraft:bone":39,"minecraft:bow":5,"minecraft:wheat_seeds":92,"minecraft:raw_gold":21,"minecraft:bell":7,"minecraft:oak_planks":356,"minecraft:ghast_tear":2,"minecraft:cooked_porkchop":18,"minecraft:oak_pressure_plate":1,"minecraft:poisonous_potato":5,"minecraft:mossy_cobblestone":38,"minecraft:iron_hoe":3,"minecraft:diamond":17,"minecraft:spruce_boat":4,"minecraft:crossbow":1,"minecraft:granite":17,"minecraft:spruce_sign":2,"minecraft:emerald":2,"minecraft:bread":478,"minecraft:oak_sapling":42,"minecraft:netherrack":710,"minecraft:crimson_roots":3,"minecraft:diamond_pickaxe":14,"minecraft:crafting_table":16,"minecraft:azure_bluet":1,"minecraft:ominous_bottle":2,"minecraft:chicken":10,"minecraft:ladder":1,"minecraft:shield":5,"minecraft:oak_trapdoor":4,"minecraft:iron_axe":7,"minecraft:wooden_sword":2,"minecraft:iron_shovel":5,"minecraft:beef":68,"minecraft:oak_boat":4,"minecraft:iron_nugget":2,"minecraft:poppy":5,"minecraft:sugar_cane":329,"minecraft:chest":6,"minecraft:spruce_trapdoor":7,"minecraft:egg":7,"minecraft:raw_iron":201,"minecraft:carrot":657,"minecraft:redstone":240,"minecraft:weeping_vines":2,"minecraft:arrow":50,"minecraft:stone_shovel":2,"minecraft:hay_block":87,"minecraft:gold_ingot":1,"minecraft:mutton":17,"minecraft:white_wool":11,"minecraft:tripwire_hook":1,"minecraft:leather":101,"minecraft:crimson_fungus":2,"minecraft:oak_log":123,"minecraft:chainmail_chestplate":1,"minecraft:nether_wart_block":5,"minecraft:golden_boots":5,"minecraft:gunpowder":11,"minecraft:white_banner":2,"minecraft:cooked_mutton":12,"minecraft:apple":6,"minecraft:kelp":74,"minecraft:stone_pickaxe":4,"minecraft:iron_ingot":81,"minecraft:stripped_oak_wood":1,"minecraft:soul_sand":76,"minecraft:iron_sword":12,"minecraft:book":3,"minecraft:oak_slab":11,"minecraft:sweet_berries":80,"minecraft:quartz":80,"minecraft:dandelion":1,"minecraft:raw_iron_block":4,"minecraft:gravel":28,"minecraft:spruce_sapling":27,"minecraft:blast_furnace":3,"minecraft:white_bed":4,"minecraft:spruce_log":82,"minecraft:spider_eye":2,"minecraft:leather_helmet":2,"minecraft:diamond_shovel":4,"minecraft:purple_bed":3,"minecraft:chainmail_leggings":1,"minecraft:iron_helmet":7,"minecraft:baked_potato":117,"minecraft:coal":433,"minecraft:hopper":4,"minecraft:ender_pearl":2},"minecraft:custom":{"minecraft:interact_with_crafting_table":125,"minecraft:bell_ring":28,"minecraft:leave_game":8,"minecraft:time_since_death":14699,"minecraft:sprint_one_cm":1516865,"minecraft:damage_blocked_by_shield":3114,"minecraft:drop":81,"minecraft:play_noteblock":1,"minecraft:talked_to_villager":1,"minecraft:play_time":500749,"minecraft:deaths":9,"minecraft:jump":8778,"minecraft:walk_on_water_one_cm":114388,"minecraft:interact_with_furnace":46,"minecraft:sleep_in_bed":11,"minecraft:damage_dealt":33887,"minecraft:player_kills":3,"minecraft:crouch_one_cm":18474,"minecraft:interact_with_smoker":10,"minecraft:mob_kills":567,"minecraft:inspect_hopper":4,"minecraft:climb_one_cm":8865,"minecraft:walk_one_cm":1071607,"minecraft:sneak_time":8677,"minecraft:walk_under_water_one_cm":104131,"minecraft:boat_one_cm":401150,"minecraft:interact_with_blast_furnace":2,"minecraft:total_world_time":500749,"minecraft:tune_noteblock":365,"minecraft:interact_with_stonecutter":4,"minecraft:time_since_rest":14722,"minecraft:damage_taken":7944,"minecraft:swim_one_cm":87203,"minecraft:fly_one_cm":1470403,"minecraft:open_chest":180,"minecraft:fish_caught":2,"minecraft:fall_one_cm":205383},"minecraft:broken":{"minecraft:iron_sword":3,"minecraft:wooden_axe":1,"minecraft:stone_shovel":1,"minecraft:iron_axe":1,"minecraft:iron_pickaxe":2},"minecraft:mined":{"minecraft:white_bed":3,"minecraft:oak_sapling":1,"minecraft:brewing_stand":2,"minecraft:obsidian":21,"minecraft:spruce_trapdoor":9,"minecraft:granite":9,"minecraft:grass_block":250,"minecraft:soul_soil":7,"minecraft:hopper":5,"minecraft:crimson_fungus":1,"minecraft:tall_seagrass":2,"minecraft:weeping_vines_plant":1,"minecraft:raw_iron_block":1,"minecraft:mossy_cobblestone_slab":6,"minecraft:fire":5,"minecraft:iron_ore":12,"minecraft:cobbled_deepslate":118,"minecraft:azure_bluet":2,"minecraft:dirt_path":2,"minecraft:deepslate_brick_stairs":7,"minecraft:deepslate_redstone_ore":13,"minecraft:gray_terracotta":2,"minecraft:kelp_plant":11,"minecraft:crimson_nylium":1,"minecraft:soul_fire":23,"minecraft:torch":12,"minecraft:chest":6,"minecraft:spruce_wall_sign":3,"minecraft:nether_quartz_ore":80,"minecraft:cobblestone":168,"minecraft:sugar_cane":256,"minecraft:oak_planks":11,"minecraft:wall_torch":29,"minecraft:seagrass":1,"minecraft:nether_wart_block":6,"minecraft:wheat":19,"minecraft:stripped_oak_wood":1,"minecraft:oak_log":96,"minecraft:dirt":44,"minecraft:netherrack":599,"minecraft:oak_leaves":47,"minecraft:deepslate":473,"minecraft:nether_gold_ore":10,"minecraft:tuff":18,"minecraft:mossy_cobblestone":38,"minecraft:deepslate_diamond_ore":11,"minecraft:ladder":1,"minecraft:crimson_roots":3,"minecraft:weeping_vines":1,"minecraft:spruce_leaves":63,"minecraft:kelp":8,"minecraft:hay_block":87,"minecraft:oak_trapdoor":2,"minecraft:furnace":1,"minecraft:carrots":117,"minecraft:black_glazed_terracotta":2,"minecraft:andesite":72,"minecraft:bell":3,"minecraft:potatoes":128,"minecraft:deepslate_iron_ore":45,"minecraft:shroomlight":1,"minecraft:cobblestone_slab":17,"minecraft:stone":608,"minecraft:oak_slab":5,"minecraft:soul_sand":28,"minecraft:dandelion":1,"minecraft:oak_fence":2,"minecraft:crafting_table":11,"minecraft:cornflower":1,"minecraft:short_grass":340,"minecraft:emerald_ore":2,"minecraft:tall_grass":36,"minecraft:copper_ore":10,"minecraft:deepslate_gold_ore":7,"minecraft:diorite":12,"minecraft:red_terracotta":2,"minecraft:coarse_dirt":1,"minecraft:sweet_berry_bush":29,"minecraft:spruce_log":69,"minecraft:coal_ore":112,"minecraft:gravel":17,"minecraft:fern":2},"minecraft:killed":{"minecraft:zombified_piglin":43,"minecraft:spider":9,"minecraft:skeleton":16,"minecraft:chicken":10,"minecraft:pig":9,"minecraft:iron_golem":3,"minecraft:creeper":8,"minecraft:sheep":11,"minecraft:trader_llama":2,"minecraft:pillager":8,"minecraft:zombie":418,"minecraft:ghast":3,"minecraft:cow":11,"minecraft:horse":4,"minecraft:wandering_trader":1,"minecraft:hoglin":7,"minecraft:enderman":1},"minecraft:used":{"minecraft:iron_shovel":29,"minecraft:ladder":7,"minecraft:poppy":1,"minecraft:chest":15,"minecraft:shield":52,"minecraft:iron_sword":819,"minecraft:bell":1,"minecraft:iron_chestplate":1,"minecraft:soul_sand":3,"minecraft:carrot":202,"minecraft:tuff":1,"minecraft:obsidian":10,"minecraft:spruce_boat":2,"minecraft:iron_helmet":2,"minecraft:mossy_cobblestone_slab":10,"minecraft:bow":3,"minecraft:sweet_berries":19,"minecraft:oak_sapling":39,"minecraft:furnace":2,"minecraft:egg":3,"minecraft:potato":208,"minecraft:golden_boots":1,"minecraft:diorite":3,"minecraft:stone_pickaxe":81,"minecraft:oak_planks":46,"minecraft:wooden_pickaxe":23,"minecraft:sugar_cane":98,"minecraft:crossbow":4,"minecraft:note_block":1,"minecraft:deepslate_brick_stairs":140,"minecraft:bread":117,"minecraft:oak_pressure_plate":1,"minecraft:gravel":27,"minecraft:wooden_sword":158,"minecraft:andesite":40,"minecraft:oak_boat":4,"minecraft:bone_meal":9,"minecraft:oak_fence":2,"minecraft:oak_trapdoor":9,"minecraft:enchanting_table":1,"minecraft:flint_and_steel":1,"minecraft:stone_shovel":133,"minecraft:netherrack":425,"minecraft:torch":219,"minecraft:dirt":241,"minecraft:hopper":8,"minecraft:golden_chestplate":1,"minecraft:granite":6,"minecraft:iron_hoe":340,"minecraft:wooden_axe":60,"minecraft:bookshelf":15,"minecraft:iron_axe":245,"minecraft:iron_trapdoor":1,"minecraft:cooked_beef":8,"minecraft:cobbled_deepslate":249,"minecraft:wheat_seeds":20,"minecraft:cooked_mutton":9,"minecraft:water_bucket":147,"minecraft:baked_potato":7,"minecraft:spruce_sign":5,"minecraft:stonecutter":1,"minecraft:cobblestone_slab":30,"minecraft:mossy_cobblestone":12,"minecraft:oak_slab":97,"minecraft:crafting_table":21,"minecraft:white_bed":5,"minecraft:spruce_log":2,"minecraft:smoker":1,"minecraft:oak_log":2,"minecraft:diamond_pickaxe":1910,"minecraft:diamond_shovel":55,"minecraft:chicken":1,"minecraft:iron_pickaxe":500,"minecraft:spruce_trapdoor":9,"minecraft:spruce_sapling":20,"minecraft:fishing_rod":22,"minecraft:cobblestone":334,"minecraft:purple_bed":1,"minecraft:cooked_porkchop":1,"minecraft:bucket":148,"minecraft:kelp":28,"minecraft:dandelion":1},"minecraft:dropped":{"minecraft:iron_sword":2,"minecraft:oak_pressure_plate":1,"minecraft:crossbow":1,"minecraft:cod":1,"minecraft:wooden_sword":1,"minecraft:white_wool":1,"minecraft:bone":4,"minecraft:gravel":1,"minecraft:sugar_cane":34,"minecraft:iron_nugget":2,"minecraft:golden_chestplate":1,"minecraft:rotten_flesh":144,"minecraft:oak_planks":32,"minecraft:azure_bluet":1,"minecraft:poppy":4,"minecraft:leather_chestplate":1,"minecraft:gunpowder":2,"minecraft:leather_boots":3,"minecraft:arrow":5,"minecraft:netherrack":51,"minecraft:golden_boots":1,"minecraft:water_bucket":1,"minecraft:iron_ingot":6,"minecraft:oak_slab":4,"minecraft:wheat_seeds":5,"minecraft:golden_helmet":1,"minecraft:cobblestone":3,"minecraft:diorite":4,"minecraft:torch":48,"minecraft:wooden_axe":1,"minecraft:iron_leggings":2,"minecraft:oak_stairs":1,"minecraft:iron_axe":2,"minecraft:string":1,"minecraft:bucket":1,"minecraft:soul_soil":2,"minecraft:raw_iron":1,"minecraft:shield":2,"minecraft:spruce_planks":64,"minecraft:diamond_pickaxe":11,"minecraft:oak_sapling":3,"minecraft:spider_eye":1,"minecraft:spruce_log":8,"minecraft:wooden_pickaxe":1},"minecraft:killed_by":{"minecraft:zombified_piglin":1,"minecraft:creeper":1,"minecraft:drowned":2,"minecraft:zombie":1,"minecraft:player":1,"minecraft:spider":1,"minecraft:skeleton":1}},"DataVersion":3953}