{"stat.chestOpened":10,"stat.pickup.tconstruct.tooltables":3,"stat.pickup.minecraft.pumpkin":11,"stat.pickup.minecraft.bone":1,"stat.mineBlock.botania.doubleflower2":2,"stat.leaveGame":5,"stat.pickup.minecraft.arrow":2,"stat.mineBlock.minecraft.cobblestone":7,"stat.mineBlock.minecraft.pumpkin":11,"stat.pickup.minecraft.stone_pickaxe":1,"stat.mineBlock.minecraft.brown_mushroom":1,"stat.jump":1500,"stat.swimOneCm":9926,"stat.pickup.minecraft.coal":123,"stat.fallOneCm":47175,"stat.useItem.minecraft.planks":6,"stat.pickup.minecraft.iron_ingot":7,"stat.craftItem.minecraft.shield":2,"stat.craftItem.ic2.treetap":1,"stat.pickup.minecraft.golden_boots":1,"stat.pickup.minecraft.glowstone_dust":2,"stat.useItem.minecraft.stone_axe":17,"stat.crouchOneCm":5238,"stat.pickup.minecraft.dirt":12,"stat.useItem.minecraft.dirt":1,"stat.useItem.minecraft.stone_slab2":26,"stat.mineBlock.astralsorcery.blockcustomflower":2,"stat.drop.minecraft.bed":3,"stat.craftingTableInteraction":10,"stat.pickup.minecraft.iron_ore":32,"stat.pickup.minecraft.rotten_flesh":6,"stat.craftItem.minecraft.furnace":1,"stat.mineBlock.ic2.resource":4,"stat.mineBlock.tconstruct.tooltables":3,"stat.craftItem.minecraft.stone_axe":1,"stat.useItem.chisel.marble2":1,"stat.damageTaken":666,"stat.pickup.minecraft.feather":1,"stat.craftItem.minecraft.stone_pickaxe":1,"stat.mineBlock.minecraft.furnace":1,"stat.useItem.minecraft.wooden_pickaxe":6,"stat.useItem.botania.flower":1,"stat.pickup.minecraft.cobblestone":53,"stat.pickup.minecraft.reeds":25,"stat.flyOneCm":277967,"stat.pickup.minecraft.bed":8,"stat.pickup.minecraft.brown_mushroom":1,"stat.pickup.minecraft.wheat_seeds":59,"stat.pickup.minecraft.potato":18,"stat.useItem.minecraft.stone_pickaxe":95,"stat.damageDealt":3431,"stat.mineBlock.minecraft.iron_ore":32,"stat.sleepInBed":7,"stat.timeSinceDeath":57884,"stat.useItem.minecraft.iron_pickaxe":98,"stat.mineBlock.minecraft.dirt":11,"stat.craftItem.minecraft.wooden_pickaxe":1,"stat.pickup.minecraft.mutton":30,"stat.craftItem.minecraft.iron_sword":1,"stat.drop.minecraft.cooked_mutton":1,"stat.walkOneCm":151366,"stat.craftItem.minecraft.bed":5,"stat.useItem.minecraft.bread":3,"stat.pickup.travelersbackpack.travelers_backpack":1,"stat.useItem.minecraft.potato":7,"stat.mineBlock.chisel.marble2":2,"stat.pickup.minecraft.crafting_table":6,"stat.useItem.minecraft.cobblestone":22,"stat.craftItem.minecraft.crafting_table":3,"stat.furnaceInteraction":11,"stat.pickup.galacticraftcore.basic_block_core":4,"stat.mineBlock.botania.flower":23,"stat.mineBlock.minecraft.double_plant":1,"stat.mineBlock.minecraft.coal_ore":95,"stat.killEntity.Creeper":1,"stat.pickup.minecraft.log":12,"stat.mineBlock.galacticraftcore.basic_block_core":4,"stat.useItem.minecraft.cooked_mutton":12,"stat.pickup.minecraft.furnace":1,"stat.craftItem.minecraft.stone_slab2":0,"stat.pickup.minecraft.stone":4,"stat.pickup.minecraft.chicken":2,"stat.craftItem.tconstruct.tooltables":1,"stat.sprintOneCm":195290,"stat.craftItem.minecraft.stick":12,"stat.craftItem.minecraft.wooden_axe":1,"stat.pickup.ic2.resource":5,"stat.killEntity.Skeleton":1,"stat.pickup.ic2.bronze_helmet":1,"stat.craftItem.minecraft.planks":48,"stat.useItem.minecraft.iron_sword":35,"stat.killEntity.Chicken":2,"stat.useItem.minecraft.wheat_seeds":29,"stat.mineBlock.minecraft.crafting_table":6,"stat.pickup.ic2.misc_resource":18,"stat.mobKills":32,"stat.mineBlock.minecraft.log":13,"stat.useItem.minecraft.dye":1,"stat.pickup.botania.flower":34,"stat.drop":4,"stat.useItem.ic2.treetap":2,"stat.mineBlock.minecraft.leaves":3,"stat.playOneMinute":57884,"stat.killEntity.Sheep":23,"stat.sneakTime":1572,"stat.craftItem.minecraft.iron_pickaxe":1,"stat.pickup.minecraft.wool":22,"stat.killEntity.Zombie":5,"stat.craftItem.minecraft.dye":30,"stat.useItem.minecraft.wooden_axe":36,"stat.mineBlock.minecraft.stone":49,"stat.pickup.chisel.marble2":2,"stat.craftItem.minecraft.cooked_mutton":24,"stat.mineBlock.minecraft.tallgrass":7,"stat.diveOneCm":4724,"stat.pickup.minecraft.wheat":29}