{"stat.pickup.tconstruct.book":1,"stat.leaveGame":2,"stat.swimOneCm":3056,"stat.useItem.minecraft.planks":1,"stat.pickup.minecraft.glowstone_dust":10,"stat.pickup.minecraft.porkchop":18,"stat.useItem.minecraft.dirt":44,"stat.useItem.minecraft.stone_slab2":6,"stat.mineBlock.astralsorcery.blockcustomflower":6,"stat.pickup.minecraft.rotten_flesh":7,"stat.craftItem.minecraft.stone_axe":1,"stat.craftItem.minecraft.trapdoor":2,"stat.craftItem.minecraft.stone_pickaxe":1,"stat.craftItem.minecraft.cooked_beef":9,"stat.pickup.minecraft.cobblestone":88,"stat.craftItem.minecraft.stone_sword":1,"stat.flyOneCm":69973,"stat.useItem.minecraft.cooked_beef":3,"stat.timeSinceDeath":290,"stat.drop.buildcraftlib.guide":1,"stat.craftItem.minecraft.wooden_pickaxe":1,"stat.furnaceInteraction":6,"stat.pickup.galacticraftcore.basic_block_core":12,"stat.pickup.minecraft.trapdoor":1,"stat.killEntity.ZombieVillager":1,"stat.mineBlock.minecraft.coal_ore":20,"stat.killEntity.Creeper":2,"stat.pickup.minecraft.string":1,"stat.pickup.minecraft.beef":14,"stat.craftItem.buildcraftlib.guide":1,"stat.entityKilledBy.Skeleton":2,"stat.craftItem.minecraft.stone_slab2":0,"stat.useItem.minecraft.trapdoor":1,"stat.sprintOneCm":82733,"stat.craftItem.minecraft.stick":16,"stat.craftItem.minecraft.wooden_axe":1,"stat.mineBlock.minecraft.crafting_table":4,"stat.mineBlock.astralsorcery.blockmarble":1,"stat.deaths":2,"stat.drop":4,"stat.playOneMinute":35017,"stat.killEntity.Zombie":2,"stat.mineBlock.minecraft.tallgrass":4,"stat.diveOneCm":10365,"stat.chestOpened":2,"stat.drop.minecraft.cooked_beef":2,"stat.useItem.minecraft.rotten_flesh":3,"stat.jump":607,"stat.pickup.minecraft.coal":40,"stat.fallOneCm":12011,"stat.useItem.minecraft.stone_axe":46,"stat.crouchOneCm":1893,"stat.pickup.minecraft.spider_eye":1,"stat.pickup.minecraft.dirt":45,"stat.craftingTableInteraction":12,"stat.pickup.minecraft.wooden_pickaxe":2,"stat.mineBlock.minecraft.log2":5,"stat.damageTaken":738,"stat.pickup.minecraft.leather":20,"stat.useItem.minecraft.wooden_pickaxe":15,"stat.pickup.minecraft.log2":5,"stat.craftItem.minecraft.glowstone":1,"stat.pickup.minecraft.planks":49,"stat.pickup.minecraft.reeds":7,"stat.craftItem.buildcraftcore.gear_wood":1,"stat.pickup.minecraft.wheat_seeds":2,"stat.useItem.minecraft.stone_pickaxe":63,"stat.useItem.minecraft.stone_sword":35,"stat.damageDealt":2379,"stat.killEntity.Cow":8,"stat.mineBlock.minecraft.dirt":10,"stat.useItem.minecraft.crafting_table":1,"stat.killEntity.Pig":5,"stat.walkOneCm":73334,"stat.pickup.minecraft.stick":3,"stat.drop.minecraft.rotten_flesh":1,"stat.pickup.minecraft.crafting_table":4,"stat.pickup.buildcraftlib.guide":3,"stat.craftItem.minecraft.crafting_table":1,"stat.pickup.minecraft.log":48,"stat.mineBlock.galacticraftcore.basic_block_core":6,"stat.pickup.minecraft.stone":3,"stat.pickup.minecraft.sapling":4,"stat.pickup.minecraft.apple":1,"stat.craftItem.minecraft.bucket":1,"stat.craftItem.minecraft.planks":72,"stat.killEntity.Spider":2,"stat.mineBlock.minecraft.glowstone":1,"stat.mobKills":21,"stat.mineBlock.minecraft.log":49,"stat.pickup.minecraft.water_bucket":1,"stat.mineBlock.minecraft.leaves":9,"stat.craftItem.minecraft.paper":3,"stat.sneakTime":766,"stat.pickup.astralsorcery.blockmarble":2,"stat.useItem.minecraft.wooden_axe":42,"stat.mineBlock.minecraft.stone":51}