{"stat.useItem.minecraft.quartz_block":278,"stat.pickup.minecraft.wooden_slab":2,"stat.mineBlock.iceandfire.chared_grass":1,"stat.leaveGame":16,"stat.pickup.tconstruct.edible":4,"stat.craftItem.minecraft.shield":2,"stat.mineBlock.thebetweenlands.druid_stone_3":1,"stat.mineBlock.astralsorcery.blockcustomflower":2,"stat.drop.minecraft.iron_sword":1,"stat.pickup.minecraft.rotten_flesh":64,"stat.drop.minecraft.golden_horse_armor":1,"stat.craftItem.minecraft.stone_axe":1,"stat.killEntity.thebetweenlands.dark_druid":1,"stat.pickup.minecraft.bucket":2,"stat.useItem.botania.flower":15,"stat.killEntity.Enderman":5,"stat.mineBlock.minecraft.wooden_slab":2,"stat.craftItem.minecraft.iron_shovel":2,"stat.pickup.minecraft.brown_mushroom":1,"stat.pickup.chisel.chisel_iron":4,"stat.useItem.minecraft.iron_pickaxe":1194,"stat.craftItem.minecraft.wooden_pickaxe":1,"stat.useItem.minecraft.iron_shovel":443,"stat.drop.minecraft.cooked_mutton":1,"stat.pickup.minecraft.double_plant":8,"stat.craftItem.minecraft.bed":5,"stat.mineBlock.chisel.marble2":45,"stat.mineBlock.minecraft.vine":2,"stat.mineBlock.minecraft.sticky_piston":7,"stat.furnaceInteraction":251,"stat.useItem.minecraft.nether_wart":10,"stat.mineBlock.botania.flower":92,"stat.craftItem.ic2.te":1,"stat.killEntity.ZombieVillager":3,"stat.pickup.minecraft.nether_brick":2,"stat.drop.minecraft.red_flower":2,"stat.pickup.botania.livingwood":50,"stat.pickup.minecraft.beef":102,"stat.mineBlock.chisel.planks-dark-oak":34,"stat.craftItem.botania.fertilizer":7,"stat.useItem.minecraft.dark_oak_door":8,"stat.craftItem.botania.pool":1,"stat.useItem.minecraft.wheat_seeds":207,"stat.pickup.ic2.misc_resource":31,"stat.mineBlock.astralsorcery.blockmarble":2,"stat.useItem.botania.twigwand":120,"stat.useItem.minecraft.dye":95,"stat.deaths":5,"stat.useItem.ic2.treetap":2,"stat.pickup.minecraft.egg":16,"stat.useItem.minecraft.nether_brick":1,"stat.craftItem.minecraft.iron_pickaxe":6,"stat.drop.minecraft.torch":4,"stat.pickup.chisel.marble2":48,"stat.craftItem.minecraft.cooked_mutton":30,"stat.mineBlock.minecraft.tallgrass":332,"stat.chestOpened":271,"stat.mineBlock.chisel.planks-birch":40,"stat.useItem.minecraft.stone":29,"stat.pickup.minecraft.arrow":45,"stat.pickup.minecraft.iron_sword":3,"stat.killEntity.Ghast":1,"stat.craftItem.minecraft.quartz_block":121,"stat.pickup.minecraft.gold_nugget":4,"stat.craftItem.minecraft.coal":279,"stat.pickup.iceandfire.silver_nugget":2,"stat.craftItem.buildcraftbuilders.quarry":1,"stat.pickup.minecraft.carrot":638,"stat.crouchOneCm":201712,"stat.mineBlock.minecraft.chest":2,"stat.craftItem.minecraft.iron_ingot":200,"stat.craftingTableInteraction":182,"stat.pickup.minecraft.repeater":4,"stat.useItem.chisel.marble2":3,"stat.mineBlock.minecraft.log2":270,"stat.useItem.minecraft.reeds":28,"stat.craftItem.buildcraftcore.gear_iron":11,"stat.pickup.minecraft.dye":187,"stat.pickup.minecraft.planks":214,"stat.pickup.chisel.limestone2":14,"stat.pickup.minecraft.wheat_seeds":461,"stat.craftItem.tconstruct.slime_congealed":5,"stat.drop.minecraft.soul_sand":10,"stat.mineBlock.minecraft.dirt":531,"stat.useItem.minecraft.bread":49,"stat.drop.minecraft.rotten_flesh":3,"stat.useItem.minecraft.cobblestone":181,"stat.mineBlock.minecraft.double_plant":17,"stat.useItem.twilightforest.spiral_bricks":3,"stat.pickup.minecraft.iron_pickaxe":7,"stat.drop.minecraft.carrot":9,"stat.craftItem.minecraft.gold_ingot":14,"stat.drop.minecraft.sapling":15,"stat.pickup.minecraft.chicken":10,"stat.craftItem.chisel.chisel_iron":2,"stat.drop.minecraft.gold_nugget":2,"stat.craftItem.ic2.plate":5,"stat.pickup.minecraft.apple":11,"stat.craftItem.minecraft.bucket":7,"stat.craftItem.minecraft.planks":760,"stat.useItem.minecraft.iron_sword":289,"stat.itemEnchanted":7,"stat.useItem.minecraft.stonebrick":390,"stat.pickup.minecraft.book":102,"stat.mineBlock.minecraft.log":119,"stat.craftItem.minecraft.paper":87,"stat.pickup.minecraft.red_flower":23,"stat.drop.botania.twigwand":1,"stat.pickup.minecraft.wool":23,"stat.useItem.minecraft.wooden_axe":36,"stat.pickup.ic2.ingot":2,"stat.drop.astralsorcery.blockmarble":1,"stat.useItem.minecraft.iron_axe":710,"stat.mineBlock.minecraft.cobblestone":21,"stat.mineBlock.minecraft.pumpkin":11,"stat.craftItem.tconstruct.edible":4,"stat.pickup.minecraft.stone_pickaxe":1,"stat.mineBlock.minecraft.yellow_flower":19,"stat.pickup.minecraft.leather_chestplate":2,"stat.pickup.minecraft.enchanted_book":3,"stat.mineBlock.chisel.cobblestone2":24,"stat.mineBlock.chisel.cobblestone1":68,"stat.drop.minecraft.cobblestone":1,"stat.pickup.minecraft.cooked_porkchop":34,"stat.mineBlock.chisel.marble":1,"stat.pickup.minecraft.sticky_piston":7,"stat.mineBlock.ironchest.iron_chest":2,"stat.useItem.minecraft.stone_slab2":204,"stat.pickup.minecraft.bow":1,"stat.pickup.minecraft.iron_boots":4,"stat.craftItem.minecraft.dark_oak_door":3,"stat.craftItem.minecraft.furnace":8,"stat.useItem.minecraft.egg":14,"stat.mineBlock.twilightforest.spiral_bricks":3,"stat.craftItem.minecraft.cooked_beef":16,"stat.mineBlock.minecraft.obsidian":4,"stat.pickup.minecraft.shears":2,"stat.flyOneCm":3602120,"stat.timeSinceDeath":190809,"stat.useItem.minecraft.wooden_slab":2,"stat.craftItem.minecraft.iron_block":11,"stat.mineBlock.botania.livingwood":28,"stat.killEntity.Bat":2,"stat.craftItem.minecraft.stonebrick":160,"stat.pickup.travelersbackpack.travelers_backpack":10,"stat.useItem.minecraft.potato":118,"stat.pickup.buildcraftcore.engine":6,"stat.pickup.minecraft.nether_wart":40,"stat.mineBlock.minecraft.enchanting_table":2,"stat.mineBlock.minecraft.coal_ore":457,"stat.killEntity.Creeper":13,"stat.pickup.minecraft.shield":2,"stat.pickup.botania.manaresource":1,"stat.pickup.minecraft.string":12,"stat.drop.botania.livingwood":2,"stat.entityKilledBy.Skeleton":3,"stat.craftItem.tconstruct.tooltables":1,"stat.sprintOneCm":1680596,"stat.drop.minecraft.leather":9,"stat.drop.minecraft.dark_oak_door":1,"stat.craftItem.minecraft.wooden_axe":1,"stat.pickup.ic2.resource":237,"stat.mineBlock.minecraft.diamond_ore":24,"stat.pickup.minecraft.iron_block":12,"stat.killEntity.Zombie":41,"stat.craftItem.minecraft.dye":186,"stat.mineBlock.minecraft.gold_ore":20,"stat.diveOneCm":35139,"stat.drop.minecraft.diamond_pickaxe":5,"stat.craftItem.minecraft.slime_ball":20,"stat.pickup.minecraft.wheat":148,"stat.pickup.tconstruct.tooltables":3,"stat.mineBlock.tconstruct.slime_leaves":4,"stat.craftItem.botania.altar":1,"stat.pickup.minecraft.obsidian":4,"stat.mineBlock.botania.spreader":2,"stat.craftItem.minecraft.diamond_sword":1,"stat.jump":13031,"stat.pickup.minecraft.coal":773,"stat.pickup.minecraft.iron_ingot":73,"stat.craftItem.minecraft.lever":3,"stat.pickup.minecraft.gunpowder":33,"stat.craftItem.minecraft.torch":136,"stat.pickup.minecraft.dirt":1150,"stat.pickup.thebetweenlands.druid_stone_3":1,"stat.drop.ic2.misc_resource":1,"stat.pickup.minecraft.gold_ore":20,"stat.useItem.minecraft.sapling":35,"stat.mineBlock.minecraft.lapis_ore":13,"stat.pickup.minecraft.iron_axe":3,"stat.damageTaken":5956,"stat.pickup.botania.doubleflower2":12,"stat.useItem.buildcraftcore.marker_volume":3,"stat.mineBlock.minecraft.torch":37,"stat.craftItem.buildcraftcore.engine":4,"stat.mineBlock.minecraft.red_flower":19,"stat.killEntity.tconstruct.blueslime":9,"stat.pickup.botania.doubleflower1":19,"stat.mineBlock.minecraft.sapling":8,"stat.pickup.minecraft.log2":532,"stat.pickup.minecraft.bed":9,"stat.craftItem.buildcraftcore.gear_wood":15,"stat.killEntity.hippogryph":1,"stat.pickup.minecraft.quartz_block":105,"stat.useItem.chisel.glass":19,"stat.pickup.botania.spreader":2,"stat.pickup.minecraft.potato":290,"stat.useItem.forge.bucketfilled":1,"stat.pickup.botania.altar":3,"stat.drop.botania.petal":18,"stat.craftItem.minecraft.stone_slab":6,"stat.useItem.minecraft.chest":2,"stat.pickup.minecraft.diamond_pickaxe":16,"stat.useItem.minecraft.lava_bucket":7,"stat.pickup.minecraft.ender_pearl":6,"stat.pickup.minecraft.cooked_beef":30,"stat.useItem.minecraft.netherrack":97,"stat.craftItem.minecraft.bookshelf":27,"stat.mineBlock.minecraft.stonebrick":73,"stat.useItem.chisel.planks-birch":207,"stat.pickup.minecraft.dark_oak_stairs":78,"stat.mobKills":161,"stat.mineBlock.minecraft.bookshelf":34,"stat.craftItem.minecraft.shears":1,"stat.craftItem.botania.spreader":2,"stat.pickup.minecraft.diamond":41,"stat.pickup.minecraft.beetroot_seeds":50,"stat.pickup.minecraft.torch":171,"stat.pickup.astralsorcery.blockmarble":6,"stat.drop.minecraft.stone_axe":1,"stat.pickup.botania.livingrock":8,"stat.pickup.tconstruct.book":1,"stat.craftItem.buildcraftcore.marker_volume":4,"stat.useItem.minecraft.bookshelf":20,"stat.craftItem.minecraft.iron_axe":3,"stat.useItem.minecraft.soul_sand":11,"stat.useItem.minecraft.mutton":1,"stat.useItem.minecraft.planks":71,"stat.pickup.minecraft.golden_boots":1,"stat.pickup.minecraft.glowstone_dust":2,"stat.pickup.minecraft.porkchop":6,"stat.pickup.minecraft.glass":193,"stat.pickup.iceandfire.stymphalian_bird_feather":9,"stat.useItem.minecraft.water_bucket":7,"stat.drop.travelersbackpack.travelers_backpack":1,"stat.pickup.minecraft.sand":2,"stat.craftItem.buildcraftcore.gear_diamond":2,"stat.pickup.chisel.cobblestone1":70,"stat.pickup.chisel.cobblestone2":61,"stat.mineBlock.minecraft.sand":2,"stat.pickup.iceandfire.ash":1,"stat.drop.astralsorcery.itemjournal":1,"stat.pickup.astralsorcery.itemjournal":2,"stat.pickup.minecraft.ghast_tear":3,"stat.mineBlock.minecraft.dark_oak_stairs":70,"stat.useItem.minecraft.dark_oak_stairs":75,"stat.useItem.minecraft.cooked_mutton":29,"stat.pickup.minecraft.furnace":3,"stat.pickup.minecraft.iron_chestplate":1,"stat.mineBlock.iceandfire.ash":1,"stat.pickup.ic2.bronze_helmet":1,"stat.killEntity.Horse":7,"stat.craftItem.ironchest.iron_chest":3,"stat.mineBlock.minecraft.soul_sand":1,"stat.pickup.ironchest.iron_chest":2,"stat.playOneMinute":567883,"stat.pickup.minecraft.netherrack":261,"stat.pickup.minecraft.pumpkin":33,"stat.mineBlock.minecraft.netherrack":189,"stat.craftItem.minecraft.dark_oak_stairs":32,"stat.craftItem.buildcraftcore.gear_gold":4,"stat.craftItem.minecraft.iron_hoe":1,"stat.fallOneCm":167167,"stat.drop.minecraft.stone":8,"stat.craftItem.ic2.treetap":1,"stat.craftItem.minecraft.chest":9,"stat.pickup.minecraft.golden_leggings":5,"stat.mineBlock.botania.livingrock":8,"stat.useItem.minecraft.iron_hoe":96,"stat.mineBlock.ic2.resource":195,"stat.pickup.minecraft.feather":4,"stat.useItem.minecraft.furnace":1,"stat.pickup.minecraft.iron_leggings":4,"stat.pickup.botania.twigwand":2,"stat.mineBlock.minecraft.gravel":4,"stat.useItem.minecraft.stone_pickaxe":95,"stat.craftItem.buildcraftcore.gear_stone":15,"stat.pickup.botania.specialflower":3,"stat.drop.minecraft.stick":2,"stat.useItem.minecraft.torch":161,"stat.drop.botania.flower":25,"stat.craftItem.minecraft.redstone_block":10,"stat.pickup.minecraft.crafting_table":11,"stat.craftItem.minecraft.crafting_table":6,"stat.pickup.minecraft.iron_hoe":5,"stat.pickup.minecraft.redstone_block":12,"stat.pickup.minecraft.log":118,"stat.craftItem.galacticraftcore.basic_block_core":8,"stat.mineBlock.galacticraftcore.basic_block_core":214,"stat.pickup.minecraft.tallgrass":2,"stat.pickup.twilightforest.spiral_bricks":3,"stat.pickup.minecraft.sapling":97,"stat.mineBlock.chisel.glass":1,"stat.entityKilledBy.Enderman":2,"stat.mineBlock.tconstruct.slime_grass":1,"stat.craftItem.minecraft.cooked_chicken":4,"stat.pickup.iceandfire.pixie_house":4,"stat.pickup.tconstruct.slime_boots":1,"stat.sneakTime":54397,"stat.craftItem.botania.twigwand":1,"stat.pickup.minecraft.stone_slab":8,"stat.pickup.minecraft.yellow_flower":17,"stat.pickup.minecraft.chest":5,"stat.craftItem.minecraft.enchanting_table":1,"stat.pickup.minecraft.bone":40,"stat.useItem.minecraft.log2":179,"stat.craftItem.botania.petal":92,"stat.mineBlock.minecraft.brown_mushroom":1,"stat.useItem.minecraft.diamond_sword":58,"stat.swimOneCm":66186,"stat.climbOneCm":4256,"stat.pickup.chisel.marble":1,"stat.useItem.minecraft.dirt":125,"stat.useItem.botania.fertilizer":5,"stat.pickup.minecraft.enchanting_table":2,"stat.pickup.minecraft.anvil":2,"stat.drop.minecraft.ender_pearl":1,"stat.craftItem.minecraft.stone_pickaxe":1,"stat.pickup.minecraft.cobblestone":2217,"stat.mineBlock.buildcraftcore.engine":2,"stat.mineBlock.minecraft.redstone_block":4,"stat.mineBlock.chisel.limestone2":8,"stat.pickup.minecraft.soul_sand":41,"stat.craftItem.ic2.ingot":143,"stat.drop.minecraft.wheat_seeds":14,"stat.useItem.minecraft.cooked_beef":5,"stat.craftItem.minecraft.wooden_slab":6,"stat.pickup.minecraft.redstone":513,"stat.mineBlock.minecraft.iron_ore":191,"stat.craftItem.minecraft.book":26,"stat.pickup.minecraft.mutton":31,"stat.drop.minecraft.coal":4,"stat.useItem.minecraft.lever":1,"stat.pickup.minecraft.dark_oak_door":9,"stat.pickup.minecraft.stonebrick":102,"stat.pickup.galacticraftcore.basic_block_core":245,"stat.drop.minecraft.dirt":1,"stat.pickup.minecraft.iron_shovel":4,"stat.useItem.minecraft.cooked_porkchop":8,"stat.craftItem.tconstruct.slime_boots":3,"stat.craftItem.minecraft.stone_slab2":0,"stat.pickup.botania.petal":89,"stat.pickup.chisel.glass":90,"stat.craftItem.botania.manaresource":3,"stat.pickup.chisel.planks-dark-oak":34,"stat.craftItem.minecraft.stick":176,"stat.craftItem.minecraft.stone":242,"stat.pickup.minecraft.grass":2,"stat.mineBlock.minecraft.crafting_table":9,"stat.useItem.minecraft.diamond_pickaxe":2206,"stat.mineBlock.minecraft.quartz_block":106,"stat.useItem.minecraft.carrot":168,"stat.pickup.minecraft.golden_horse_armor":2,"stat.pickup.botania.flower":172,"stat.mineBlock.minecraft.planks":38,"stat.drop":162,"stat.killEntity.Sheep":24,"stat.useItem.chisel.planks-dark-oak":32,"stat.craftItem.minecraft.diamond_pickaxe":5,"stat.drop.minecraft.bread":4,"stat.drop.minecraft.nether_wart":10,"stat.craftItem.minecraft.piston":4,"stat.mineBlock.botania.doubleflower2":16,"stat.mineBlock.botania.doubleflower1":17,"stat.pickup.minecraft.gravel":1,"stat.mineBlock.minecraft.anvil":2,"stat.useItem.minecraft.apple":7,"stat.craftItem.ic2.forge_hammer":1,"stat.pickup.minecraft.iron_helmet":1,"stat.useItem.minecraft.stone_axe":25,"stat.craftItem.minecraft.bread":47,"stat.drop.minecraft.bed":3,"stat.useItem.minecraft.cooked_chicken":4,"stat.pickup.minecraft.iron_ore":235,"stat.pickup.tconstruct.slime_congealed":34,"stat.pickup.chisel.planks-birch":40,"stat.mineBlock.tconstruct.tooltables":3,"stat.pickup.minecraft.leaves":58,"stat.mineBlock.minecraft.leaves2":7,"stat.pickup.minecraft.leather":38,"stat.mineBlock.iceandfire.pixie_house":4,"stat.mineBlock.minecraft.furnace":3,"stat.useItem.minecraft.wooden_pickaxe":6,"stat.pickup.minecraft.reeds":448,"stat.damageDealt":24998,"stat.sleepInBed":38,"stat.craftItem.minecraft.anvil":1,"stat.killEntity.Cow":23,"stat.killEntity.Pig":2,"stat.craftItem.minecraft.iron_sword":2,"stat.useItem.buildcraftcore.engine":2,"stat.walkOneCm":1391441,"stat.pickup.minecraft.stick":48,"stat.useItem.botania.doubleflower1":1,"stat.mineBlock.thebetweenlands.druid_altar":1,"stat.mineBlock.botania.altar":2,"stat.pickup.galacticraftcore.basic_item":36,"stat.pickup.minecraft.stone":506,"stat.useItem.minecraft.leaves":10,"stat.pickup.ic2.forge_hammer":2,"stat.killEntity.Skeleton":16,"stat.killEntity.Chicken":6,"stat.killEntity.Spider":5,"stat.mineBlock.minecraft.quartz_ore":547,"stat.pickup.minecraft.bread":4,"stat.pickup.minecraft.quartz":601,"stat.pickup.minecraft.water_bucket":4,"stat.mineBlock.minecraft.leaves":95,"stat.useItem.chisel.cobblestone1":66,"stat.mineBlock.minecraft.redstone_ore":65,"stat.useItem.chisel.cobblestone2":24,"stat.pickup.minecraft.lava_bucket":2,"stat.craftItem.minecraft.coal_block":23,"stat.craftItem.galacticraftcore.basic_item":201,"stat.mineBlock.minecraft.stone":1107}