{"stat.walkOneCm":31988,"stat.pickup.minecraft.crafting_table":2,"stat.pickup.buildcraftlib.guide":2,"stat.craftItem.minecraft.crafting_table":1,"stat.pickup.minecraft.trapdoor":1,"stat.killEntity.ZombieVillager":1,"stat.killEntity.Creeper":1,"stat.pickup.minecraft.log":18,"stat.pickup.minecraft.string":1,"stat.jump":142,"stat.swimOneCm":126,"stat.fallOneCm":3615,"stat.useItem.minecraft.planks":1,"stat.craftItem.buildcraftlib.guide":1,"stat.crouchOneCm":20,"stat.pickup.minecraft.spider_eye":1,"stat.pickup.minecraft.sapling":2,"stat.pickup.minecraft.dirt":33,"stat.useItem.minecraft.dirt":24,"stat.useItem.minecraft.trapdoor":1,"stat.sprintOneCm":23866,"stat.useItem.minecraft.stone_slab2":4,"stat.pickup.minecraft.apple":1,"stat.craftItem.minecraft.stick":16,"stat.craftItem.minecraft.wooden_axe":1,"stat.craftingTableInteraction":7,"stat.pickup.minecraft.rotten_flesh":3,"stat.craftItem.minecraft.planks":72,"stat.craftItem.minecraft.stone_axe":1,"stat.pickup.minecraft.wooden_pickaxe":1,"stat.mineBlock.minecraft.crafting_table":2,"stat.damageTaken":85,"stat.killEntity.Spider":2,"stat.craftItem.minecraft.trapdoor":2,"stat.craftItem.minecraft.stone_pickaxe":1,"stat.useItem.minecraft.wooden_pickaxe":15,"stat.mobKills":6,"stat.pickup.minecraft.cobblestone":15,"stat.mineBlock.minecraft.log":18,"stat.pickup.minecraft.planks":1,"stat.pickup.minecraft.reeds":5,"stat.craftItem.minecraft.stone_sword":1,"stat.flyOneCm":18122,"stat.craftItem.buildcraftcore.gear_wood":1,"stat.drop":1,"stat.mineBlock.minecraft.leaves":4,"stat.craftItem.minecraft.paper":3,"stat.playOneMinute":11519,"stat.sneakTime":83,"stat.damageDealt":979,"stat.killEntity.Zombie":2,"stat.timeSinceDeath":11519,"stat.drop.buildcraftlib.guide":1,"stat.useItem.minecraft.wooden_axe":42,"stat.mineBlock.minecraft.dirt":10,"stat.craftItem.minecraft.wooden_pickaxe":1,"stat.mineBlock.minecraft.stone":15,"stat.mineBlock.minecraft.tallgrass":1}