{"stat.craftItem.buildcraftcore.marker_volume":4,"stat.mineBlock.iceandfire.chared_grass":1,"stat.leaveGame":13,"stat.useItem.minecraft.bookshelf":10,"stat.craftItem.minecraft.iron_axe":1,"stat.useItem.minecraft.soul_sand":11,"stat.useItem.minecraft.mutton":1,"stat.useItem.minecraft.planks":8,"stat.craftItem.minecraft.shield":2,"stat.pickup.minecraft.golden_boots":1,"stat.pickup.minecraft.glowstone_dust":2,"stat.pickup.minecraft.porkchop":6,"stat.pickup.minecraft.glass":1,"stat.mineBlock.thebetweenlands.druid_stone_3":1,"stat.pickup.iceandfire.stymphalian_bird_feather":3,"stat.mineBlock.astralsorcery.blockcustomflower":2,"stat.drop.minecraft.iron_sword":1,"stat.useItem.minecraft.water_bucket":3,"stat.drop.travelersbackpack.travelers_backpack":1,"stat.pickup.minecraft.rotten_flesh":24,"stat.pickup.minecraft.sand":2,"stat.craftItem.minecraft.stone_axe":1,"stat.killEntity.thebetweenlands.dark_druid":1,"stat.pickup.minecraft.bucket":2,"stat.useItem.botania.flower":1,"stat.killEntity.Enderman":2,"stat.craftItem.buildcraftcore.gear_diamond":2,"stat.pickup.chisel.cobblestone1":1,"stat.craftItem.minecraft.iron_shovel":1,"stat.pickup.minecraft.brown_mushroom":1,"stat.mineBlock.minecraft.sand":2,"stat.pickup.iceandfire.ash":1,"stat.pickup.chisel.chisel_iron":1,"stat.useItem.minecraft.iron_pickaxe":1194,"stat.craftItem.minecraft.wooden_pickaxe":1,"stat.useItem.minecraft.iron_shovel":188,"stat.drop.minecraft.cooked_mutton":1,"stat.pickup.minecraft.ghast_tear":1,"stat.craftItem.minecraft.bed":5,"stat.mineBlock.chisel.marble2":5,"stat.mineBlock.minecraft.vine":1,"stat.mineBlock.minecraft.sticky_piston":7,"stat.furnaceInteraction":207,"stat.useItem.minecraft.nether_wart":10,"stat.mineBlock.botania.flower":63,"stat.craftItem.ic2.te":1,"stat.killEntity.ZombieVillager":3,"stat.pickup.minecraft.beef":44,"stat.useItem.minecraft.cooked_mutton":29,"stat.pickup.minecraft.furnace":3,"stat.mineBlock.chisel.planks-dark-oak":9,"stat.mineBlock.iceandfire.ash":1,"stat.useItem.minecraft.dark_oak_door":7,"stat.pickup.ic2.bronze_helmet":1,"stat.killEntity.Horse":7,"stat.useItem.minecraft.wheat_seeds":207,"stat.pickup.ic2.misc_resource":25,"stat.mineBlock.astralsorcery.blockmarble":2,"stat.craftItem.ironchest.iron_chest":3,"stat.useItem.minecraft.dye":41,"stat.mineBlock.minecraft.soul_sand":1,"stat.deaths":2,"stat.useItem.ic2.treetap":2,"stat.pickup.minecraft.egg":15,"stat.playOneMinute":374879,"stat.craftItem.minecraft.iron_pickaxe":6,"stat.pickup.chisel.marble2":5,"stat.craftItem.minecraft.cooked_mutton":30,"stat.mineBlock.minecraft.tallgrass":183,"stat.pickup.minecraft.netherrack":176,"stat.chestOpened":152,"stat.pickup.minecraft.pumpkin":11,"stat.useItem.minecraft.stone":7,"stat.mineBlock.minecraft.netherrack":189,"stat.pickup.minecraft.arrow":23,"stat.pickup.minecraft.iron_sword":3,"stat.killEntity.Ghast":1,"stat.craftItem.minecraft.coal":279,"stat.craftItem.buildcraftcore.gear_gold":4,"stat.craftItem.minecraft.iron_hoe":1,"stat.fallOneCm":151033,"stat.craftItem.buildcraftbuilders.quarry":1,"stat.craftItem.ic2.treetap":1,"stat.pickup.minecraft.carrot":201,"stat.crouchOneCm":122577,"stat.craftItem.minecraft.iron_ingot":146,"stat.craftItem.minecraft.chest":5,"stat.pickup.minecraft.golden_leggings":1,"stat.useItem.minecraft.iron_hoe":96,"stat.craftingTableInteraction":128,"stat.mineBlock.ic2.resource":195,"stat.pickup.minecraft.repeater":4,"stat.useItem.chisel.marble2":1,"stat.mineBlock.minecraft.log2":150,"stat.pickup.minecraft.feather":3,"stat.useItem.minecraft.furnace":1,"stat.useItem.minecraft.reeds":28,"stat.craftItem.buildcraftcore.gear_iron":11,"stat.pickup.minecraft.dye":108,"stat.pickup.minecraft.planks":82,"stat.pickup.minecraft.iron_leggings":1,"stat.pickup.chisel.limestone2":2,"stat.pickup.minecraft.wheat_seeds":299,"stat.mineBlock.minecraft.gravel":4,"stat.useItem.minecraft.stone_pickaxe":95,"stat.craftItem.buildcraftcore.gear_stone":11,"stat.mineBlock.minecraft.dirt":258,"stat.useItem.minecraft.bread":45,"stat.useItem.minecraft.torch":138,"stat.drop.botania.flower":1,"stat.craftItem.minecraft.redstone_block":10,"stat.drop.minecraft.rotten_flesh":1,"stat.pickup.minecraft.crafting_table":9,"stat.useItem.minecraft.cobblestone":181,"stat.craftItem.minecraft.crafting_table":5,"stat.mineBlock.minecraft.double_plant":4,"stat.pickup.minecraft.iron_hoe":1,"stat.pickup.minecraft.redstone_block":12,"stat.pickup.minecraft.log":62,"stat.craftItem.galacticraftcore.basic_block_core":8,"stat.useItem.twilightforest.spiral_bricks":3,"stat.mineBlock.galacticraftcore.basic_block_core":214,"stat.pickup.minecraft.iron_pickaxe":4,"stat.pickup.minecraft.tallgrass":2,"stat.craftItem.minecraft.gold_ingot":14,"stat.pickup.minecraft.chicken":10,"stat.pickup.twilightforest.spiral_bricks":3,"stat.craftItem.chisel.chisel_iron":1,"stat.craftItem.ic2.plate":5,"stat.pickup.minecraft.sapling":35,"stat.entityKilledBy.Enderman":2,"stat.pickup.minecraft.apple":3,"stat.craftItem.minecraft.bucket":2,"stat.craftItem.minecraft.planks":296,"stat.useItem.minecraft.iron_sword":281,"stat.itemEnchanted":7,"stat.useItem.minecraft.stonebrick":19,"stat.pickup.minecraft.book":21,"stat.mineBlock.minecraft.log":63,"stat.craftItem.minecraft.cooked_chicken":4,"stat.pickup.iceandfire.pixie_house":4,"stat.craftItem.minecraft.paper":87,"stat.pickup.tconstruct.slime_boots":1,"stat.sneakTime":36368,"stat.pickup.minecraft.wool":23,"stat.useItem.minecraft.wooden_axe":36,"stat.pickup.minecraft.chest":1,"stat.craftItem.minecraft.enchanting_table":1,"stat.pickup.ic2.ingot":2,"stat.pickup.minecraft.bone":38,"stat.useItem.minecraft.iron_axe":249,"stat.mineBlock.minecraft.cobblestone":21,"stat.mineBlock.minecraft.pumpkin":11,"stat.useItem.minecraft.log2":40,"stat.craftItem.tconstruct.edible":4,"stat.pickup.minecraft.stone_pickaxe":1,"stat.mineBlock.minecraft.yellow_flower":1,"stat.pickup.minecraft.leather_chestplate":1,"stat.mineBlock.minecraft.brown_mushroom":1,"stat.swimOneCm":49338,"stat.climbOneCm":3272,"stat.mineBlock.chisel.cobblestone1":1,"stat.pickup.minecraft.cooked_porkchop":26,"stat.pickup.minecraft.sticky_piston":7,"stat.useItem.minecraft.dirt":56,"stat.useItem.minecraft.stone_slab2":92,"stat.pickup.minecraft.iron_boots":2,"stat.craftItem.minecraft.dark_oak_door":3,"stat.craftItem.minecraft.furnace":8,"stat.useItem.minecraft.egg":13,"stat.pickup.minecraft.anvil":1,"stat.craftItem.minecraft.stone_pickaxe":1,"stat.mineBlock.twilightforest.spiral_bricks":3,"stat.craftItem.minecraft.cooked_beef":16,"stat.mineBlock.minecraft.obsidian":4,"stat.pickup.minecraft.cobblestone":1509,"stat.mineBlock.minecraft.redstone_block":4,"stat.flyOneCm":2503481,"stat.pickup.minecraft.soul_sand":21,"stat.craftItem.ic2.ingot":143,"stat.drop.minecraft.wheat_seeds":1,"stat.useItem.minecraft.cooked_beef":1,"stat.pickup.minecraft.redstone":455,"stat.mineBlock.minecraft.iron_ore":191,"stat.craftItem.minecraft.book":26,"stat.timeSinceDeath":214706,"stat.pickup.minecraft.mutton":31,"stat.craftItem.minecraft.iron_block":11,"stat.killEntity.Bat":2,"stat.craftItem.minecraft.stonebrick":16,"stat.pickup.travelersbackpack.travelers_backpack":9,"stat.useItem.minecraft.potato":116,"stat.pickup.minecraft.dark_oak_door":5,"stat.pickup.minecraft.nether_wart":20,"stat.pickup.minecraft.stonebrick":40,"stat.pickup.galacticraftcore.basic_block_core":245,"stat.pickup.minecraft.iron_shovel":3,"stat.useItem.minecraft.cooked_porkchop":8,"stat.mineBlock.minecraft.coal_ore":457,"stat.killEntity.Creeper":6,"stat.pickup.minecraft.shield":2,"stat.pickup.minecraft.string":3,"stat.craftItem.tconstruct.slime_boots":1,"stat.craftItem.minecraft.stone_slab2":0,"stat.pickup.chisel.planks-dark-oak":9,"stat.craftItem.tconstruct.tooltables":1,"stat.sprintOneCm":1181242,"stat.craftItem.minecraft.stick":144,"stat.craftItem.minecraft.wooden_axe":1,"stat.pickup.ic2.resource":225,"stat.craftItem.minecraft.stone":63,"stat.mineBlock.minecraft.diamond_ore":24,"stat.mineBlock.minecraft.crafting_table":9,"stat.useItem.minecraft.diamond_pickaxe":1740,"stat.useItem.minecraft.carrot":95,"stat.pickup.botania.flower":78,"stat.drop":18,"stat.killEntity.Sheep":24,"stat.useItem.chisel.planks-dark-oak":32,"stat.craftItem.minecraft.diamond_pickaxe":5,"stat.killEntity.Zombie":22,"stat.craftItem.minecraft.dye":54,"stat.drop.minecraft.bread":4,"stat.mineBlock.minecraft.gold_ore":20,"stat.diveOneCm":31021,"stat.drop.minecraft.diamond_pickaxe":3,"stat.pickup.minecraft.wheat":143,"stat.pickup.tconstruct.tooltables":3,"stat.craftItem.minecraft.piston":1,"stat.mineBlock.botania.doubleflower2":2,"stat.mineBlock.botania.doubleflower1":1,"stat.pickup.minecraft.gravel":1,"stat.mineBlock.minecraft.anvil":1,"stat.useItem.minecraft.apple":7,"stat.pickup.minecraft.obsidian":4,"stat.jump":9507,"stat.craftItem.ic2.forge_hammer":1,"stat.pickup.minecraft.coal":767,"stat.pickup.minecraft.iron_helmet":1,"stat.pickup.minecraft.iron_ingot":73,"stat.useItem.minecraft.stone_axe":25,"stat.pickup.minecraft.gunpowder":13,"stat.craftItem.minecraft.bread":47,"stat.craftItem.minecraft.torch":136,"stat.pickup.minecraft.dirt":474,"stat.pickup.thebetweenlands.druid_stone_3":1,"stat.drop.minecraft.bed":3,"stat.drop.ic2.misc_resource":1,"stat.useItem.minecraft.cooked_chicken":4,"stat.pickup.minecraft.iron_ore":235,"stat.pickup.minecraft.gold_ore":20,"stat.useItem.minecraft.sapling":10,"stat.mineBlock.minecraft.lapis_ore":13,"stat.mineBlock.tconstruct.tooltables":3,"stat.pickup.minecraft.iron_axe":2,"stat.mineBlock.minecraft.leaves2":4,"stat.damageTaken":3768,"stat.pickup.minecraft.leather":27,"stat.mineBlock.iceandfire.pixie_house":4,"stat.useItem.buildcraftcore.marker_volume":3,"stat.mineBlock.minecraft.furnace":3,"stat.mineBlock.minecraft.torch":32,"stat.craftItem.buildcraftcore.engine":1,"stat.useItem.minecraft.wooden_pickaxe":6,"stat.mineBlock.minecraft.sapling":7,"stat.pickup.minecraft.log2":372,"stat.pickup.minecraft.reeds":177,"stat.pickup.minecraft.bed":9,"stat.craftItem.buildcraftcore.gear_wood":11,"stat.pickup.minecraft.potato":233,"stat.damageDealt":17079,"stat.sleepInBed":29,"stat.craftItem.minecraft.anvil":1,"stat.killEntity.Cow":23,"stat.killEntity.Pig":2,"stat.craftItem.minecraft.iron_sword":2,"stat.walkOneCm":883156,"stat.useItem.minecraft.chest":1,"stat.pickup.minecraft.stick":30,"stat.pickup.minecraft.diamond_pickaxe":6,"stat.useItem.minecraft.lava_bucket":5,"stat.mineBlock.thebetweenlands.druid_altar":1,"stat.pickup.galacticraftcore.basic_item":18,"stat.pickup.minecraft.stone":178,"stat.pickup.minecraft.ender_pearl":4,"stat.pickup.ic2.forge_hammer":1,"stat.useItem.minecraft.netherrack":8,"stat.killEntity.Skeleton":13,"stat.craftItem.minecraft.bookshelf":15,"stat.mineBlock.minecraft.stonebrick":36,"stat.killEntity.Chicken":6,"stat.killEntity.Spider":4,"stat.mineBlock.minecraft.quartz_ore":547,"stat.mobKills":118,"stat.mineBlock.minecraft.bookshelf":7,"stat.pickup.minecraft.quartz":601,"stat.pickup.minecraft.diamond":41,"stat.mineBlock.minecraft.leaves":46,"stat.pickup.minecraft.torch":42,"stat.mineBlock.minecraft.redstone_ore":65,"stat.pickup.astralsorcery.blockmarble":4,"stat.craftItem.minecraft.coal_block":23,"stat.drop.minecraft.stone_axe":1,"stat.craftItem.galacticraftcore.basic_item":201,"stat.mineBlock.minecraft.stone":978}