{"stat.pickup.iceandfire.fire_dragon_flesh":4,"stat.leaveGame":13,"stat.mineBlock.ic2.sapling":3,"stat.craftItem.minecraft.shield":1,"stat.mineBlock.astralsorcery.blockcustomflower":6,"stat.pickup.minecraft.rotten_flesh":36,"stat.craftItem.minecraft.stone_axe":1,"stat.pickup.minecraft.bucket":1,"stat.useItem.botania.flower":1,"stat.craftItem.minecraft.iron_shovel":2,"stat.pickup.minecraft.brown_mushroom":10,"stat.killEntity.Witch":2,"stat.killEntity.Villager":1,"stat.useItem.minecraft.iron_pickaxe":1596,"stat.craftItem.minecraft.wooden_pickaxe":2,"stat.useItem.minecraft.iron_shovel":403,"stat.craftItem.minecraft.bed":1,"stat.mineBlock.chisel.marble2":1,"stat.furnaceInteraction":143,"stat.mineBlock.botania.flower":28,"stat.craftItem.ic2.te":5,"stat.killEntity.ZombieVillager":1,"stat.pickup.botania.livingwood":16,"stat.pickup.minecraft.beef":14,"stat.useItem.minecraft.trapdoor":1,"stat.craftItem.botania.pool":1,"stat.useItem.minecraft.wheat_seeds":224,"stat.mineBlock.astralsorcery.blockmarble":1,"stat.pickup.ic2.misc_resource":44,"stat.mineBlock.ic2.leaves":71,"stat.useItem.minecraft.dye":24,"stat.deaths":8,"stat.useItem.ic2.treetap":16,"stat.craftItem.minecraft.iron_pickaxe":10,"stat.drop.botania.pool":1,"stat.drop.minecraft.iron_ingot":4,"stat.pickup.chisel.marble2":4,"stat.mineBlock.minecraft.tallgrass":84,"stat.chestOpened":234,"stat.useItem.ic2.cable":4,"stat.pickup.botania.mushroom":28,"stat.useItem.minecraft.stone":17,"stat.pickup.minecraft.arrow":16,"stat.pickup.minecraft.iron_sword":1,"stat.mineBlock.chisel.dirt":1,"stat.mineBlock.botania.mushroom":13,"stat.craftItem.buildcraftfactory.mining_well":1,"stat.craftItem.buildcraftbuilders.quarry":1,"stat.pickup.chisel.basalt2":2,"stat.pickup.minecraft.carrot":288,"stat.drop.minecraft.stone_sword":2,"stat.crouchOneCm":6659,"stat.craftItem.ic2.cable":31,"stat.mineBlock.minecraft.chest":1,"stat.craftItem.minecraft.iron_ingot":168,"stat.craftingTableInteraction":163,"stat.pickup.iceandfire.silver_ore":19,"stat.pickup.minecraft.wooden_pickaxe":4,"stat.mineBlock.minecraft.log2":5,"stat.useItem.minecraft.reeds":13,"stat.craftItem.buildcraftcore.gear_iron":9,"stat.pickup.minecraft.dye":218,"stat.pickup.minecraft.planks":442,"stat.pickup.chisel.limestone2":5,"stat.pickup.minecraft.wheat_seeds":389,"stat.pickup.chisel.cobblestone":15,"stat.mineBlock.minecraft.dirt":277,"stat.pickup.minecraft.poisonous_potato":1,"stat.drop.minecraft.paper":3,"stat.useItem.minecraft.bread":6,"stat.mineBlock.iceandfire.silver_ore":19,"stat.drop.minecraft.rotten_flesh":15,"stat.useItem.minecraft.cobblestone":86,"stat.mineBlock.minecraft.double_plant":1,"stat.pickup.minecraft.iron_pickaxe":5,"stat.drop.minecraft.carrot":4,"stat.craftItem.minecraft.gold_ingot":21,"stat.pickup.minecraft.chicken":4,"stat.craftItem.ic2.plate":44,"stat.pickup.minecraft.apple":2,"stat.craftItem.minecraft.bucket":5,"stat.craftItem.minecraft.planks":224,"stat.useItem.minecraft.iron_sword":3,"stat.pickup.minecraft.stone_sword":7,"stat.mineBlock.minecraft.log":99,"stat.pickup.iceandfire.dragonbone":13,"stat.craftItem.ic2.re_battery":1,"stat.craftItem.minecraft.paper":9,"stat.pickup.minecraft.red_flower":1,"stat.drop.botania.twigwand":1,"stat.pickup.minecraft.wool":9,"stat.useItem.minecraft.wooden_axe":42,"stat.useItem.minecraft.iron_axe":401,"stat.mineBlock.minecraft.cobblestone":15,"stat.pickup.minecraft.stone_pickaxe":3,"stat.mineBlock.minecraft.yellow_flower":1,"stat.entityKilledBy.Witch":1,"stat.useItem.minecraft.stone_slab2":144,"stat.pickup.minecraft.bow":7,"stat.pickup.forge.bucketfilled":1,"stat.pickup.minecraft.iron_boots":2,"stat.mineBlock.chisel.cobblestone":9,"stat.craftItem.minecraft.furnace":6,"stat.craftItem.minecraft.lapis_block":15,"stat.craftItem.minecraft.iron_boots":2,"stat.craftItem.minecraft.cooked_beef":10,"stat.pickup.minecraft.shears":2,"stat.flyOneCm":1662524,"stat.timeSinceDeath":58929,"stat.drop.minecraft.spider_eye":1,"stat.mineBlock.botania.livingwood":16,"stat.useItem.minecraft.potato":59,"stat.pickup.buildcraftcore.engine":7,"stat.mineBlock.minecraft.coal_ore":171,"stat.killEntity.Creeper":9,"stat.pickup.minecraft.shield":1,"stat.talkedToVillager":1,"stat.pickup.botania.manaresource":1,"stat.pickup.minecraft.string":9,"stat.pickup.buildcraftfactory.pump":1,"stat.entityKilledBy.Skeleton":2,"stat.sprintOneCm":1062984,"stat.craftItem.minecraft.wooden_axe":1,"stat.pickup.ic2.resource":396,"stat.mineBlock.minecraft.diamond_ore":16,"stat.pickup.minecraft.sugar":2,"stat.killEntity.Zombie":15,"stat.craftItem.minecraft.dye":27,"stat.pickup.ic2.leaves":2,"stat.mineBlock.minecraft.gold_ore":50,"stat.diveOneCm":31448,"stat.craftItem.minecraft.slime_ball":4,"stat.pickup.minecraft.wheat":206,"stat.craftItem.ic2.cutter":1,"stat.pickup.iceandfire.dragonscales_bronze":32,"stat.craftItem.minecraft.cooked_porkchop":4,"stat.pickup.minecraft.stone_axe":2,"stat.craftItem.botania.altar":1,"stat.pickup.ic2.te":9,"stat.useItem.minecraft.rotten_flesh":3,"stat.jump":7488,"stat.useItem.minecraft.sand":6,"stat.pickup.minecraft.coal":544,"stat.pickup.minecraft.iron_ingot":31,"stat.craftItem.minecraft.lever":3,"stat.drop.minecraft.diamond_sword":2,"stat.pickup.minecraft.gunpowder":18,"stat.pickup.iceandfire.chared_stone":2,"stat.craftItem.minecraft.torch":252,"stat.pickup.ic2.crafting":1,"stat.pickup.minecraft.dirt":381,"stat.pickup.iceandfire.fire_dragon_heart":1,"stat.pickup.minecraft.gold_ore":49,"stat.useItem.minecraft.sapling":3,"stat.mineBlock.minecraft.lapis_ore":25,"stat.pickup.minecraft.iron_axe":2,"stat.damageTaken":4885,"stat.mineBlock.minecraft.torch":29,"stat.craftItem.buildcraftcore.engine":3,"stat.mineBlock.minecraft.red_flower":1,"stat.pickup.minecraft.log2":5,"stat.pickup.ic2.rubber_wood":307,"stat.craftItem.minecraft.glowstone":1,"stat.pickup.minecraft.bed":1,"stat.craftItem.buildcraftcore.gear_wood":17,"stat.killEntity.hippogryph":1,"stat.pickup.minecraft.potato":214,"stat.useItem.forge.bucketfilled":21,"stat.pickup.botania.altar":1,"stat.drop.botania.petal":4,"stat.craftItem.minecraft.stone_slab":6,"stat.pickup.minecraft.diamond_pickaxe":3,"stat.useItem.minecraft.lava_bucket":6,"stat.craftItem.minecraft.iron_chestplate":4,"stat.pickup.minecraft.cooked_beef":8,"stat.pickup.ic2.cable":5,"stat.mineBlock.minecraft.glowstone":1,"stat.mobKills":77,"stat.entityKilledBy.hippogryph":1,"stat.craftItem.minecraft.shears":1,"stat.craftItem.botania.spreader":1,"stat.pickup.minecraft.diamond":21,"stat.pickup.minecraft.torch":149,"stat.pickup.astralsorcery.blockmarble":6,"stat.mineBlock.astralsorcery.blockcustomsandore":1,"stat.killEntity.firedragon":1,"stat.drop.minecraft.shears":1,"stat.pickup.botania.livingrock":8,"stat.pickup.tconstruct.book":5,"stat.useItem.iceandfire.fire_dragon_flesh":2,"stat.craftItem.minecraft.iron_axe":2,"stat.drop.ic2.crafting":1,"stat.mineBlock.ic2.rubber_wood":210,"stat.pickup.minecraft.lapis_block":9,"stat.useItem.minecraft.planks":19,"stat.pickup.minecraft.glowstone_dust":28,"stat.pickup.minecraft.porkchop":41,"stat.pickup.minecraft.glass":6,"stat.useItem.minecraft.water_bucket":5,"stat.drop.minecraft.poisonous_potato":1,"stat.pickup.minecraft.sand":239,"stat.craftItem.buildcraftcore.gear_diamond":2,"stat.craftItem.minecraft.stone_sword":1,"stat.entityKilledBy.firedragon":2,"stat.mineBlock.minecraft.sand":239,"stat.pickup.iceandfire.ash":4,"stat.craftItem.iceandfire.dragon_stick":1,"stat.drop.buildcraftlib.guide":1,"stat.pickup.astralsorcery.itemjournal":3,"stat.pickup.iceandfire.dragon_skull":4,"stat.mineBlock.minecraft.lapis_block":1,"stat.pickup.minecraft.furnace":1,"stat.useItem.minecraft.redstone":4,"stat.craftItem.buildcraftlib.guide":2,"stat.pickup.minecraft.iron_chestplate":2,"stat.mineBlock.buildcraftfactory.pump":1,"stat.mineBlock.iceandfire.ash":4,"stat.useItem.ic2.sapling":17,"stat.playOneMinute":474748,"stat.pickup.chisel.dirt":1,"stat.mineBlock.botania.specialflower":1,"stat.craftItem.buildcraftcore.gear_gold":4,"stat.craftItem.minecraft.iron_nugget":9,"stat.fallOneCm":93424,"stat.craftItem.ic2.treetap":5,"stat.craftItem.minecraft.chest":5,"stat.mineBlock.botania.livingrock":8,"stat.mineBlock.ic2.resource":185,"stat.craftItem.tconstruct.materials":10,"stat.pickup.botania.twigwand":2,"stat.mineBlock.minecraft.gravel":1,"stat.useItem.ic2.rubber_wood":3,"stat.useItem.minecraft.stone_pickaxe":63,"stat.useItem.minecraft.stone_sword":118,"stat.craftItem.minecraft.iron_leggings":3,"stat.pickup.iceandfire.dragon_stick":1,"stat.craftItem.buildcraftcore.gear_stone":13,"stat.drop.iceandfire.dragon_stick":2,"stat.pickup.botania.specialflower":1,"stat.drop.minecraft.stick":4,"stat.useItem.minecraft.torch":287,"stat.drop.botania.flower":5,"stat.craftItem.minecraft.redstone_block":36,"stat.pickup.minecraft.crafting_table":17,"stat.useItem.minecraft.log":10,"stat.pickup.buildcraftlib.guide":8,"stat.craftItem.minecraft.crafting_table":4,"stat.pickup.minecraft.redstone_block":11,"stat.pickup.minecraft.log":120,"stat.craftItem.galacticraftcore.basic_block_core":1,"stat.mineBlock.galacticraftcore.basic_block_core":192,"stat.pickup.minecraft.sapling":23,"stat.drop.minecraft.bow":1,"stat.useItem.chisel.dirt":1,"stat.pickup.tconstruct.slime_boots":1,"stat.sneakTime":2653,"stat.pickup.ic2.sapling":34,"stat.drop.botania.mushroom":2,"stat.pickup.minecraft.yellow_flower":3,"stat.pickup.minecraft.chest":1,"stat.useItem.minecraft.lapis_block":1,"stat.pickup.minecraft.bone":23,"stat.pickup.minecraft.redstone_torch":3,"stat.craftItem.botania.petal":6,"stat.mineBlock.minecraft.brown_mushroom":6,"stat.useItem.minecraft.diamond_sword":35,"stat.swimOneCm":45107,"stat.useItem.minecraft.dirt":127,"stat.craftItem.minecraft.trapdoor":2,"stat.craftItem.minecraft.stone_pickaxe":1,"stat.pickup.minecraft.cobblestone":831,"stat.mineBlock.buildcraftcore.engine":7,"stat.mineBlock.minecraft.redstone_block":4,"stat.mineBlock.chisel.limestone2":4,"stat.useItem.chisel.cobblestone":5,"stat.craftItem.ic2.ingot":57,"stat.drop.minecraft.wheat_seeds":2,"stat.useItem.minecraft.cooked_beef":11,"stat.pickup.minecraft.redstone":431,"stat.mineBlock.minecraft.iron_ore":274,"stat.pickup.minecraft.mutton":14,"stat.useItem.iceandfire.ash":3,"stat.pickup.galacticraftcore.basic_block_core":217,"stat.drop.minecraft.dirt":1,"stat.useItem.minecraft.cooked_porkchop":4,"stat.pickup.minecraft.iron_shovel":2,"stat.pickup.minecraft.trapdoor":5,"stat.craftItem.ic2.casing":4,"stat.craftItem.tconstruct.slime_boots":1,"stat.craftItem.minecraft.stone_slab2":0,"stat.craftItem.minecraft.stick":200,"stat.craftItem.minecraft.stone":9,"stat.mineBlock.minecraft.crafting_table":15,"stat.useItem.minecraft.diamond_pickaxe":33,"stat.useItem.minecraft.carrot":162,"stat.drop.iceandfire.fire_dragon_flesh":1,"stat.pickup.botania.flower":47,"stat.entityKilledBy.Creeper":1,"stat.mineBlock.minecraft.planks":12,"stat.drop":62,"stat.craftItem.buildcraftfactory.tank":2,"stat.killEntity.Sheep":6,"stat.pickup.minecraft.slime_ball":2,"stat.craftItem.minecraft.diamond_pickaxe":2,"stat.craftItem.minecraft.piston":3,"stat.mineBlock.botania.doubleflower2":1,"stat.mineBlock.botania.doubleflower1":1,"stat.pickup.minecraft.gravel":2,"stat.drop.minecraft.cooked_beef":2,"stat.useItem.minecraft.apple":1,"stat.useItem.minecraft.porkchop":9,"stat.pickup.minecraft.diamond_sword":1,"stat.craftItem.ic2.forge_hammer":1,"stat.pickup.minecraft.iron_helmet":2,"stat.useItem.minecraft.stone_axe":50,"stat.craftItem.minecraft.bread":68,"stat.pickup.minecraft.spider_eye":4,"stat.craftItem.minecraft.iron_helmet":3,"stat.pickup.minecraft.iron_ore":283,"stat.pickup.tconstruct.slime_congealed":5,"stat.pickup.minecraft.leather":72,"stat.mineBlock.minecraft.furnace":3,"stat.useItem.minecraft.wooden_pickaxe":19,"stat.pickup.minecraft.reeds":75,"stat.damageDealt":14309,"stat.craftItem.minecraft.glass":73,"stat.sleepInBed":9,"stat.useItem.ic2.resource":1,"stat.killEntity.Cow":8,"stat.useItem.minecraft.crafting_table":1,"stat.killEntity.Pig":5,"stat.craftItem.minecraft.iron_sword":1,"stat.useItem.buildcraftcore.engine":1,"stat.craftItem.buildcraftfactory.pump":1,"stat.pickup.minecraft.piston":1,"stat.walkOneCm":921438,"stat.mineBlock.ic2.te":12,"stat.pickup.minecraft.stick":16,"stat.mineBlock.botania.altar":1,"stat.useItem.minecraft.redstone_block":4,"stat.pickup.galacticraftcore.basic_item":103,"stat.drop.minecraft.iron_chestplate":1,"stat.pickup.minecraft.stone":91,"stat.pickup.ic2.treetap":1,"stat.craftItem.minecraft.redstone":82,"stat.pickup.ic2.forge_hammer":2,"stat.pickup.minecraft.gold_ingot":8,"stat.killEntity.Skeleton":12,"stat.craftItem.ic2.crafting":18,"stat.killEntity.Chicken":4,"stat.mineBlock.minecraft.redstone_torch":2,"stat.killEntity.Spider":6,"stat.pickup.minecraft.bread":33,"stat.pickup.astralsorcery.itemcraftingcomponent":16,"stat.craftItem.ic2.resource":3,"stat.pickup.minecraft.water_bucket":4,"stat.pickup.botania.pool":1,"stat.mineBlock.minecraft.leaves":14,"stat.pickup.buildcraftcore.gear_stone":2,"stat.mineBlock.minecraft.redstone_ore":79,"stat.pickup.minecraft.lava_bucket":1,"stat.craftItem.galacticraftcore.basic_item":9,"stat.mineBlock.minecraft.stone":629}