{"stat.pickup.tconstruct.book":5,"stat.leaveGame":8,"stat.craftItem.minecraft.iron_axe":1,"stat.useItem.minecraft.planks":17,"stat.pickup.minecraft.glowstone_dust":28,"stat.pickup.minecraft.porkchop":41,"stat.pickup.minecraft.glass":6,"stat.mineBlock.astralsorcery.blockcustomflower":6,"stat.useItem.minecraft.water_bucket":3,"stat.pickup.minecraft.rotten_flesh":13,"stat.pickup.minecraft.sand":8,"stat.craftItem.minecraft.stone_axe":1,"stat.craftItem.buildcraftcore.gear_diamond":2,"stat.craftItem.minecraft.stone_sword":1,"stat.craftItem.minecraft.iron_shovel":1,"stat.entityKilledBy.firedragon":2,"stat.mineBlock.minecraft.sand":8,"stat.killEntity.Witch":2,"stat.killEntity.Villager":1,"stat.drop.buildcraftlib.guide":1,"stat.useItem.minecraft.iron_pickaxe":500,"stat.craftItem.minecraft.wooden_pickaxe":1,"stat.useItem.minecraft.iron_shovel":181,"stat.pickup.astralsorcery.itemjournal":3,"stat.craftItem.minecraft.bed":1,"stat.mineBlock.chisel.marble2":1,"stat.furnaceInteraction":66,"stat.killEntity.ZombieVillager":1,"stat.pickup.minecraft.beef":14,"stat.craftItem.buildcraftlib.guide":1,"stat.useItem.minecraft.trapdoor":1,"stat.pickup.minecraft.iron_chestplate":2,"stat.mineBlock.astralsorcery.blockmarble":1,"stat.deaths":7,"stat.playOneMinute":161986,"stat.craftItem.minecraft.iron_pickaxe":3,"stat.pickup.chisel.marble2":4,"stat.mineBlock.minecraft.tallgrass":51,"stat.chestOpened":65,"stat.pickup.botania.mushroom":4,"stat.useItem.minecraft.stone":2,"stat.pickup.minecraft.arrow":5,"stat.pickup.minecraft.iron_sword":1,"stat.mineBlock.botania.mushroom":1,"stat.craftItem.buildcraftfactory.mining_well":1,"stat.craftItem.buildcraftcore.gear_gold":4,"stat.fallOneCm":55815,"stat.craftItem.buildcraftbuilders.quarry":1,"stat.pickup.chisel.basalt2":2,"stat.drop.minecraft.stone_sword":2,"stat.crouchOneCm":3444,"stat.mineBlock.minecraft.chest":1,"stat.craftItem.minecraft.chest":3,"stat.craftItem.minecraft.iron_ingot":101,"stat.craftingTableInteraction":68,"stat.mineBlock.ic2.resource":95,"stat.pickup.minecraft.wooden_pickaxe":4,"stat.mineBlock.minecraft.log2":5,"stat.craftItem.buildcraftcore.gear_iron":8,"stat.pickup.minecraft.dye":127,"stat.pickup.minecraft.planks":378,"stat.pickup.minecraft.wheat_seeds":28,"stat.useItem.minecraft.stone_pickaxe":63,"stat.useItem.minecraft.stone_sword":118,"stat.craftItem.minecraft.iron_leggings":2,"stat.craftItem.buildcraftcore.gear_stone":12,"stat.mineBlock.minecraft.dirt":227,"stat.useItem.minecraft.torch":92,"stat.craftItem.minecraft.redstone_block":8,"stat.drop.minecraft.rotten_flesh":1,"stat.pickup.minecraft.crafting_table":9,"stat.pickup.buildcraftlib.guide":7,"stat.useItem.minecraft.cobblestone":17,"stat.craftItem.minecraft.crafting_table":3,"stat.pickup.minecraft.redstone_block":7,"stat.pickup.minecraft.log":68,"stat.craftItem.galacticraftcore.basic_block_core":1,"stat.mineBlock.galacticraftcore.basic_block_core":79,"stat.pickup.minecraft.iron_pickaxe":2,"stat.craftItem.minecraft.gold_ingot":21,"stat.pickup.minecraft.chicken":4,"stat.pickup.minecraft.sapling":20,"stat.pickup.minecraft.apple":2,"stat.craftItem.minecraft.bucket":1,"stat.craftItem.minecraft.planks":112,"stat.useItem.minecraft.iron_sword":3,"stat.pickup.minecraft.stone_sword":7,"stat.mineBlock.minecraft.log":49,"stat.craftItem.minecraft.paper":3,"stat.sneakTime":1274,"stat.pickup.minecraft.wool":9,"stat.useItem.minecraft.wooden_axe":42,"stat.pickup.minecraft.chest":1,"stat.pickup.minecraft.bone":14,"stat.useItem.minecraft.iron_axe":28,"stat.mineBlock.minecraft.cobblestone":1,"stat.pickup.minecraft.stone_pickaxe":3,"stat.entityKilledBy.Witch":1,"stat.useItem.minecraft.diamond_sword":35,"stat.swimOneCm":12358,"stat.useItem.minecraft.dirt":64,"stat.useItem.minecraft.stone_slab2":36,"stat.pickup.minecraft.bow":2,"stat.pickup.minecraft.iron_boots":2,"stat.craftItem.minecraft.furnace":2,"stat.craftItem.minecraft.lapis_block":7,"stat.craftItem.minecraft.iron_boots":2,"stat.craftItem.minecraft.trapdoor":2,"stat.craftItem.minecraft.stone_pickaxe":1,"stat.craftItem.minecraft.cooked_beef":9,"stat.pickup.minecraft.cobblestone":378,"stat.mineBlock.buildcraftcore.engine":1,"stat.mineBlock.chisel.limestone2":1,"stat.flyOneCm":327655,"stat.drop.minecraft.wheat_seeds":1,"stat.useItem.minecraft.cooked_beef":10,"stat.pickup.minecraft.redstone":140,"stat.mineBlock.minecraft.iron_ore":104,"stat.timeSinceDeath":3410,"stat.drop.minecraft.spider_eye":1,"stat.pickup.minecraft.mutton":14,"stat.pickup.buildcraftcore.engine":1,"stat.pickup.galacticraftcore.basic_block_core":124,"stat.useItem.minecraft.cooked_porkchop":4,"stat.pickup.minecraft.iron_shovel":1,"stat.pickup.minecraft.trapdoor":5,"stat.mineBlock.minecraft.coal_ore":73,"stat.killEntity.Creeper":4,"stat.talkedToVillager":1,"stat.pickup.minecraft.string":7,"stat.entityKilledBy.Skeleton":2,"stat.craftItem.minecraft.stone_slab2":0,"stat.sprintOneCm":310244,"stat.craftItem.minecraft.stick":116,"stat.craftItem.minecraft.wooden_axe":1,"stat.pickup.ic2.resource":303,"stat.mineBlock.minecraft.diamond_ore":16,"stat.mineBlock.minecraft.crafting_table":7,"stat.useItem.minecraft.diamond_pickaxe":33,"stat.pickup.minecraft.sugar":2,"stat.mineBlock.minecraft.planks":5,"stat.drop":8,"stat.killEntity.Sheep":6,"stat.craftItem.minecraft.diamond_pickaxe":2,"stat.killEntity.Zombie":7,"stat.mineBlock.minecraft.gold_ore":25,"stat.diveOneCm":28652,"stat.craftItem.minecraft.piston":2,"stat.pickup.minecraft.gravel":1,"stat.drop.minecraft.cooked_beef":2,"stat.craftItem.minecraft.cooked_porkchop":4,"stat.pickup.minecraft.stone_axe":2,"stat.useItem.minecraft.apple":1,"stat.useItem.minecraft.porkchop":9,"stat.useItem.minecraft.rotten_flesh":3,"stat.jump":2535,"stat.pickup.minecraft.coal":188,"stat.pickup.minecraft.iron_helmet":2,"stat.pickup.minecraft.iron_ingot":10,"stat.craftItem.minecraft.lever":2,"stat.useItem.minecraft.stone_axe":50,"stat.pickup.iceandfire.chared_stone":2,"stat.pickup.minecraft.spider_eye":4,"stat.craftItem.minecraft.torch":140,"stat.pickup.minecraft.dirt":325,"stat.craftItem.minecraft.iron_helmet":2,"stat.pickup.minecraft.iron_ore":114,"stat.pickup.minecraft.gold_ore":24,"stat.useItem.minecraft.sapling":3,"stat.mineBlock.minecraft.lapis_ore":10,"stat.pickup.minecraft.iron_axe":1,"stat.damageTaken":2828,"stat.pickup.minecraft.leather":72,"stat.mineBlock.minecraft.torch":13,"stat.mineBlock.minecraft.furnace":2,"stat.craftItem.buildcraftcore.engine":2,"stat.useItem.minecraft.wooden_pickaxe":15,"stat.pickup.minecraft.log2":5,"stat.craftItem.minecraft.glowstone":1,"stat.pickup.minecraft.reeds":17,"stat.craftItem.buildcraftcore.gear_wood":13,"stat.killEntity.hippogryph":1,"stat.damageDealt":9229,"stat.craftItem.minecraft.glass":8,"stat.sleepInBed":3,"stat.killEntity.Cow":8,"stat.useItem.minecraft.crafting_table":1,"stat.killEntity.Pig":5,"stat.craftItem.minecraft.iron_sword":1,"stat.useItem.buildcraftcore.engine":1,"stat.walkOneCm":338877,"stat.pickup.minecraft.stick":11,"stat.pickup.minecraft.diamond_pickaxe":3,"stat.pickup.galacticraftcore.basic_item":42,"stat.pickup.minecraft.stone":27,"stat.craftItem.minecraft.iron_chestplate":2,"stat.craftItem.minecraft.redstone":64,"stat.pickup.minecraft.cooked_beef":7,"stat.pickup.minecraft.gold_ingot":8,"stat.killEntity.Skeleton":4,"stat.killEntity.Chicken":4,"stat.killEntity.Spider":4,"stat.mineBlock.minecraft.glowstone":1,"stat.pickup.astralsorcery.itemcraftingcomponent":16,"stat.mobKills":50,"stat.entityKilledBy.hippogryph":1,"stat.pickup.minecraft.water_bucket":3,"stat.pickup.minecraft.diamond":21,"stat.mineBlock.minecraft.leaves":9,"stat.pickup.minecraft.torch":127,"stat.pickup.buildcraftcore.gear_stone":2,"stat.mineBlock.minecraft.redstone_ore":20,"stat.pickup.astralsorcery.blockmarble":6,"stat.mineBlock.astralsorcery.blockcustomsandore":1,"stat.killEntity.firedragon":1,"stat.craftItem.galacticraftcore.basic_item":9,"stat.mineBlock.minecraft.stone":180}