{"stat.pickup.tconstruct.book":5,"stat.pickup.iceandfire.fire_dragon_flesh":3,"stat.leaveGame":8,"stat.craftItem.minecraft.iron_axe":1,"stat.useItem.minecraft.planks":17,"stat.pickup.minecraft.glowstone_dust":28,"stat.pickup.minecraft.porkchop":41,"stat.pickup.minecraft.glass":6,"stat.mineBlock.astralsorcery.blockcustomflower":6,"stat.useItem.minecraft.water_bucket":3,"stat.pickup.minecraft.rotten_flesh":13,"stat.drop.minecraft.poisonous_potato":1,"stat.pickup.minecraft.sand":8,"stat.craftItem.minecraft.stone_axe":1,"stat.craftItem.buildcraftcore.gear_diamond":2,"stat.craftItem.minecraft.stone_sword":1,"stat.craftItem.minecraft.iron_shovel":1,"stat.entityKilledBy.firedragon":2,"stat.mineBlock.minecraft.sand":8,"stat.pickup.iceandfire.ash":4,"stat.killEntity.Witch":2,"stat.craftItem.iceandfire.dragon_stick":1,"stat.killEntity.Villager":1,"stat.drop.buildcraftlib.guide":1,"stat.useItem.minecraft.iron_pickaxe":794,"stat.craftItem.minecraft.wooden_pickaxe":2,"stat.useItem.minecraft.iron_shovel":181,"stat.pickup.astralsorcery.itemjournal":3,"stat.craftItem.minecraft.bed":1,"stat.mineBlock.chisel.marble2":1,"stat.furnaceInteraction":82,"stat.killEntity.ZombieVillager":1,"stat.pickup.iceandfire.dragon_skull":4,"stat.pickup.minecraft.beef":14,"stat.craftItem.buildcraftlib.guide":1,"stat.useItem.minecraft.trapdoor":1,"stat.pickup.minecraft.iron_chestplate":2,"stat.mineBlock.iceandfire.ash":4,"stat.useItem.minecraft.wheat_seeds":96,"stat.mineBlock.astralsorcery.blockmarble":1,"stat.deaths":7,"stat.playOneMinute":204699,"stat.craftItem.minecraft.iron_pickaxe":6,"stat.pickup.chisel.marble2":4,"stat.mineBlock.minecraft.tallgrass":52,"stat.chestOpened":90,"stat.pickup.botania.mushroom":4,"stat.useItem.minecraft.stone":2,"stat.pickup.minecraft.arrow":5,"stat.pickup.minecraft.iron_sword":1,"stat.mineBlock.botania.mushroom":1,"stat.craftItem.buildcraftfactory.mining_well":1,"stat.craftItem.buildcraftcore.gear_gold":4,"stat.fallOneCm":77610,"stat.craftItem.buildcraftbuilders.quarry":1,"stat.pickup.chisel.basalt2":2,"stat.pickup.minecraft.carrot":122,"stat.drop.minecraft.stone_sword":2,"stat.crouchOneCm":3797,"stat.mineBlock.minecraft.chest":1,"stat.craftItem.minecraft.chest":3,"stat.craftItem.minecraft.iron_ingot":133,"stat.craftingTableInteraction":84,"stat.pickup.iceandfire.silver_ore":4,"stat.mineBlock.ic2.resource":151,"stat.pickup.minecraft.wooden_pickaxe":4,"stat.mineBlock.minecraft.log2":5,"stat.useItem.minecraft.reeds":1,"stat.craftItem.buildcraftcore.gear_iron":8,"stat.pickup.minecraft.dye":159,"stat.pickup.minecraft.planks":401,"stat.pickup.minecraft.wheat_seeds":178,"stat.mineBlock.minecraft.gravel":1,"stat.useItem.minecraft.stone_pickaxe":63,"stat.useItem.minecraft.stone_sword":118,"stat.craftItem.minecraft.iron_leggings":2,"stat.pickup.iceandfire.dragon_stick":1,"stat.craftItem.buildcraftcore.gear_stone":12,"stat.mineBlock.minecraft.dirt":227,"stat.drop.iceandfire.dragon_stick":2,"stat.pickup.minecraft.poisonous_potato":1,"stat.drop.minecraft.stick":4,"stat.drop.minecraft.paper":3,"stat.useItem.minecraft.torch":153,"stat.craftItem.minecraft.redstone_block":8,"stat.mineBlock.iceandfire.silver_ore":4,"stat.drop.minecraft.rotten_flesh":1,"stat.pickup.minecraft.crafting_table":10,"stat.pickup.buildcraftlib.guide":7,"stat.useItem.minecraft.cobblestone":26,"stat.craftItem.minecraft.crafting_table":4,"stat.pickup.minecraft.redstone_block":7,"stat.pickup.minecraft.log":96,"stat.craftItem.galacticraftcore.basic_block_core":1,"stat.mineBlock.galacticraftcore.basic_block_core":149,"stat.pickup.minecraft.iron_pickaxe":2,"stat.craftItem.minecraft.gold_ingot":21,"stat.pickup.minecraft.chicken":4,"stat.pickup.minecraft.sapling":20,"stat.pickup.minecraft.apple":2,"stat.craftItem.minecraft.bucket":3,"stat.craftItem.minecraft.planks":204,"stat.useItem.minecraft.iron_sword":3,"stat.pickup.minecraft.stone_sword":7,"stat.mineBlock.minecraft.log":77,"stat.pickup.iceandfire.dragonbone":13,"stat.craftItem.minecraft.paper":6,"stat.sneakTime":1567,"stat.pickup.minecraft.wool":9,"stat.useItem.minecraft.wooden_axe":42,"stat.pickup.minecraft.chest":1,"stat.pickup.minecraft.bone":14,"stat.useItem.minecraft.iron_axe":70,"stat.mineBlock.minecraft.cobblestone":3,"stat.pickup.minecraft.stone_pickaxe":3,"stat.entityKilledBy.Witch":1,"stat.useItem.minecraft.diamond_sword":35,"stat.swimOneCm":17292,"stat.useItem.minecraft.dirt":64,"stat.useItem.minecraft.stone_slab2":49,"stat.pickup.minecraft.bow":2,"stat.pickup.minecraft.iron_boots":2,"stat.craftItem.minecraft.furnace":3,"stat.craftItem.minecraft.lapis_block":7,"stat.craftItem.minecraft.iron_boots":2,"stat.craftItem.minecraft.trapdoor":2,"stat.craftItem.minecraft.stone_pickaxe":1,"stat.craftItem.minecraft.cooked_beef":10,"stat.pickup.minecraft.cobblestone":436,"stat.mineBlock.buildcraftcore.engine":1,"stat.mineBlock.chisel.limestone2":1,"stat.flyOneCm":427289,"stat.drop.minecraft.wheat_seeds":2,"stat.useItem.minecraft.cooked_beef":10,"stat.pickup.minecraft.redstone":140,"stat.mineBlock.minecraft.iron_ore":138,"stat.timeSinceDeath":46123,"stat.drop.minecraft.spider_eye":1,"stat.pickup.minecraft.mutton":14,"stat.useItem.iceandfire.ash":3,"stat.useItem.minecraft.potato":29,"stat.pickup.buildcraftcore.engine":1,"stat.pickup.galacticraftcore.basic_block_core":185,"stat.useItem.minecraft.cooked_porkchop":4,"stat.pickup.minecraft.iron_shovel":1,"stat.pickup.minecraft.trapdoor":5,"stat.mineBlock.minecraft.coal_ore":128,"stat.killEntity.Creeper":4,"stat.talkedToVillager":1,"stat.pickup.minecraft.string":7,"stat.entityKilledBy.Skeleton":2,"stat.craftItem.minecraft.stone_slab2":0,"stat.sprintOneCm":432803,"stat.craftItem.minecraft.stick":132,"stat.craftItem.minecraft.wooden_axe":1,"stat.pickup.ic2.resource":362,"stat.mineBlock.minecraft.diamond_ore":16,"stat.mineBlock.minecraft.crafting_table":8,"stat.useItem.minecraft.diamond_pickaxe":33,"stat.useItem.minecraft.carrot":56,"stat.pickup.minecraft.sugar":2,"stat.mineBlock.minecraft.planks":10,"stat.drop":21,"stat.killEntity.Sheep":6,"stat.craftItem.minecraft.diamond_pickaxe":2,"stat.killEntity.Zombie":7,"stat.mineBlock.minecraft.gold_ore":29,"stat.diveOneCm":28663,"stat.pickup.minecraft.wheat":84,"stat.craftItem.minecraft.piston":2,"stat.pickup.iceandfire.dragonscales_bronze":32,"stat.pickup.minecraft.gravel":2,"stat.drop.minecraft.cooked_beef":2,"stat.craftItem.minecraft.cooked_porkchop":4,"stat.pickup.minecraft.stone_axe":2,"stat.useItem.minecraft.apple":1,"stat.useItem.minecraft.porkchop":9,"stat.useItem.minecraft.rotten_flesh":3,"stat.pickup.minecraft.diamond_sword":1,"stat.jump":3166,"stat.pickup.minecraft.coal":307,"stat.pickup.minecraft.iron_helmet":2,"stat.pickup.minecraft.iron_ingot":10,"stat.craftItem.minecraft.lever":2,"stat.useItem.minecraft.stone_axe":50,"stat.drop.minecraft.diamond_sword":2,"stat.pickup.iceandfire.chared_stone":2,"stat.pickup.minecraft.spider_eye":4,"stat.craftItem.minecraft.torch":140,"stat.pickup.minecraft.dirt":325,"stat.craftItem.minecraft.iron_helmet":2,"stat.pickup.minecraft.iron_ore":148,"stat.pickup.iceandfire.fire_dragon_heart":1,"stat.pickup.minecraft.gold_ore":28,"stat.useItem.minecraft.sapling":3,"stat.mineBlock.minecraft.lapis_ore":16,"stat.pickup.minecraft.iron_axe":1,"stat.damageTaken":3058,"stat.pickup.minecraft.leather":72,"stat.mineBlock.minecraft.torch":14,"stat.mineBlock.minecraft.furnace":2,"stat.craftItem.buildcraftcore.engine":2,"stat.useItem.minecraft.wooden_pickaxe":19,"stat.pickup.minecraft.log2":5,"stat.craftItem.minecraft.glowstone":1,"stat.pickup.minecraft.reeds":19,"stat.pickup.minecraft.bed":1,"stat.craftItem.buildcraftcore.gear_wood":14,"stat.killEntity.hippogryph":1,"stat.pickup.minecraft.potato":68,"stat.damageDealt":9302,"stat.craftItem.minecraft.glass":8,"stat.sleepInBed":4,"stat.useItem.ic2.resource":1,"stat.killEntity.Cow":8,"stat.useItem.minecraft.crafting_table":1,"stat.killEntity.Pig":5,"stat.craftItem.minecraft.iron_sword":1,"stat.useItem.buildcraftcore.engine":1,"stat.walkOneCm":424186,"stat.pickup.minecraft.stick":15,"stat.pickup.minecraft.diamond_pickaxe":3,"stat.pickup.galacticraftcore.basic_item":51,"stat.pickup.minecraft.stone":38,"stat.craftItem.minecraft.iron_chestplate":2,"stat.craftItem.minecraft.redstone":64,"stat.pickup.minecraft.cooked_beef":7,"stat.pickup.minecraft.gold_ingot":8,"stat.killEntity.Skeleton":4,"stat.killEntity.Chicken":4,"stat.killEntity.Spider":4,"stat.mineBlock.minecraft.glowstone":1,"stat.pickup.astralsorcery.itemcraftingcomponent":16,"stat.mobKills":50,"stat.entityKilledBy.hippogryph":1,"stat.pickup.minecraft.water_bucket":3,"stat.pickup.minecraft.diamond":21,"stat.mineBlock.minecraft.leaves":12,"stat.pickup.minecraft.torch":131,"stat.pickup.buildcraftcore.gear_stone":2,"stat.mineBlock.minecraft.redstone_ore":20,"stat.pickup.astralsorcery.blockmarble":6,"stat.mineBlock.astralsorcery.blockcustomsandore":1,"stat.killEntity.firedragon":1,"stat.craftItem.galacticraftcore.basic_item":9,"stat.mineBlock.minecraft.stone":248}