{"stat.chestOpened":2,"stat.walkOneCm":58960,"stat.pickup.minecraft.crafting_table":4,"stat.drop.minecraft.cooked_beef":2,"stat.pickup.buildcraftlib.guide":2,"stat.craftItem.minecraft.crafting_table":1,"stat.furnaceInteraction":6,"stat.pickup.minecraft.trapdoor":1,"stat.killEntity.ZombieVillager":1,"stat.mineBlock.minecraft.coal_ore":6,"stat.killEntity.Creeper":2,"stat.pickup.minecraft.log":28,"stat.pickup.minecraft.string":1,"stat.useItem.minecraft.rotten_flesh":3,"stat.jump":457,"stat.swimOneCm":2328,"stat.pickup.minecraft.coal":6,"stat.fallOneCm":9571,"stat.useItem.minecraft.planks":1,"stat.pickup.minecraft.beef":14,"stat.craftItem.buildcraftlib.guide":1,"stat.pickup.minecraft.glowstone_dust":8,"stat.useItem.minecraft.stone_axe":21,"stat.craftItem.minecraft.stone_slab2":0,"stat.pickup.minecraft.porkchop":9,"stat.crouchOneCm":163,"stat.pickup.minecraft.spider_eye":1,"stat.pickup.minecraft.sapling":4,"stat.pickup.minecraft.dirt":45,"stat.useItem.minecraft.dirt":44,"stat.useItem.minecraft.trapdoor":1,"stat.sprintOneCm":66642,"stat.useItem.minecraft.stone_slab2":6,"stat.mineBlock.astralsorcery.blockcustomflower":4,"stat.pickup.minecraft.apple":1,"stat.craftItem.minecraft.stick":16,"stat.craftItem.minecraft.wooden_axe":1,"stat.craftingTableInteraction":7,"stat.pickup.minecraft.rotten_flesh":5,"stat.craftItem.minecraft.planks":72,"stat.craftItem.minecraft.stone_axe":1,"stat.pickup.minecraft.wooden_pickaxe":1,"stat.mineBlock.minecraft.log2":5,"stat.mineBlock.minecraft.crafting_table":4,"stat.damageTaken":200,"stat.killEntity.Spider":2,"stat.pickup.minecraft.leather":10,"stat.craftItem.minecraft.trapdoor":2,"stat.mineBlock.astralsorcery.blockmarble":1,"stat.craftItem.minecraft.stone_pickaxe":1,"stat.useItem.minecraft.wooden_pickaxe":15,"stat.craftItem.minecraft.cooked_beef":9,"stat.mineBlock.minecraft.glowstone":1,"stat.mobKills":21,"stat.pickup.minecraft.cobblestone":21,"stat.mineBlock.minecraft.log":29,"stat.pickup.minecraft.log2":5,"stat.craftItem.minecraft.glowstone":1,"stat.pickup.minecraft.planks":1,"stat.pickup.minecraft.reeds":5,"stat.craftItem.minecraft.stone_sword":1,"stat.flyOneCm":51310,"stat.craftItem.buildcraftcore.gear_wood":1,"stat.drop":3,"stat.pickup.minecraft.wheat_seeds":2,"stat.mineBlock.minecraft.leaves":7,"stat.craftItem.minecraft.paper":3,"stat.playOneMinute":23219,"stat.useItem.minecraft.stone_pickaxe":13,"stat.useItem.minecraft.cooked_beef":3,"stat.sneakTime":154,"stat.useItem.minecraft.stone_sword":35,"stat.damageDealt":2355,"stat.pickup.astralsorcery.blockmarble":1,"stat.killEntity.Zombie":2,"stat.timeSinceDeath":23219,"stat.drop.buildcraftlib.guide":1,"stat.useItem.minecraft.wooden_axe":42,"stat.killEntity.Cow":8,"stat.mineBlock.minecraft.dirt":10,"stat.craftItem.minecraft.wooden_pickaxe":1,"stat.mineBlock.minecraft.stone":21,"stat.killEntity.Pig":5,"stat.mineBlock.minecraft.tallgrass":4,"stat.diveOneCm":5678}