{"stat.pickup.minecraft.bone":4,"stat.mineBlock.iceandfire.chared_grass":1,"stat.useItem.minecraft.iron_axe":122,"stat.leaveGame":8,"stat.mineBlock.minecraft.cobblestone":7,"stat.mineBlock.minecraft.pumpkin":11,"stat.pickup.minecraft.stone_pickaxe":1,"stat.craftItem.minecraft.iron_axe":1,"stat.mineBlock.minecraft.brown_mushroom":1,"stat.useItem.minecraft.mutton":1,"stat.swimOneCm":28308,"stat.useItem.minecraft.planks":8,"stat.craftItem.minecraft.shield":2,"stat.climbOneCm":1150,"stat.pickup.minecraft.golden_boots":1,"stat.pickup.minecraft.glowstone_dust":2,"stat.pickup.minecraft.sticky_piston":7,"stat.useItem.minecraft.dirt":8,"stat.useItem.minecraft.stone_slab2":34,"stat.mineBlock.astralsorcery.blockcustomflower":2,"stat.drop.minecraft.iron_sword":1,"stat.pickup.minecraft.rotten_flesh":6,"stat.pickup.minecraft.sand":2,"stat.craftItem.minecraft.furnace":2,"stat.useItem.minecraft.egg":9,"stat.craftItem.minecraft.stone_axe":1,"stat.craftItem.minecraft.stone_pickaxe":1,"stat.useItem.botania.flower":1,"stat.pickup.minecraft.cobblestone":64,"stat.mineBlock.minecraft.redstone_block":4,"stat.flyOneCm":666480,"stat.pickup.minecraft.brown_mushroom":1,"stat.mineBlock.minecraft.sand":2,"stat.pickup.iceandfire.ash":1,"stat.pickup.minecraft.redstone":37,"stat.mineBlock.minecraft.iron_ore":36,"stat.timeSinceDeath":123670,"stat.useItem.minecraft.iron_pickaxe":273,"stat.craftItem.minecraft.wooden_pickaxe":1,"stat.pickup.minecraft.mutton":31,"stat.drop.minecraft.cooked_mutton":1,"stat.craftItem.minecraft.bed":5,"stat.pickup.travelersbackpack.travelers_backpack":1,"stat.useItem.minecraft.potato":7,"stat.mineBlock.chisel.marble2":2,"stat.mineBlock.minecraft.vine":1,"stat.mineBlock.minecraft.sticky_piston":7,"stat.pickup.minecraft.stonebrick":19,"stat.furnaceInteraction":33,"stat.pickup.galacticraftcore.basic_block_core":29,"stat.mineBlock.botania.flower":59,"stat.killEntity.ZombieVillager":1,"stat.mineBlock.minecraft.coal_ore":141,"stat.killEntity.Creeper":1,"stat.useItem.minecraft.cooked_mutton":26,"stat.pickup.minecraft.furnace":2,"stat.craftItem.minecraft.stone_slab2":0,"stat.craftItem.tconstruct.tooltables":1,"stat.sprintOneCm":458309,"stat.craftItem.minecraft.stick":28,"stat.craftItem.minecraft.wooden_axe":1,"stat.pickup.ic2.resource":8,"stat.mineBlock.iceandfire.ash":1,"stat.pickup.ic2.bronze_helmet":1,"stat.useItem.minecraft.wheat_seeds":29,"stat.mineBlock.minecraft.crafting_table":7,"stat.pickup.ic2.misc_resource":18,"stat.mineBlock.astralsorcery.blockmarble":2,"stat.useItem.minecraft.dye":1,"stat.pickup.botania.flower":70,"stat.drop":7,"stat.useItem.ic2.treetap":2,"stat.pickup.minecraft.egg":9,"stat.playOneMinute":123670,"stat.killEntity.Sheep":24,"stat.craftItem.minecraft.iron_pickaxe":2,"stat.killEntity.Zombie":6,"stat.craftItem.minecraft.dye":30,"stat.pickup.chisel.marble2":2,"stat.mineBlock.minecraft.gold_ore":9,"stat.craftItem.minecraft.cooked_mutton":30,"stat.mineBlock.minecraft.tallgrass":23,"stat.diveOneCm":23217,"stat.pickup.minecraft.wheat":29,"stat.chestOpened":24,"stat.pickup.tconstruct.tooltables":3,"stat.pickup.minecraft.pumpkin":11,"stat.mineBlock.botania.doubleflower2":2,"stat.mineBlock.botania.doubleflower1":1,"stat.pickup.minecraft.arrow":4,"stat.pickup.minecraft.iron_sword":1,"stat.useItem.minecraft.apple":5,"stat.jump":3363,"stat.pickup.minecraft.coal":207,"stat.fallOneCm":96987,"stat.pickup.minecraft.iron_ingot":7,"stat.craftItem.ic2.treetap":1,"stat.useItem.minecraft.stone_axe":25,"stat.crouchOneCm":18791,"stat.craftItem.minecraft.iron_ingot":36,"stat.pickup.minecraft.dirt":23,"stat.drop.minecraft.bed":3,"stat.craftingTableInteraction":21,"stat.pickup.minecraft.iron_ore":36,"stat.pickup.minecraft.gold_ore":9,"stat.mineBlock.minecraft.lapis_ore":2,"stat.mineBlock.ic2.resource":7,"stat.pickup.minecraft.repeater":4,"stat.mineBlock.tconstruct.tooltables":3,"stat.mineBlock.minecraft.leaves2":2,"stat.useItem.chisel.marble2":1,"stat.mineBlock.minecraft.log2":90,"stat.damageTaken":1313,"stat.pickup.minecraft.feather":3,"stat.mineBlock.iceandfire.pixie_house":4,"stat.mineBlock.minecraft.furnace":2,"stat.useItem.minecraft.wooden_pickaxe":6,"stat.pickup.minecraft.log2":90,"stat.pickup.minecraft.dye":11,"stat.pickup.minecraft.reeds":25,"stat.pickup.minecraft.bed":9,"stat.pickup.minecraft.wheat_seeds":59,"stat.pickup.minecraft.potato":18,"stat.useItem.minecraft.stone_pickaxe":95,"stat.damageDealt":4618,"stat.sleepInBed":9,"stat.mineBlock.minecraft.dirt":21,"stat.craftItem.minecraft.iron_sword":2,"stat.walkOneCm":335788,"stat.useItem.minecraft.bread":3,"stat.useItem.minecraft.torch":13,"stat.drop.botania.flower":1,"stat.pickup.minecraft.crafting_table":7,"stat.useItem.minecraft.cobblestone":28,"stat.craftItem.minecraft.crafting_table":4,"stat.mineBlock.minecraft.double_plant":1,"stat.pickup.minecraft.redstone_block":8,"stat.pickup.minecraft.log":39,"stat.mineBlock.galacticraftcore.basic_block_core":30,"stat.pickup.minecraft.iron_pickaxe":1,"stat.pickup.minecraft.tallgrass":2,"stat.pickup.minecraft.stone":4,"stat.pickup.minecraft.chicken":6,"stat.pickup.minecraft.sapling":18,"stat.pickup.minecraft.apple":2,"stat.killEntity.Skeleton":4,"stat.mineBlock.minecraft.stonebrick":19,"stat.craftItem.minecraft.planks":76,"stat.useItem.minecraft.iron_sword":52,"stat.killEntity.Chicken":6,"stat.mobKills":42,"stat.mineBlock.minecraft.log":40,"stat.pickup.iceandfire.pixie_house":4,"stat.mineBlock.minecraft.leaves":18,"stat.sneakTime":6580,"stat.pickup.minecraft.wool":23,"stat.pickup.astralsorcery.blockmarble":2,"stat.drop.minecraft.stone_axe":1,"stat.useItem.minecraft.wooden_axe":36,"stat.mineBlock.minecraft.stone":61}