{"stat.pickup.tconstruct.book":5,"stat.pickup.iceandfire.fire_dragon_flesh":3,"stat.leaveGame":10,"stat.mineBlock.ic2.sapling":1,"stat.craftItem.minecraft.iron_axe":1,"stat.pickup.minecraft.lapis_block":9,"stat.useItem.minecraft.planks":17,"stat.pickup.minecraft.glowstone_dust":28,"stat.pickup.minecraft.porkchop":41,"stat.pickup.minecraft.glass":6,"stat.mineBlock.astralsorcery.blockcustomflower":6,"stat.useItem.minecraft.water_bucket":5,"stat.pickup.minecraft.rotten_flesh":30,"stat.drop.minecraft.poisonous_potato":1,"stat.pickup.minecraft.sand":239,"stat.craftItem.minecraft.stone_axe":1,"stat.useItem.botania.flower":1,"stat.craftItem.buildcraftcore.gear_diamond":2,"stat.craftItem.minecraft.stone_sword":1,"stat.craftItem.minecraft.iron_shovel":2,"stat.entityKilledBy.firedragon":2,"stat.mineBlock.minecraft.sand":239,"stat.pickup.iceandfire.ash":4,"stat.killEntity.Witch":2,"stat.craftItem.iceandfire.dragon_stick":1,"stat.killEntity.Villager":1,"stat.drop.buildcraftlib.guide":1,"stat.useItem.minecraft.iron_pickaxe":1563,"stat.craftItem.minecraft.wooden_pickaxe":2,"stat.useItem.minecraft.iron_shovel":403,"stat.pickup.astralsorcery.itemjournal":3,"stat.craftItem.minecraft.bed":1,"stat.mineBlock.chisel.marble2":1,"stat.furnaceInteraction":111,"stat.mineBlock.botania.flower":9,"stat.killEntity.ZombieVillager":1,"stat.pickup.iceandfire.dragon_skull":4,"stat.mineBlock.minecraft.lapis_block":1,"stat.pickup.botania.livingwood":16,"stat.pickup.minecraft.beef":14,"stat.pickup.minecraft.furnace":1,"stat.useItem.minecraft.redstone":4,"stat.craftItem.buildcraftlib.guide":2,"stat.useItem.minecraft.trapdoor":1,"stat.pickup.minecraft.iron_chestplate":2,"stat.mineBlock.iceandfire.ash":4,"stat.craftItem.botania.pool":1,"stat.useItem.minecraft.wheat_seeds":224,"stat.mineBlock.astralsorcery.blockmarble":1,"stat.pickup.ic2.misc_resource":2,"stat.deaths":7,"stat.playOneMinute":356543,"stat.craftItem.minecraft.iron_pickaxe":8,"stat.drop.botania.pool":1,"stat.drop.minecraft.iron_ingot":2,"stat.pickup.chisel.marble2":4,"stat.mineBlock.minecraft.tallgrass":71,"stat.pickup.chisel.dirt":1,"stat.chestOpened":153,"stat.mineBlock.botania.specialflower":1,"stat.pickup.botania.mushroom":28,"stat.useItem.minecraft.stone":17,"stat.pickup.minecraft.arrow":6,"stat.pickup.minecraft.iron_sword":1,"stat.mineBlock.chisel.dirt":1,"stat.mineBlock.botania.mushroom":13,"stat.craftItem.buildcraftfactory.mining_well":1,"stat.craftItem.buildcraftcore.gear_gold":4,"stat.fallOneCm":90350,"stat.craftItem.buildcraftbuilders.quarry":1,"stat.pickup.chisel.basalt2":2,"stat.pickup.minecraft.carrot":224,"stat.drop.minecraft.stone_sword":2,"stat.crouchOneCm":5866,"stat.mineBlock.minecraft.chest":1,"stat.craftItem.minecraft.chest":5,"stat.craftItem.minecraft.iron_ingot":167,"stat.mineBlock.botania.livingrock":8,"stat.craftingTableInteraction":120,"stat.pickup.iceandfire.silver_ore":19,"stat.mineBlock.ic2.resource":184,"stat.pickup.minecraft.wooden_pickaxe":4,"stat.mineBlock.minecraft.log2":5,"stat.useItem.minecraft.reeds":13,"stat.craftItem.tconstruct.materials":10,"stat.craftItem.buildcraftcore.gear_iron":8,"stat.pickup.minecraft.dye":215,"stat.pickup.minecraft.planks":425,"stat.pickup.chisel.limestone2":5,"stat.pickup.minecraft.wheat_seeds":389,"stat.pickup.chisel.cobblestone":6,"stat.pickup.botania.twigwand":1,"stat.mineBlock.minecraft.gravel":1,"stat.useItem.minecraft.stone_pickaxe":63,"stat.useItem.minecraft.stone_sword":118,"stat.craftItem.minecraft.iron_leggings":2,"stat.pickup.iceandfire.dragon_stick":1,"stat.craftItem.buildcraftcore.gear_stone":12,"stat.mineBlock.minecraft.dirt":275,"stat.drop.iceandfire.dragon_stick":2,"stat.pickup.minecraft.poisonous_potato":1,"stat.pickup.botania.specialflower":1,"stat.drop.minecraft.stick":4,"stat.drop.minecraft.paper":3,"stat.useItem.minecraft.torch":287,"stat.useItem.minecraft.bread":3,"stat.drop.botania.flower":5,"stat.craftItem.minecraft.redstone_block":36,"stat.mineBlock.iceandfire.silver_ore":19,"stat.drop.minecraft.rotten_flesh":13,"stat.pickup.minecraft.crafting_table":17,"stat.useItem.minecraft.log":10,"stat.pickup.buildcraftlib.guide":7,"stat.useItem.minecraft.cobblestone":69,"stat.craftItem.minecraft.crafting_table":4,"stat.mineBlock.minecraft.double_plant":1,"stat.pickup.minecraft.redstone_block":11,"stat.pickup.minecraft.log":118,"stat.craftItem.galacticraftcore.basic_block_core":1,"stat.mineBlock.galacticraftcore.basic_block_core":192,"stat.pickup.minecraft.iron_pickaxe":4,"stat.drop.minecraft.carrot":4,"stat.craftItem.minecraft.gold_ingot":21,"stat.pickup.minecraft.chicken":4,"stat.pickup.minecraft.sapling":23,"stat.pickup.minecraft.apple":2,"stat.craftItem.minecraft.bucket":5,"stat.craftItem.minecraft.planks":204,"stat.useItem.minecraft.iron_sword":3,"stat.useItem.chisel.dirt":1,"stat.pickup.minecraft.stone_sword":7,"stat.mineBlock.minecraft.log":98,"stat.pickup.iceandfire.dragonbone":13,"stat.craftItem.minecraft.paper":9,"stat.pickup.minecraft.red_flower":1,"stat.sneakTime":2457,"stat.pickup.minecraft.wool":9,"stat.pickup.ic2.sapling":2,"stat.drop.botania.mushroom":2,"stat.useItem.minecraft.wooden_axe":42,"stat.pickup.minecraft.chest":1,"stat.useItem.minecraft.lapis_block":1,"stat.pickup.minecraft.bone":14,"stat.pickup.minecraft.redstone_torch":2,"stat.useItem.minecraft.iron_axe":147,"stat.mineBlock.minecraft.cobblestone":6,"stat.pickup.minecraft.stone_pickaxe":3,"stat.entityKilledBy.Witch":1,"stat.craftItem.botania.petal":6,"stat.useItem.minecraft.diamond_sword":35,"stat.swimOneCm":41816,"stat.useItem.minecraft.dirt":83,"stat.useItem.minecraft.stone_slab2":106,"stat.pickup.minecraft.bow":3,"stat.pickup.minecraft.iron_boots":2,"stat.craftItem.minecraft.furnace":4,"stat.craftItem.minecraft.lapis_block":15,"stat.craftItem.minecraft.iron_boots":2,"stat.craftItem.minecraft.trapdoor":2,"stat.craftItem.minecraft.stone_pickaxe":1,"stat.craftItem.minecraft.cooked_beef":10,"stat.pickup.minecraft.cobblestone":776,"stat.mineBlock.buildcraftcore.engine":7,"stat.mineBlock.minecraft.redstone_block":4,"stat.mineBlock.chisel.limestone2":4,"stat.flyOneCm":1254958,"stat.drop.minecraft.wheat_seeds":2,"stat.useItem.minecraft.cooked_beef":11,"stat.pickup.minecraft.redstone":431,"stat.mineBlock.minecraft.iron_ore":274,"stat.timeSinceDeath":197967,"stat.drop.minecraft.spider_eye":1,"stat.pickup.minecraft.mutton":14,"stat.mineBlock.botania.livingwood":16,"stat.useItem.iceandfire.ash":3,"stat.useItem.minecraft.potato":59,"stat.pickup.buildcraftcore.engine":7,"stat.pickup.galacticraftcore.basic_block_core":217,"stat.drop.minecraft.dirt":1,"stat.useItem.minecraft.cooked_porkchop":4,"stat.pickup.minecraft.iron_shovel":1,"stat.pickup.minecraft.trapdoor":5,"stat.mineBlock.minecraft.coal_ore":171,"stat.killEntity.Creeper":8,"stat.talkedToVillager":1,"stat.pickup.minecraft.string":7,"stat.entityKilledBy.Skeleton":2,"stat.craftItem.tconstruct.slime_boots":1,"stat.craftItem.minecraft.stone_slab2":0,"stat.sprintOneCm":738618,"stat.craftItem.minecraft.stick":180,"stat.craftItem.minecraft.wooden_axe":1,"stat.pickup.ic2.resource":395,"stat.craftItem.minecraft.stone":9,"stat.mineBlock.minecraft.diamond_ore":16,"stat.mineBlock.minecraft.crafting_table":15,"stat.useItem.minecraft.diamond_pickaxe":33,"stat.useItem.minecraft.carrot":129,"stat.pickup.botania.flower":21,"stat.pickup.minecraft.sugar":2,"stat.mineBlock.minecraft.planks":10,"stat.drop":53,"stat.killEntity.Sheep":6,"stat.pickup.minecraft.slime_ball":2,"stat.craftItem.minecraft.diamond_pickaxe":2,"stat.killEntity.Zombie":9,"stat.mineBlock.minecraft.gold_ore":50,"stat.diveOneCm":31448,"stat.craftItem.minecraft.slime_ball":4,"stat.pickup.minecraft.wheat":206,"stat.craftItem.minecraft.piston":3,"stat.mineBlock.botania.doubleflower2":1,"stat.pickup.iceandfire.dragonscales_bronze":32,"stat.mineBlock.botania.doubleflower1":1,"stat.pickup.minecraft.gravel":2,"stat.drop.minecraft.cooked_beef":2,"stat.craftItem.minecraft.cooked_porkchop":4,"stat.pickup.minecraft.stone_axe":2,"stat.craftItem.botania.altar":1,"stat.useItem.minecraft.apple":1,"stat.useItem.minecraft.porkchop":9,"stat.useItem.minecraft.rotten_flesh":3,"stat.pickup.minecraft.diamond_sword":1,"stat.jump":6099,"stat.useItem.minecraft.sand":6,"stat.pickup.minecraft.coal":473,"stat.pickup.minecraft.iron_helmet":2,"stat.pickup.minecraft.iron_ingot":29,"stat.craftItem.minecraft.lever":2,"stat.useItem.minecraft.stone_axe":50,"stat.drop.minecraft.diamond_sword":2,"stat.pickup.minecraft.gunpowder":9,"stat.craftItem.minecraft.bread":68,"stat.pickup.iceandfire.chared_stone":2,"stat.pickup.minecraft.spider_eye":4,"stat.craftItem.minecraft.torch":236,"stat.pickup.minecraft.dirt":368,"stat.craftItem.minecraft.iron_helmet":2,"stat.pickup.minecraft.iron_ore":283,"stat.pickup.iceandfire.fire_dragon_heart":1,"stat.pickup.tconstruct.slime_congealed":5,"stat.pickup.minecraft.gold_ore":49,"stat.useItem.minecraft.sapling":3,"stat.mineBlock.minecraft.lapis_ore":25,"stat.pickup.minecraft.iron_axe":1,"stat.damageTaken":3958,"stat.pickup.minecraft.leather":72,"stat.mineBlock.minecraft.torch":29,"stat.mineBlock.minecraft.furnace":3,"stat.craftItem.buildcraftcore.engine":3,"stat.mineBlock.minecraft.red_flower":1,"stat.useItem.minecraft.wooden_pickaxe":19,"stat.pickup.minecraft.log2":5,"stat.craftItem.minecraft.glowstone":1,"stat.pickup.minecraft.reeds":55,"stat.pickup.minecraft.bed":1,"stat.craftItem.buildcraftcore.gear_wood":16,"stat.killEntity.hippogryph":1,"stat.pickup.minecraft.potato":150,"stat.useItem.forge.bucketfilled":20,"stat.pickup.botania.altar":1,"stat.damageDealt":11289,"stat.craftItem.minecraft.glass":73,"stat.sleepInBed":5,"stat.useItem.ic2.resource":1,"stat.killEntity.Cow":8,"stat.useItem.minecraft.crafting_table":1,"stat.killEntity.Pig":5,"stat.craftItem.minecraft.iron_sword":1,"stat.useItem.buildcraftcore.engine":1,"stat.drop.botania.petal":4,"stat.pickup.minecraft.piston":1,"stat.craftItem.minecraft.stone_slab":6,"stat.walkOneCm":736041,"stat.pickup.minecraft.stick":16,"stat.pickup.minecraft.diamond_pickaxe":3,"stat.useItem.minecraft.lava_bucket":6,"stat.mineBlock.botania.altar":1,"stat.useItem.minecraft.redstone_block":4,"stat.pickup.galacticraftcore.basic_item":62,"stat.drop.minecraft.iron_chestplate":1,"stat.pickup.minecraft.stone":91,"stat.craftItem.minecraft.iron_chestplate":3,"stat.craftItem.minecraft.redstone":73,"stat.pickup.minecraft.cooked_beef":8,"stat.pickup.minecraft.gold_ingot":8,"stat.killEntity.Skeleton":5,"stat.craftItem.ic2.crafting":1,"stat.killEntity.Chicken":4,"stat.mineBlock.minecraft.redstone_torch":2,"stat.killEntity.Spider":5,"stat.mineBlock.minecraft.glowstone":1,"stat.pickup.astralsorcery.itemcraftingcomponent":16,"stat.mobKills":61,"stat.entityKilledBy.hippogryph":1,"stat.pickup.minecraft.water_bucket":3,"stat.craftItem.botania.spreader":1,"stat.pickup.botania.pool":1,"stat.pickup.minecraft.diamond":21,"stat.mineBlock.minecraft.leaves":13,"stat.pickup.minecraft.torch":148,"stat.pickup.buildcraftcore.gear_stone":2,"stat.mineBlock.minecraft.redstone_ore":79,"stat.pickup.astralsorcery.blockmarble":6,"stat.mineBlock.astralsorcery.blockcustomsandore":1,"stat.killEntity.firedragon":1,"stat.craftItem.galacticraftcore.basic_item":9,"stat.mineBlock.minecraft.stone":629,"stat.pickup.botania.livingrock":8}