{"stats":{"minecraft:used":{"minecraft:poppy":1,"minecraft:chest":9,"minecraft:shield":23,"minecraft:iron_sword":269,"minecraft:bell":1,"minecraft:soul_sand":3,"minecraft:carrot":117,"minecraft:tuff":1,"minecraft:obsidian":10,"minecraft:spruce_boat":2,"minecraft:iron_helmet":1,"minecraft:sweet_berries":19,"minecraft:furnace":1,"minecraft:oak_sapling":39,"minecraft:egg":1,"minecraft:potato":128,"minecraft:diorite":3,"minecraft:stone_pickaxe":81,"minecraft:oak_planks":11,"minecraft:wooden_pickaxe":23,"minecraft:sugar_cane":98,"minecraft:crossbow":4,"minecraft:note_block":1,"minecraft:deepslate_brick_stairs":140,"minecraft:bread":81,"minecraft:oak_pressure_plate":1,"minecraft:gravel":27,"minecraft:wooden_sword":158,"minecraft:andesite":35,"minecraft:oak_boat":4,"minecraft:bone_meal":9,"minecraft:oak_fence":2,"minecraft:enchanting_table":1,"minecraft:flint_and_steel":1,"minecraft:stone_shovel":133,"minecraft:netherrack":64,"minecraft:torch":88,"minecraft:dirt":212,"minecraft:granite":6,"minecraft:iron_hoe":182,"minecraft:wooden_axe":60,"minecraft:bookshelf":15,"minecraft:iron_axe":225,"minecraft:iron_trapdoor":1,"minecraft:cooked_beef":8,"minecraft:cobbled_deepslate":204,"minecraft:wheat_seeds":20,"minecraft:cooked_mutton":9,"minecraft:water_bucket":144,"minecraft:spruce_sign":4,"minecraft:stonecutter":1,"minecraft:cobblestone_slab":5,"minecraft:mossy_cobblestone":12,"minecraft:oak_slab":97,"minecraft:crafting_table":16,"minecraft:white_bed":5,"minecraft:spruce_log":2,"minecraft:oak_log":2,"minecraft:diamond_pickaxe":1172,"minecraft:diamond_shovel":55,"minecraft:iron_pickaxe":500,"minecraft:spruce_trapdoor":9,"minecraft:spruce_sapling":20,"minecraft:fishing_rod":22,"minecraft:cobblestone":268,"minecraft:purple_bed":1,"minecraft:cooked_porkchop":1,"minecraft:bucket":145,"minecraft:kelp":28},"minecraft:picked_up":{"minecraft:wooden_axe":2,"minecraft:iron_chestplate":2,"minecraft:wheat":16,"minecraft:lead":2,"minecraft:oak_stairs":1,"minecraft:brewing_stand":2,"minecraft:string":2,"minecraft:raw_copper":36,"minecraft:soul_soil":2,"minecraft:shroomlight":1,"minecraft:gold_nugget":34,"minecraft:cobbled_deepslate":1013,"minecraft:bucket":3,"minecraft:spruce_planks":132,"minecraft:cobblestone_slab":4,"minecraft:iron_pickaxe":2,"minecraft:furnace":3,"minecraft:stick":33,"minecraft:oak_fence":2,"minecraft:torch":170,"minecraft:porkchop":16,"minecraft:diorite":28,"minecraft:stone_sword":3,"minecraft:rotten_flesh":96,"minecraft:deepslate_brick_stairs":3,"minecraft:obsidian":80,"minecraft:cod":6,"minecraft:cobblestone":1273,"minecraft:nautilus_shell":2,"minecraft:mossy_cobblestone_slab":2,"minecraft:feather":2,"minecraft:cooked_beef":18,"minecraft:andesite":46,"minecraft:brown_wool":1,"minecraft:smoker":3,"minecraft:potato":186,"minecraft:flint":2,"minecraft:tuff":37,"minecraft:dirt":361,"minecraft:bone":7,"minecraft:wheat_seeds":82,"minecraft:raw_gold":21,"minecraft:bell":7,"minecraft:oak_planks":210,"minecraft:cooked_porkchop":18,"minecraft:oak_pressure_plate":1,"minecraft:poisonous_potato":2,"minecraft:mossy_cobblestone":38,"minecraft:diamond":9,"minecraft:spruce_boat":4,"minecraft:crossbow":1,"minecraft:granite":17,"minecraft:spruce_sign":1,"minecraft:emerald":2,"minecraft:bread":231,"minecraft:oak_sapling":42,"minecraft:netherrack":189,"minecraft:diamond_pickaxe":3,"minecraft:crafting_table":12,"minecraft:chicken":3,"minecraft:azure_bluet":1,"minecraft:ominous_bottle":2,"minecraft:iron_axe":3,"minecraft:wooden_sword":2,"minecraft:beef":68,"minecraft:oak_boat":4,"minecraft:iron_nugget":2,"minecraft:poppy":5,"minecraft:sugar_cane":329,"minecraft:chest":3,"minecraft:spruce_trapdoor":7,"minecraft:egg":5,"minecraft:raw_iron":135,"minecraft:carrot":130,"minecraft:redstone":52,"minecraft:arrow":18,"minecraft:stone_shovel":2,"minecraft:hay_block":87,"minecraft:mutton":17,"minecraft:white_wool":11,"minecraft:tripwire_hook":1,"minecraft:leather":97,"minecraft:oak_log":123,"minecraft:nether_wart_block":5,"minecraft:gunpowder":7,"minecraft:white_banner":2,"minecraft:cooked_mutton":12,"minecraft:apple":6,"minecraft:kelp":74,"minecraft:stone_pickaxe":4,"minecraft:iron_ingot":31,"minecraft:stripped_oak_wood":1,"minecraft:iron_sword":3,"minecraft:soul_sand":22,"minecraft:book":3,"minecraft:oak_slab":11,"minecraft:sweet_berries":80,"minecraft:quartz":36,"minecraft:gravel":28,"minecraft:spruce_sapling":27,"minecraft:blast_furnace":3,"minecraft:white_bed":4,"minecraft:spruce_log":82,"minecraft:spider_eye":1,"minecraft:leather_helmet":2,"minecraft:purple_bed":3,"minecraft:iron_helmet":3,"minecraft:coal":406,"minecraft:ender_pearl":2},"minecraft:dropped":{"minecraft:oak_pressure_plate":1,"minecraft:crossbow":1,"minecraft:cod":1,"minecraft:wooden_sword":1,"minecraft:white_wool":1,"minecraft:gravel":1,"minecraft:sugar_cane":34,"minecraft:iron_nugget":2,"minecraft:azure_bluet":1,"minecraft:poppy":4,"minecraft:gunpowder":1,"minecraft:arrow":5,"minecraft:iron_ingot":6,"minecraft:water_bucket":1,"minecraft:oak_slab":4,"minecraft:wheat_seeds":1,"minecraft:diorite":4,"minecraft:torch":47,"minecraft:wooden_axe":1,"minecraft:oak_stairs":1,"minecraft:iron_axe":1,"minecraft:string":1,"minecraft:bucket":1,"minecraft:soul_soil":2,"minecraft:raw_iron":1,"minecraft:spruce_planks":64,"minecraft:diamond_pickaxe":1,"minecraft:oak_sapling":3,"minecraft:spider_eye":1,"minecraft:spruce_log":8,"minecraft:wooden_pickaxe":1},"minecraft:killed":{"minecraft:spider":4,"minecraft:skeleton":4,"minecraft:chicken":3,"minecraft:pig":9,"minecraft:iron_golem":3,"minecraft:creeper":7,"minecraft:sheep":11,"minecraft:trader_llama":2,"minecraft:pillager":8,"minecraft:zombie":32,"minecraft:ghast":1,"minecraft:cow":11,"minecraft:horse":4,"minecraft:wandering_trader":1,"minecraft:enderman":1},"minecraft:custom":{"minecraft:interact_with_crafting_table":96,"minecraft:bell_ring":28,"minecraft:leave_game":5,"minecraft:time_since_death":173244,"minecraft:sprint_one_cm":1165899,"minecraft:damage_blocked_by_shield":1239,"minecraft:drop":44,"minecraft:play_noteblock":1,"minecraft:talked_to_villager":1,"minecraft:play_time":326367,"minecraft:deaths":5,"minecraft:jump":6470,"minecraft:walk_on_water_one_cm":103762,"minecraft:interact_with_furnace":21,"minecraft:sleep_in_bed":11,"minecraft:damage_dealt":17161,"minecraft:player_kills":3,"minecraft:crouch_one_cm":3955,"minecraft:interact_with_smoker":1,"minecraft:mob_kills":104,"minecraft:climb_one_cm":1716,"minecraft:walk_one_cm":731077,"minecraft:sneak_time":2507,"minecraft:walk_under_water_one_cm":101488,"minecraft:boat_one_cm":401150,"minecraft:interact_with_blast_furnace":2,"minecraft:total_world_time":326367,"minecraft:tune_noteblock":365,"minecraft:interact_with_stonecutter":3,"minecraft:time_since_rest":101238,"minecraft:damage_taken":5078,"minecraft:swim_one_cm":83232,"minecraft:fly_one_cm":1157713,"minecraft:open_chest":126,"minecraft:fish_caught":2,"minecraft:fall_one_cm":162427},"minecraft:mined":{"minecraft:white_bed":3,"minecraft:oak_sapling":1,"minecraft:brewing_stand":2,"minecraft:obsidian":21,"minecraft:spruce_trapdoor":9,"minecraft:granite":9,"minecraft:grass_block":250,"minecraft:soul_soil":1,"minecraft:tall_seagrass":2,"minecraft:mossy_cobblestone_slab":3,"minecraft:iron_ore":12,"minecraft:cobbled_deepslate":93,"minecraft:azure_bluet":2,"minecraft:dirt_path":2,"minecraft:deepslate_brick_stairs":7,"minecraft:gray_terracotta":2,"minecraft:deepslate_redstone_ore":3,"minecraft:kelp_plant":11,"minecraft:crimson_nylium":1,"minecraft:soul_fire":23,"minecraft:torch":9,"minecraft:chest":3,"minecraft:spruce_wall_sign":2,"minecraft:nether_quartz_ore":36,"minecraft:cobblestone":133,"minecraft:sugar_cane":256,"minecraft:oak_planks":6,"minecraft:wall_torch":16,"minecraft:seagrass":1,"minecraft:nether_wart_block":6,"minecraft:wheat":19,"minecraft:stripped_oak_wood":1,"minecraft:oak_log":96,"minecraft:dirt":44,"minecraft:netherrack":168,"minecraft:oak_leaves":47,"minecraft:deepslate":418,"minecraft:nether_gold_ore":8,"minecraft:tuff":10,"minecraft:mossy_cobblestone":38,"minecraft:deepslate_diamond_ore":9,"minecraft:weeping_vines":1,"minecraft:spruce_leaves":63,"minecraft:kelp":8,"minecraft:hay_block":87,"minecraft:carrots":37,"minecraft:black_glazed_terracotta":2,"minecraft:andesite":50,"minecraft:bell":3,"minecraft:potatoes":48,"minecraft:deepslate_iron_ore":12,"minecraft:shroomlight":1,"minecraft:cobblestone_slab":3,"minecraft:stone":573,"minecraft:oak_slab":5,"minecraft:soul_sand":2,"minecraft:crafting_table":8,"minecraft:oak_fence":2,"minecraft:cornflower":1,"minecraft:short_grass":301,"minecraft:emerald_ore":2,"minecraft:tall_grass":33,"minecraft:copper_ore":10,"minecraft:deepslate_gold_ore":7,"minecraft:diorite":12,"minecraft:red_terracotta":2,"minecraft:coarse_dirt":1,"minecraft:sweet_berry_bush":29,"minecraft:spruce_log":69,"minecraft:coal_ore":112,"minecraft:gravel":17,"minecraft:fern":2},"minecraft:killed_by":{"minecraft:drowned":2,"minecraft:zombie":1,"minecraft:spider":1,"minecraft:skeleton":1},"minecraft:crafted":{"minecraft:oak_planks":380,"minecraft:cobblestone_slab":6,"minecraft:oak_pressure_plate":1,"minecraft:stone":3,"minecraft:diamond_shovel":1,"minecraft:bookshelf":15,"minecraft:cooked_mutton":9,"minecraft:deepslate_brick_stairs":9,"minecraft:chest":6,"minecraft:oak_fence":3,"minecraft:smoker":1,"minecraft:oak_slab":90,"minecraft:cooked_porkchop":10,"minecraft:crafting_table":7,"minecraft:spruce_planks":212,"minecraft:wooden_pickaxe":1,"minecraft:spruce_trapdoor":2,"minecraft:book":46,"minecraft:paper":138,"minecraft:diamond_pickaxe":2,"minecraft:shield":1,"minecraft:stick":40,"minecraft:iron_pickaxe":2,"minecraft:iron_ingot":17,"minecraft:wooden_sword":1,"minecraft:stone_shovel":1,"minecraft:fishing_rod":1,"minecraft:furnace":2,"minecraft:bone_meal":9,"minecraft:flint_and_steel":1,"minecraft:iron_axe":1,"minecraft:iron_hoe":1,"minecraft:stone_pickaxe":1,"minecraft:spruce_boat":1,"minecraft:wheat":756,"minecraft:cooked_beef":8,"minecraft:iron_trapdoor":1,"minecraft:spruce_sign":3,"minecraft:enchanting_table":1,"minecraft:iron_sword":1,"minecraft:bucket":2,"minecraft:air":0,"minecraft:bread":252,"minecraft:oak_boat":3,"minecraft:wooden_axe":2,"minecraft:stonecutter":1,"minecraft:white_bed":1,"minecraft:note_block":1,"minecraft:torch":92},"minecraft:broken":{"minecraft:iron_sword":1,"minecraft:wooden_axe":1,"minecraft:stone_shovel":1,"minecraft:iron_pickaxe":2}},"DataVersion":3953}