{"stat.pickup.ic2.ingot":2,"stat.pickup.minecraft.bone":4,"stat.mineBlock.iceandfire.chared_grass":1,"stat.useItem.minecraft.iron_axe":143,"stat.leaveGame":10,"stat.mineBlock.minecraft.cobblestone":9,"stat.mineBlock.minecraft.pumpkin":11,"stat.useItem.minecraft.log2":29,"stat.pickup.minecraft.stone_pickaxe":1,"stat.craftItem.minecraft.iron_axe":1,"stat.mineBlock.minecraft.brown_mushroom":1,"stat.useItem.minecraft.mutton":1,"stat.swimOneCm":30183,"stat.useItem.minecraft.planks":8,"stat.craftItem.minecraft.shield":2,"stat.climbOneCm":1150,"stat.pickup.minecraft.golden_boots":1,"stat.pickup.minecraft.glowstone_dust":2,"stat.pickup.minecraft.sticky_piston":7,"stat.pickup.iceandfire.stymphalian_bird_feather":3,"stat.useItem.minecraft.dirt":26,"stat.useItem.minecraft.stone_slab2":43,"stat.mineBlock.astralsorcery.blockcustomflower":2,"stat.drop.minecraft.iron_sword":1,"stat.pickup.minecraft.rotten_flesh":6,"stat.craftItem.minecraft.dark_oak_door":3,"stat.pickup.minecraft.sand":2,"stat.craftItem.minecraft.furnace":2,"stat.useItem.minecraft.egg":9,"stat.craftItem.minecraft.stone_axe":1,"stat.craftItem.minecraft.stone_pickaxe":1,"stat.useItem.botania.flower":1,"stat.pickup.minecraft.cobblestone":104,"stat.mineBlock.minecraft.redstone_block":4,"stat.flyOneCm":755113,"stat.pickup.minecraft.brown_mushroom":1,"stat.mineBlock.minecraft.sand":2,"stat.pickup.iceandfire.ash":1,"stat.pickup.minecraft.redstone":37,"stat.mineBlock.minecraft.iron_ore":36,"stat.timeSinceDeath":139554,"stat.useItem.minecraft.iron_pickaxe":305,"stat.craftItem.minecraft.wooden_pickaxe":1,"stat.pickup.minecraft.mutton":31,"stat.drop.minecraft.cooked_mutton":1,"stat.craftItem.minecraft.bed":5,"stat.pickup.travelersbackpack.travelers_backpack":1,"stat.useItem.minecraft.potato":7,"stat.mineBlock.chisel.marble2":2,"stat.mineBlock.minecraft.vine":1,"stat.pickup.minecraft.dark_oak_door":5,"stat.mineBlock.minecraft.sticky_piston":7,"stat.pickup.minecraft.stonebrick":20,"stat.furnaceInteraction":33,"stat.pickup.galacticraftcore.basic_block_core":34,"stat.mineBlock.botania.flower":60,"stat.killEntity.ZombieVillager":2,"stat.mineBlock.minecraft.coal_ore":141,"stat.killEntity.Creeper":1,"stat.useItem.minecraft.cooked_mutton":29,"stat.pickup.minecraft.furnace":2,"stat.craftItem.minecraft.stone_slab2":0,"stat.craftItem.tconstruct.tooltables":1,"stat.sprintOneCm":508653,"stat.craftItem.minecraft.stick":28,"stat.craftItem.minecraft.wooden_axe":1,"stat.pickup.ic2.resource":8,"stat.mineBlock.iceandfire.ash":1,"stat.useItem.minecraft.dark_oak_door":7,"stat.pickup.ic2.bronze_helmet":1,"stat.useItem.minecraft.wheat_seeds":29,"stat.mineBlock.minecraft.crafting_table":7,"stat.pickup.ic2.misc_resource":18,"stat.mineBlock.astralsorcery.blockmarble":2,"stat.useItem.minecraft.dye":1,"stat.pickup.botania.flower":73,"stat.drop":7,"stat.useItem.ic2.treetap":2,"stat.pickup.minecraft.egg":9,"stat.playOneMinute":139554,"stat.killEntity.Sheep":24,"stat.craftItem.minecraft.iron_pickaxe":2,"stat.killEntity.Zombie":6,"stat.craftItem.minecraft.dye":30,"stat.pickup.chisel.marble2":2,"stat.mineBlock.minecraft.gold_ore":9,"stat.craftItem.minecraft.cooked_mutton":30,"stat.mineBlock.minecraft.tallgrass":34,"stat.diveOneCm":23269,"stat.pickup.minecraft.wheat":29,"stat.chestOpened":28,"stat.pickup.tconstruct.tooltables":3,"stat.pickup.minecraft.pumpkin":11,"stat.mineBlock.botania.doubleflower2":2,"stat.mineBlock.botania.doubleflower1":1,"stat.pickup.minecraft.arrow":4,"stat.pickup.minecraft.iron_sword":1,"stat.useItem.minecraft.apple":5,"stat.jump":3784,"stat.pickup.minecraft.coal":207,"stat.fallOneCm":111758,"stat.pickup.minecraft.iron_ingot":7,"stat.craftItem.ic2.treetap":1,"stat.useItem.minecraft.stone_axe":25,"stat.pickup.minecraft.gunpowder":2,"stat.crouchOneCm":20406,"stat.craftItem.minecraft.iron_ingot":36,"stat.craftItem.minecraft.chest":2,"stat.pickup.minecraft.dirt":43,"stat.drop.minecraft.bed":3,"stat.craftingTableInteraction":23,"stat.pickup.minecraft.iron_ore":36,"stat.pickup.minecraft.gold_ore":9,"stat.mineBlock.minecraft.lapis_ore":2,"stat.mineBlock.ic2.resource":7,"stat.pickup.minecraft.repeater":4,"stat.mineBlock.tconstruct.tooltables":3,"stat.mineBlock.minecraft.leaves2":2,"stat.useItem.chisel.marble2":1,"stat.mineBlock.minecraft.log2":95,"stat.damageTaken":1584,"stat.pickup.minecraft.feather":3,"stat.mineBlock.iceandfire.pixie_house":4,"stat.mineBlock.minecraft.furnace":2,"stat.mineBlock.minecraft.torch":1,"stat.useItem.minecraft.wooden_pickaxe":6,"stat.pickup.minecraft.log2":95,"stat.pickup.minecraft.dye":11,"stat.pickup.minecraft.reeds":25,"stat.pickup.minecraft.bed":9,"stat.pickup.minecraft.wheat_seeds":60,"stat.pickup.minecraft.potato":18,"stat.useItem.minecraft.stone_pickaxe":95,"stat.damageDealt":4814,"stat.sleepInBed":11,"stat.mineBlock.minecraft.dirt":41,"stat.craftItem.minecraft.iron_sword":2,"stat.walkOneCm":370406,"stat.useItem.minecraft.bread":6,"stat.useItem.minecraft.torch":32,"stat.useItem.minecraft.chest":1,"stat.drop.botania.flower":1,"stat.pickup.minecraft.crafting_table":7,"stat.useItem.minecraft.cobblestone":35,"stat.craftItem.minecraft.crafting_table":4,"stat.mineBlock.minecraft.double_plant":1,"stat.pickup.minecraft.redstone_block":12,"stat.pickup.minecraft.log":49,"stat.mineBlock.galacticraftcore.basic_block_core":35,"stat.pickup.minecraft.iron_pickaxe":1,"stat.pickup.minecraft.tallgrass":2,"stat.pickup.minecraft.stone":4,"stat.pickup.minecraft.chicken":6,"stat.pickup.minecraft.sapling":21,"stat.pickup.minecraft.apple":2,"stat.killEntity.Skeleton":4,"stat.mineBlock.minecraft.stonebrick":20,"stat.craftItem.minecraft.planks":100,"stat.useItem.minecraft.iron_sword":56,"stat.killEntity.Chicken":6,"stat.mobKills":45,"stat.useItem.minecraft.stonebrick":1,"stat.mineBlock.minecraft.log":50,"stat.pickup.iceandfire.pixie_house":4,"stat.mineBlock.minecraft.leaves":22,"stat.pickup.minecraft.torch":1,"stat.sneakTime":7095,"stat.pickup.minecraft.wool":23,"stat.pickup.astralsorcery.blockmarble":2,"stat.drop.minecraft.stone_axe":1,"stat.useItem.minecraft.wooden_axe":36,"stat.mineBlock.minecraft.stone":85}