{"stats":{"minecraft:broken":{"minecraft:golden_sword":1,"minecraft:iron_sword":5,"minecraft:wooden_axe":1,"minecraft:stone_shovel":1,"minecraft:iron_axe":1,"minecraft:iron_pickaxe":2,"minecraft:iron_helmet":1},"minecraft:mined":{"minecraft:spruce_planks":1,"minecraft:white_bed":3,"minecraft:oak_sapling":1,"minecraft:brewing_stand":2,"minecraft:obsidian":32,"minecraft:spruce_trapdoor":9,"minecraft:granite":9,"minecraft:grass_block":333,"minecraft:soul_soil":51,"minecraft:hopper":5,"minecraft:crimson_fungus":1,"minecraft:weeping_vines_plant":2,"minecraft:tall_seagrass":2,"minecraft:magma_block":32,"minecraft:raw_iron_block":1,"minecraft:mossy_cobblestone_slab":6,"minecraft:glowstone":23,"minecraft:iron_ore":12,"minecraft:cobbled_deepslate":118,"minecraft:fire":27,"minecraft:pumpkin":1,"minecraft:azure_bluet":2,"minecraft:enchanting_table":1,"minecraft:dirt_path":2,"minecraft:deepslate_brick_stairs":7,"minecraft:deepslate_redstone_ore":43,"minecraft:gray_terracotta":2,"minecraft:blackstone":15,"minecraft:kelp_plant":11,"minecraft:crimson_nylium":11,"minecraft:soul_fire":24,"minecraft:torch":14,"minecraft:chest":6,"minecraft:spruce_wall_sign":3,"minecraft:nether_quartz_ore":173,"minecraft:cobblestone":170,"minecraft:sugar_cane":347,"minecraft:oak_planks":11,"minecraft:wall_torch":36,"minecraft:seagrass":1,"minecraft:nether_wart_block":8,"minecraft:wheat":19,"minecraft:stripped_oak_wood":1,"minecraft:oak_log":101,"minecraft:dirt":55,"minecraft:dispenser":1,"minecraft:ancient_debris":2,"minecraft:netherrack":2492,"minecraft:oak_leaves":68,"minecraft:deepslate":485,"minecraft:nether_gold_ore":39,"minecraft:tuff":30,"minecraft:mossy_cobblestone":38,"minecraft:deepslate_diamond_ore":31,"minecraft:oak_door":3,"minecraft:nether_bricks":28,"minecraft:ladder":1,"minecraft:crimson_roots":3,"minecraft:weeping_vines":2,"minecraft:redstone_wire":5,"minecraft:spruce_leaves":75,"minecraft:kelp":8,"minecraft:hay_block":87,"minecraft:oak_trapdoor":3,"minecraft:furnace":1,"minecraft:carrots":197,"minecraft:black_glazed_terracotta":2,"minecraft:andesite":72,"minecraft:big_dripleaf_stem":1,"minecraft:bell":3,"minecraft:nether_brick_fence":4,"minecraft:potatoes":208,"minecraft:deepslate_iron_ore":94,"minecraft:shroomlight":1,"minecraft:cobblestone_slab":17,"minecraft:stone":618,"minecraft:oak_slab":5,"minecraft:soul_sand":55,"minecraft:dandelion":2,"minecraft:oak_fence":2,"minecraft:crafting_table":13,"minecraft:cornflower":1,"minecraft:short_grass":518,"minecraft:emerald_ore":2,"minecraft:tall_grass":41,"minecraft:copper_ore":13,"minecraft:deepslate_gold_ore":7,"minecraft:diorite":12,"minecraft:birch_planks":1,"minecraft:red_terracotta":2,"minecraft:coarse_dirt":1,"minecraft:redstone_torch":2,"minecraft:sweet_berry_bush":30,"minecraft:spruce_log":95,"minecraft:birch_leaves":1,"minecraft:coal_ore":169,"minecraft:gravel":30,"minecraft:fern":2},"minecraft:killed_by":{"minecraft:zombified_piglin":1,"minecraft:creeper":1,"minecraft:drowned":2,"minecraft:zombie":2,"minecraft:player":1,"minecraft:spider":1,"minecraft:skeleton":1},"minecraft:custom":{"minecraft:interact_with_crafting_table":180,"minecraft:bell_ring":28,"minecraft:leave_game":15,"minecraft:time_since_death":286108,"minecraft:sprint_one_cm":2449899,"minecraft:damage_blocked_by_shield":5979,"minecraft:drop":119,"minecraft:play_noteblock":1,"minecraft:talked_to_villager":8,"minecraft:play_time":795485,"minecraft:deaths":10,"minecraft:jump":14109,"minecraft:walk_on_water_one_cm":139049,"minecraft:enchant_item":6,"minecraft:interact_with_furnace":70,"minecraft:traded_with_villager":12,"minecraft:sleep_in_bed":22,"minecraft:damage_dealt":54715,"minecraft:player_kills":3,"minecraft:crouch_one_cm":33737,"minecraft:interact_with_smoker":18,"minecraft:interact_with_anvil":2,"minecraft:mob_kills":942,"minecraft:inspect_hopper":4,"minecraft:climb_one_cm":13285,"minecraft:walk_one_cm":1654445,"minecraft:sneak_time":12993,"minecraft:walk_under_water_one_cm":109725,"minecraft:boat_one_cm":401150,"minecraft:interact_with_blast_furnace":23,"minecraft:total_world_time":795485,"minecraft:tune_noteblock":365,"minecraft:interact_with_stonecutter":8,"minecraft:interact_with_grindstone":7,"minecraft:time_since_rest":100732,"minecraft:damage_taken":11556,"minecraft:swim_one_cm":88120,"minecraft:fly_one_cm":2460188,"minecraft:open_chest":350,"minecraft:fish_caught":2,"minecraft:fall_one_cm":340004},"minecraft:used":{"minecraft:iron_shovel":29,"minecraft:dispenser":2,"minecraft:ladder":7,"minecraft:poppy":1,"minecraft:chest":23,"minecraft:shield":101,"minecraft:iron_sword":1126,"minecraft:bell":1,"minecraft:rotten_flesh":2,"minecraft:iron_chestplate":2,"minecraft:soul_sand":8,"minecraft:carrot":282,"minecraft:tuff":1,"minecraft:obsidian":10,"minecraft:big_dripleaf":1,"minecraft:spruce_boat":2,"minecraft:lava_bucket":1,"minecraft:iron_helmet":2,"minecraft:mossy_cobblestone_slab":10,"minecraft:golden_sword":12,"minecraft:bow":27,"minecraft:sweet_berries":19,"minecraft:oak_sapling":39,"minecraft:furnace":2,"minecraft:egg":4,"minecraft:potato":288,"minecraft:golden_boots":1,"minecraft:diorite":3,"minecraft:spruce_door":1,"minecraft:oak_planks":46,"minecraft:stone_pickaxe":81,"minecraft:wooden_pickaxe":23,"minecraft:sugar_cane":99,"minecraft:diamond_axe":43,"minecraft:blast_furnace":1,"minecraft:crossbow":4,"minecraft:note_block":1,"minecraft:deepslate_brick_stairs":140,"minecraft:redstone_torch":3,"minecraft:bread":155,"minecraft:oak_pressure_plate":1,"minecraft:gravel":27,"minecraft:diamond_sword":233,"minecraft:wooden_sword":158,"minecraft:andesite":40,"minecraft:oak_boat":4,"minecraft:bone_meal":12,"minecraft:oak_fence":2,"minecraft:oak_trapdoor":11,"minecraft:enchanting_table":2,"minecraft:flint_and_steel":1,"minecraft:stone_shovel":133,"minecraft:redstone":5,"minecraft:spruce_planks":11,"minecraft:netherrack":1411,"minecraft:oak_door":3,"minecraft:torch":263,"minecraft:dirt":303,"minecraft:anvil":1,"minecraft:hopper":9,"minecraft:golden_chestplate":1,"minecraft:granite":6,"minecraft:iron_hoe":340,"minecraft:wooden_axe":60,"minecraft:bookshelf":15,"minecraft:iron_axe":245,"minecraft:iron_boots":1,"minecraft:iron_trapdoor":1,"minecraft:cooked_beef":8,"minecraft:cobbled_deepslate":253,"minecraft:iron_leggings":1,"minecraft:wheat_seeds":20,"minecraft:cooked_mutton":9,"minecraft:water_bucket":157,"minecraft:cobblestone_stairs":1,"minecraft:cartography_table":1,"minecraft:baked_potato":74,"minecraft:spruce_sign":8,"minecraft:stonecutter":1,"minecraft:cobblestone_slab":30,"minecraft:mossy_cobblestone":12,"minecraft:comparator":1,"minecraft:oak_slab":97,"minecraft:crafting_table":23,"minecraft:white_bed":5,"minecraft:spruce_log":2,"minecraft:smoker":1,"minecraft:oak_log":2,"minecraft:diamond_pickaxe":4253,"minecraft:diamond_shovel":190,"minecraft:chicken":1,"minecraft:iron_pickaxe":500,"minecraft:spruce_trapdoor":9,"minecraft:spruce_sapling":20,"minecraft:stone_axe":28,"minecraft:fishing_rod":22,"minecraft:cobblestone":336,"minecraft:purple_bed":1,"minecraft:cooked_porkchop":1,"minecraft:bucket":159,"minecraft:kelp":28,"minecraft:dandelion":2,"minecraft:smooth_stone":2},"minecraft:crafted":{"minecraft:smooth_stone":5,"minecraft:oak_planks":384,"minecraft:cobblestone_slab":12,"minecraft:oak_pressure_plate":1,"minecraft:stone":11,"minecraft:cobblestone_stairs":1,"minecraft:diamond_shovel":1,"minecraft:bookshelf":15,"minecraft:cooked_mutton":9,"minecraft:deepslate_brick_stairs":9,"minecraft:hopper":5,"minecraft:diamond_helmet":1,"minecraft:bow":1,"minecraft:diamond_leggings":1,"minecraft:comparator":1,"minecraft:mossy_cobblestone_slab":6,"minecraft:chest":24,"minecraft:oak_fence":3,"minecraft:golden_boots":1,"minecraft:smoker":1,"minecraft:oak_slab":90,"minecraft:emerald":12,"minecraft:cooked_porkchop":10,"minecraft:diamond_axe":1,"minecraft:crafting_table":10,"minecraft:spruce_planks":316,"minecraft:wooden_pickaxe":1,"minecraft:baked_potato":117,"minecraft:spruce_door":3,"minecraft:cartography_table":1,"minecraft:dispenser":1,"minecraft:spruce_trapdoor":2,"minecraft:book":46,"minecraft:paper":440,"minecraft:diamond_pickaxe":4,"minecraft:shield":3,"minecraft:stick":96,"minecraft:iron_ingot":139,"minecraft:iron_pickaxe":2,"minecraft:iron_block":13,"minecraft:gold_ingot":42,"minecraft:redstone_torch":4,"minecraft:wooden_sword":1,"minecraft:oak_door":3,"minecraft:redstone":180,"minecraft:raw_iron":9,"minecraft:stone_shovel":1,"minecraft:fishing_rod":1,"minecraft:spruce_button":1,"minecraft:furnace":4,"minecraft:blast_furnace":1,"minecraft:bone_meal":12,"minecraft:oak_trapdoor":8,"minecraft:flint_and_steel":1,"minecraft:iron_axe":1,"minecraft:ladder":6,"minecraft:iron_hoe":2,"minecraft:stone_pickaxe":1,"minecraft:diamond_boots":1,"minecraft:spruce_boat":1,"minecraft:redstone_block":20,"minecraft:wheat":756,"minecraft:cooked_beef":8,"minecraft:diamond_sword":1,"minecraft:iron_trapdoor":1,"minecraft:spruce_sign":6,"minecraft:enchanting_table":1,"minecraft:iron_sword":5,"minecraft:bucket":2,"minecraft:air":0,"minecraft:bread":252,"minecraft:oak_boat":3,"minecraft:wooden_axe":2,"minecraft:iron_leggings":1,"minecraft:stonecutter":1,"minecraft:anvil":1,"minecraft:white_bed":1,"minecraft:note_block":1,"minecraft:torch":228,"minecraft:diamond_chestplate":1},"minecraft:dropped":{"minecraft:iron_sword":5,"minecraft:oak_pressure_plate":1,"minecraft:crossbow":1,"minecraft:cod":1,"minecraft:dirt":1,"minecraft:crimson_roots":1,"minecraft:wooden_sword":1,"minecraft:white_wool":1,"minecraft:bone":4,"minecraft:gravel":1,"minecraft:crimson_fungus":1,"minecraft:stone_axe":1,"minecraft:sugar_cane":34,"minecraft:iron_nugget":2,"minecraft:golden_chestplate":1,"minecraft:rotten_flesh":175,"minecraft:oak_planks":32,"minecraft:azure_bluet":1,"minecraft:carrot":10,"minecraft:poppy":4,"minecraft:leather_chestplate":1,"minecraft:gunpowder":2,"minecraft:leather_boots":3,"minecraft:arrow":7,"minecraft:netherrack":51,"minecraft:egg":1,"minecraft:water_bucket":1,"minecraft:golden_boots":1,"minecraft:iron_ingot":6,"minecraft:bread":1,"minecraft:oak_slab":4,"minecraft:wheat_seeds":8,"minecraft:golden_helmet":1,"minecraft:poisonous_potato":2,"minecraft:cobblestone":3,"minecraft:stick":2,"minecraft:diorite":4,"minecraft:torch":49,"minecraft:wooden_axe":1,"minecraft:iron_leggings":2,"minecraft:oak_stairs":1,"minecraft:iron_axe":2,"minecraft:string":1,"minecraft:bucket":1,"minecraft:spruce_sapling":2,"minecraft:soul_soil":2,"minecraft:raw_iron":1,"minecraft:shield":3,"minecraft:spruce_planks":64,"minecraft:diamond_pickaxe":12,"minecraft:oak_sapling":3,"minecraft:spider_eye":1,"minecraft:spruce_log":8,"minecraft:wooden_pickaxe":1},"minecraft:picked_up":{"minecraft:wooden_axe":2,"minecraft:iron_chestplate":7,"minecraft:wheat":16,"minecraft:chainmail_boots":1,"minecraft:lead":2,"minecraft:oak_stairs":1,"minecraft:brewing_stand":2,"minecraft:golden_sword":4,"minecraft:string":11,"minecraft:raw_copper":42,"minecraft:soul_soil":47,"minecraft:iron_leggings":6,"minecraft:shroomlight":1,"minecraft:gold_nugget":325,"minecraft:cobbled_deepslate":1199,"minecraft:bucket":7,"minecraft:spruce_planks":151,"minecraft:redstone_torch":2,"minecraft:cobblestone_slab":18,"minecraft:iron_pickaxe":2,"minecraft:iron_boots":4,"minecraft:furnace":4,"minecraft:golden_helmet":1,"minecraft:stick":50,"minecraft:big_dripleaf":4,"minecraft:oak_fence":2,"minecraft:torch":441,"minecraft:porkchop":65,"minecraft:diorite":28,"minecraft:golden_chestplate":5,"minecraft:stone_sword":3,"minecraft:rotten_flesh":1144,"minecraft:blaze_rod":5,"minecraft:deepslate_brick_stairs":3,"minecraft:obsidian":91,"minecraft:cod":6,"minecraft:cobblestone":1356,"minecraft:magma_block":4,"minecraft:nautilus_shell":2,"minecraft:enchanting_table":1,"minecraft:leather_chestplate":3,"minecraft:mossy_cobblestone_slab":8,"minecraft:feather":14,"minecraft:cooked_beef":18,"minecraft:water_bucket":4,"minecraft:andesite":68,"minecraft:brown_wool":1,"minecraft:smoker":3,"minecraft:potato":986,"minecraft:flint":2,"minecraft:tuff":85,"minecraft:lapis_lazuli":192,"minecraft:dirt":482,"minecraft:leather_boots":7,"minecraft:bone":58,"minecraft:bow":7,"minecraft:wheat_seeds":111,"minecraft:raw_gold":21,"minecraft:bell":7,"minecraft:glowstone_dust":83,"minecraft:oak_planks":363,"minecraft:ghast_tear":3,"minecraft:cooked_porkchop":18,"minecraft:oak_pressure_plate":1,"minecraft:poisonous_potato":9,"minecraft:mossy_cobblestone":38,"minecraft:iron_hoe":4,"minecraft:dispenser":1,"minecraft:diamond":50,"minecraft:spruce_boat":4,"minecraft:crossbow":1,"minecraft:granite":17,"minecraft:spruce_button":1,"minecraft:emerald":2,"minecraft:spruce_sign":2,"minecraft:bread":524,"minecraft:oak_sapling":42,"minecraft:netherrack":2106,"minecraft:crimson_roots":4,"minecraft:diamond_pickaxe":16,"minecraft:crafting_table":19,"minecraft:azure_bluet":1,"minecraft:ominous_bottle":2,"minecraft:chicken":12,"minecraft:ladder":1,"minecraft:shield":6,"minecraft:oak_trapdoor":5,"minecraft:iron_axe":7,"minecraft:wooden_sword":2,"minecraft:iron_shovel":7,"minecraft:beef":68,"minecraft:oak_boat":4,"minecraft:iron_nugget":2,"minecraft:poppy":5,"minecraft:sugar_cane":510,"minecraft:chest":6,"minecraft:spruce_trapdoor":7,"minecraft:phantom_membrane":2,"minecraft:egg":8,"minecraft:raw_iron":317,"minecraft:oak_door":4,"minecraft:carrot":928,"minecraft:redstone":431,"minecraft:arrow":82,"minecraft:weeping_vines":2,"minecraft:stone_shovel":2,"minecraft:hay_block":87,"minecraft:gold_ingot":2,"minecraft:mutton":17,"minecraft:white_wool":11,"minecraft:tripwire_hook":1,"minecraft:leather":103,"minecraft:crimson_fungus":3,"minecraft:oak_log":128,"minecraft:chainmail_chestplate":1,"minecraft:ancient_debris":2,"minecraft:golden_boots":6,"minecraft:nether_wart_block":7,"minecraft:gunpowder":14,"minecraft:paper":1,"minecraft:white_banner":2,"minecraft:cooked_mutton":12,"minecraft:apple":6,"minecraft:kelp":74,"minecraft:iron_ingot":96,"minecraft:stone_pickaxe":4,"minecraft:stripped_oak_wood":1,"minecraft:iron_sword":16,"minecraft:soul_sand":124,"minecraft:book":3,"minecraft:oak_slab":11,"minecraft:sweet_berries":83,"minecraft:quartz":292,"minecraft:dandelion":2,"minecraft:raw_iron_block":4,"minecraft:gravel":28,"minecraft:spruce_sapling":29,"minecraft:blast_furnace":3,"minecraft:white_bed":4,"minecraft:spruce_log":108,"minecraft:spider_eye":4,"minecraft:leather_helmet":2,"minecraft:diamond_shovel":5,"minecraft:purple_bed":3,"minecraft:stone_axe":1,"minecraft:chainmail_leggings":1,"minecraft:iron_helmet":7,"minecraft:baked_potato":200,"minecraft:coal":544,"minecraft:hopper":4,"minecraft:ender_pearl":2},"minecraft:killed":{"minecraft:zombified_piglin":80,"minecraft:witch":1,"minecraft:spider":16,"minecraft:skeleton":35,"minecraft:chicken":13,"minecraft:cat":1,"minecraft:magma_cube":30,"minecraft:piglin":3,"minecraft:pig":9,"minecraft:zombie_villager":1,"minecraft:iron_golem":3,"minecraft:creeper":9,"minecraft:sheep":11,"minecraft:trader_llama":2,"minecraft:pillager":13,"minecraft:zombie":666,"minecraft:ghast":4,"minecraft:blaze":12,"minecraft:cow":11,"minecraft:phantom":2,"minecraft:horse":4,"minecraft:drowned":1,"minecraft:wandering_trader":1,"minecraft:hoglin":7,"minecraft:enderman":1}},"DataVersion":3953}