{"stat.useItem.minecraft.quartz_block":402,"stat.leaveGame":8,"stat.useItem.chisel.glasspane":112,"stat.craftItem.minecraft.iron_axe":1,"stat.useItem.minecraft.mutton":3,"stat.killEntity.PigZombie":1,"stat.useItem.minecraft.planks":157,"stat.useItem.minecraft.golden_shovel":35,"stat.useItem.minecraft.nether_brick_stairs":3,"stat.pickup.minecraft.glowstone_dust":4,"stat.entityKilledBy.PigZombie":1,"stat.pickup.minecraft.porkchop":34,"stat.pickup.minecraft.glass":33,"stat.pickup.iceandfire.stymphalian_bird_feather":17,"stat.mineBlock.astralsorcery.blockcustomflower":2,"stat.useItem.minecraft.water_bucket":25,"stat.pickup.minecraft.rotten_flesh":35,"stat.pickup.minecraft.sand":428,"stat.entityKilledBy.Spider":1,"stat.craftItem.minecraft.iron_shovel":15,"stat.mineBlock.minecraft.sand":347,"stat.killEntity.Witch":1,"stat.pickup.chisel.chisel_iron":3,"stat.drop.astralsorcery.itemjournal":1,"stat.useItem.minecraft.iron_pickaxe":130,"stat.useItem.minecraft.iron_shovel":3745,"stat.pickup.astralsorcery.itemjournal":1,"stat.pickup.minecraft.double_plant":21,"stat.craftItem.minecraft.bed":1,"stat.craftItem.minecraft.glass_pane":336,"stat.mineBlock.chisel.marble2":10,"stat.mineBlock.minecraft.vine":2,"stat.furnaceInteraction":158,"stat.mineBlock.botania.flower":36,"stat.killEntity.ZombieVillager":1,"stat.pickup.minecraft.nether_brick":410,"stat.useItem.minecraft.cooked_mutton":12,"stat.pickup.minecraft.furnace":13,"stat.craftItem.travelersbackpack.travelers_backpack":2,"stat.pickup.ic2.bronze_helmet":3,"stat.pickup.iceandfire.stymphalian_bird_dagger":4,"stat.deaths":4,"stat.pickup.minecraft.egg":19,"stat.playOneMinute":439639,"stat.useItem.chisel.netherbrick":2,"stat.useItem.minecraft.nether_brick":314,"stat.pickup.chisel.netherbrick":66,"stat.craftItem.minecraft.iron_pickaxe":2,"stat.pickup.minecraft.glass_pane":7,"stat.pickup.chisel.marble2":12,"stat.mineBlock.minecraft.tallgrass":408,"stat.craftItem.minecraft.cooked_mutton":21,"stat.pickup.minecraft.netherrack":176,"stat.pickup.minecraft.cooked_mutton":25,"stat.pickup.chisel.dirt":2,"stat.chestOpened":144,"stat.pickup.minecraft.iron_sword":7,"stat.pickup.minecraft.arrow":8,"stat.pickup.minecraft.gold_nugget":1,"stat.craftItem.minecraft.iron_hoe":1,"stat.pickup.minecraft.cooked_chicken":1,"stat.fallOneCm":98298,"stat.pickup.minecraft.carrot":13,"stat.crouchOneCm":109614,"stat.mineBlock.minecraft.chest":5,"stat.craftItem.minecraft.iron_ingot":63,"stat.craftItem.minecraft.chest":5,"stat.useItem.minecraft.iron_hoe":28,"stat.craftingTableInteraction":65,"stat.mineBlock.ic2.resource":1,"stat.mineBlock.chisel.glasspane":27,"stat.pickup.minecraft.wooden_pickaxe":2,"stat.pickup.minecraft.feather":15,"stat.useItem.minecraft.furnace":6,"stat.craftItem.minecraft.nether_brick":1,"stat.pickup.minecraft.dye":3,"stat.pickup.minecraft.planks":188,"stat.pickup.minecraft.iron_leggings":6,"stat.pickup.chisel.limestone2":6,"stat.pickup.minecraft.wheat_seeds":254,"stat.mineBlock.minecraft.gravel":1,"stat.useItem.minecraft.stone_pickaxe":199,"stat.useItem.minecraft.stone_sword":56,"stat.mineBlock.minecraft.dirt":3075,"stat.drop.minecraft.iron_axe":1,"stat.useItem.minecraft.torch":237,"stat.useItem.minecraft.bread":4,"stat.pickup.minecraft.crafting_table":4,"stat.useItem.minecraft.log":2,"stat.useItem.minecraft.cobblestone":9,"stat.craftItem.minecraft.crafting_table":1,"stat.mineBlock.minecraft.double_plant":30,"stat.pickup.minecraft.log":158,"stat.pickup.chisel.glasspane":92,"stat.mineBlock.galacticraftcore.basic_block_core":21,"stat.pickup.minecraft.iron_pickaxe":8,"stat.craftItem.minecraft.gold_ingot":19,"stat.pickup.minecraft.web":28,"stat.pickup.minecraft.chicken":18,"stat.pickup.minecraft.sapling":11,"stat.pickup.minecraft.wooden_door":5,"stat.pickup.minecraft.apple":2,"stat.useItem.minecraft.glass_pane":70,"stat.pickup.minecraft.beetroot":28,"stat.craftItem.minecraft.bucket":1,"stat.craftItem.minecraft.planks":388,"stat.useItem.minecraft.iron_sword":131,"stat.pickup.minecraft.stone_sword":3,"stat.mineBlock.minecraft.log":103,"stat.craftItem.minecraft.wooden_door":3,"stat.craftItem.minecraft.cooked_chicken":10,"stat.useItem.minecraft.wooden_door":2,"stat.pickup.iceandfire.pixie_house":2,"stat.pickup.minecraft.red_flower":14,"stat.sneakTime":34854,"stat.pickup.minecraft.wool":21,"stat.useItem.minecraft.baked_potato":20,"stat.pickup.minecraft.yellow_flower":9,"stat.pickup.minecraft.chest":3,"stat.pickup.minecraft.bone":7,"stat.useItem.minecraft.iron_axe":245,"stat.pickup.minecraft.stone_pickaxe":2,"stat.mineBlock.minecraft.yellow_flower":7,"stat.craftItem.minecraft.wool":4,"stat.swimOneCm":30815,"stat.climbOneCm":248,"stat.pickup.minecraft.cooked_porkchop":3,"stat.useItem.minecraft.dirt":3357,"stat.pickup.minecraft.golden_helmet":2,"stat.useItem.minecraft.stone_slab2":149,"stat.pickup.minecraft.iron_boots":3,"stat.craftItem.minecraft.furnace":2,"stat.useItem.minecraft.red_flower":1,"stat.useItem.minecraft.egg":5,"stat.craftItem.minecraft.stone_pickaxe":1,"stat.pickup.minecraft.cobblestone":155,"stat.mineBlock.minecraft.clay":1,"stat.mineBlock.chisel.limestone2":6,"stat.flyOneCm":729385,"stat.craftItem.ic2.ingot":1,"stat.mineBlock.minecraft.iron_ore":30,"stat.useItem.iceandfire.stymphalian_bird_dagger":182,"stat.timeSinceDeath":13147,"stat.pickup.minecraft.mutton":26,"stat.pickup.travelersbackpack.travelers_backpack":3,"stat.useItem.minecraft.potato":26,"stat.pickup.minecraft.stonebrick":1,"stat.pickup.galacticraftcore.basic_block_core":35,"stat.pickup.minecraft.iron_shovel":5,"stat.mineBlock.minecraft.coal_ore":76,"stat.mineBlock.minecraft.nether_brick":5,"stat.killEntity.Creeper":2,"stat.pickup.minecraft.string":6,"stat.craftItem.minecraft.stone_slab2":0,"stat.killEntity.Squid":1,"stat.sprintOneCm":468161,"stat.craftItem.minecraft.stick":116,"stat.pickup.ic2.resource":2,"stat.mineBlock.minecraft.crafting_table":4,"stat.mineBlock.minecraft.quartz_block":21,"stat.pickup.botania.flower":66,"stat.mineBlock.minecraft.planks":104,"stat.drop":3,"stat.pickup.thebetweenlands.swamp_talisman":1,"stat.killEntity.Sheep":15,"stat.killEntity.Zombie":11,"stat.craftItem.minecraft.dye":4,"stat.diveOneCm":39618,"stat.pickup.minecraft.wheat":1,"stat.mineBlock.botania.doubleflower2":3,"stat.pickup.minecraft.gravel":2,"stat.craftItem.minecraft.cooked_porkchop":7,"stat.pickup.minecraft.stone_axe":1,"stat.craftItem.travelersbackpack.backpack_tank":4,"stat.jump":5585,"stat.useItem.minecraft.sand":3,"stat.pickup.minecraft.coal":286,"stat.pickup.minecraft.iron_helmet":1,"stat.pickup.minecraft.iron_ingot":82,"stat.pickup.minecraft.gunpowder":7,"stat.pickup.minecraft.spider_eye":3,"stat.craftItem.minecraft.torch":140,"stat.pickup.minecraft.dirt":3891,"stat.drop.minecraft.glass":1,"stat.useItem.minecraft.cooked_chicken":5,"stat.pickup.minecraft.iron_ore":42,"stat.useItem.minecraft.sapling":1,"stat.pickup.minecraft.iron_axe":5,"stat.pickup.minecraft.leaves":149,"stat.mineBlock.minecraft.glass_pane":71,"stat.damageTaken":2817,"stat.pickup.minecraft.leather":5,"stat.mineBlock.iceandfire.pixie_house":1,"stat.mineBlock.minecraft.furnace":12,"stat.mineBlock.minecraft.torch":65,"stat.mineBlock.minecraft.red_flower":15,"stat.pickup.minecraft.reeds":6,"stat.pickup.minecraft.bed":20,"stat.craftItem.minecraft.netherbrick":176,"stat.pickup.minecraft.quartz_block":284,"stat.pickup.minecraft.potato":177,"stat.damageDealt":9270,"stat.craftItem.minecraft.glass":258,"stat.sleepInBed":47,"stat.craftItem.minecraft.baked_potato":39,"stat.killEntity.Pig":12,"stat.craftItem.minecraft.iron_sword":1,"stat.walkOneCm":1709186,"stat.useItem.minecraft.chest":2,"stat.pickup.minecraft.stick":160,"stat.pickup.minecraft.clay_ball":4,"stat.useItem.galacticraftcore.basic_block_core":6,"stat.pickup.minecraft.stone":7,"stat.pickup.minecraft.baked_potato":90,"stat.useItem.minecraft.leaves":34,"stat.killEntity.Skeleton":4,"stat.craftItem.travelersbackpack.sleeping_bag_bottom":2,"stat.killEntity.Chicken":15,"stat.mineBlock.chisel.netherbrick":2,"stat.pickup.minecraft.netherbrick":109,"stat.killEntity.Spider":6,"stat.pickup.minecraft.bread":8,"stat.pickup.astralsorcery.itemcraftingcomponent":10,"stat.mobKills":75,"stat.pickup.minecraft.quartz":2,"stat.craftItem.minecraft.shears":1,"stat.pickup.minecraft.water_bucket":3,"stat.craftItem.minecraft.golden_shovel":1,"stat.mineBlock.minecraft.leaves":249,"stat.pickup.minecraft.beetroot_seeds":52,"stat.pickup.minecraft.torch":166,"stat.craftItem.minecraft.nether_brick_stairs":4,"stat.mineBlock.astralsorcery.blockcustomsandore":1,"stat.craftItem.galacticraftcore.basic_item":14,"stat.mineBlock.minecraft.stone":106}