{"stat.pickup.minecraft.bone":1,"stat.useItem.minecraft.iron_axe":166,"stat.leaveGame":1,"stat.pickup.minecraft.stone_pickaxe":2,"stat.mineBlock.minecraft.yellow_flower":6,"stat.craftItem.minecraft.iron_axe":1,"stat.craftItem.minecraft.wool":4,"stat.useItem.minecraft.mutton":3,"stat.swimOneCm":15563,"stat.useItem.minecraft.planks":101,"stat.pickup.minecraft.glowstone_dust":2,"stat.pickup.minecraft.porkchop":6,"stat.pickup.iceandfire.stymphalian_bird_feather":5,"stat.useItem.minecraft.dirt":89,"stat.mineBlock.astralsorcery.blockcustomflower":2,"stat.useItem.minecraft.stone_slab2":42,"stat.useItem.minecraft.water_bucket":4,"stat.pickup.minecraft.rotten_flesh":7,"stat.pickup.minecraft.sand":28,"stat.craftItem.minecraft.furnace":2,"stat.entityKilledBy.Spider":1,"stat.useItem.minecraft.egg":5,"stat.craftItem.minecraft.stone_pickaxe":1,"stat.pickup.minecraft.cobblestone":125,"stat.mineBlock.chisel.limestone2":6,"stat.flyOneCm":113957,"stat.craftItem.minecraft.iron_shovel":1,"stat.mineBlock.minecraft.sand":28,"stat.craftItem.ic2.ingot":1,"stat.mineBlock.minecraft.iron_ore":30,"stat.timeSinceDeath":61064,"stat.drop.astralsorcery.itemjournal":1,"stat.useItem.minecraft.iron_pickaxe":62,"stat.pickup.minecraft.mutton":21,"stat.useItem.minecraft.iron_shovel":278,"stat.pickup.astralsorcery.itemjournal":1,"stat.pickup.minecraft.double_plant":1,"stat.craftItem.minecraft.bed":1,"stat.pickup.travelersbackpack.travelers_backpack":1,"stat.useItem.minecraft.potato":26,"stat.mineBlock.chisel.marble2":10,"stat.pickup.minecraft.stonebrick":1,"stat.furnaceInteraction":81,"stat.pickup.galacticraftcore.basic_block_core":35,"stat.mineBlock.botania.flower":23,"stat.killEntity.ZombieVillager":1,"stat.mineBlock.minecraft.coal_ore":76,"stat.killEntity.Creeper":1,"stat.pickup.minecraft.string":2,"stat.useItem.minecraft.cooked_mutton":6,"stat.pickup.minecraft.furnace":9,"stat.craftItem.minecraft.stone_slab2":0,"stat.craftItem.travelersbackpack.travelers_backpack":2,"stat.sprintOneCm":106175,"stat.craftItem.minecraft.stick":24,"stat.pickup.ic2.resource":2,"stat.pickup.ic2.bronze_helmet":1,"stat.mineBlock.minecraft.crafting_table":3,"stat.pickup.botania.flower":29,"stat.mineBlock.minecraft.planks":100,"stat.deaths":1,"stat.drop":2,"stat.pickup.minecraft.egg":13,"stat.playOneMinute":122798,"stat.killEntity.Sheep":12,"stat.craftItem.minecraft.iron_pickaxe":2,"stat.killEntity.Zombie":3,"stat.craftItem.minecraft.dye":4,"stat.pickup.chisel.marble2":12,"stat.mineBlock.minecraft.tallgrass":53,"stat.craftItem.minecraft.cooked_mutton":16,"stat.diveOneCm":17255,"stat.pickup.minecraft.cooked_mutton":20,"stat.pickup.minecraft.wheat":1,"stat.chestOpened":38,"stat.mineBlock.botania.doubleflower2":2,"stat.pickup.minecraft.iron_sword":1,"stat.craftItem.minecraft.cooked_porkchop":6,"stat.pickup.minecraft.stone_axe":1,"stat.craftItem.minecraft.iron_hoe":1,"stat.craftItem.travelersbackpack.backpack_tank":4,"stat.jump":1392,"stat.pickup.minecraft.coal":172,"stat.pickup.minecraft.iron_helmet":1,"stat.fallOneCm":22933,"stat.pickup.minecraft.iron_ingot":47,"stat.pickup.minecraft.carrot":13,"stat.pickup.minecraft.gunpowder":2,"stat.crouchOneCm":5897,"stat.mineBlock.minecraft.chest":2,"stat.pickup.minecraft.spider_eye":1,"stat.craftItem.minecraft.iron_ingot":63,"stat.craftItem.minecraft.torch":48,"stat.craftItem.minecraft.chest":4,"stat.pickup.minecraft.dirt":290,"stat.useItem.minecraft.iron_hoe":28,"stat.pickup.minecraft.iron_ore":42,"stat.craftingTableInteraction":41,"stat.useItem.minecraft.sapling":1,"stat.mineBlock.ic2.resource":1,"stat.pickup.minecraft.iron_axe":2,"stat.pickup.minecraft.wooden_pickaxe":2,"stat.pickup.minecraft.feather":7,"stat.damageTaken":712,"stat.pickup.minecraft.leather":5,"stat.mineBlock.minecraft.furnace":8,"stat.mineBlock.minecraft.torch":35,"stat.mineBlock.minecraft.red_flower":6,"stat.useItem.minecraft.furnace":3,"stat.pickup.minecraft.planks":169,"stat.pickup.minecraft.reeds":6,"stat.pickup.minecraft.iron_leggings":3,"stat.pickup.chisel.limestone2":6,"stat.pickup.minecraft.bed":9,"stat.pickup.minecraft.wheat_seeds":52,"stat.pickup.minecraft.potato":107,"stat.useItem.minecraft.stone_pickaxe":199,"stat.useItem.minecraft.stone_sword":56,"stat.damageDealt":3513,"stat.craftItem.minecraft.glass":28,"stat.sleepInBed":17,"stat.craftItem.minecraft.baked_potato":39,"stat.mineBlock.minecraft.dirt":252,"stat.killEntity.Pig":3,"stat.craftItem.minecraft.iron_sword":1,"stat.drop.minecraft.iron_axe":1,"stat.walkOneCm":449156,"stat.useItem.minecraft.torch":83,"stat.pickup.minecraft.stick":23,"stat.pickup.minecraft.crafting_table":3,"stat.useItem.minecraft.log":2,"stat.useItem.minecraft.cobblestone":9,"stat.craftItem.minecraft.crafting_table":1,"stat.mineBlock.minecraft.double_plant":6,"stat.useItem.galacticraftcore.basic_block_core":6,"stat.pickup.minecraft.log":47,"stat.mineBlock.galacticraftcore.basic_block_core":21,"stat.pickup.minecraft.iron_pickaxe":2,"stat.craftItem.minecraft.gold_ingot":19,"stat.pickup.minecraft.stone":6,"stat.pickup.minecraft.web":14,"stat.pickup.minecraft.chicken":7,"stat.pickup.minecraft.baked_potato":17,"stat.pickup.minecraft.sapling":6,"stat.pickup.minecraft.wooden_door":4,"stat.pickup.minecraft.apple":2,"stat.craftItem.travelersbackpack.sleeping_bag_bottom":2,"stat.craftItem.minecraft.bucket":1,"stat.craftItem.minecraft.planks":148,"stat.useItem.minecraft.iron_sword":79,"stat.killEntity.Chicken":8,"stat.killEntity.Spider":2,"stat.pickup.minecraft.stone_sword":3,"stat.mobKills":36,"stat.mineBlock.minecraft.log":43,"stat.craftItem.minecraft.wooden_door":3,"stat.craftItem.minecraft.cooked_chicken":4,"stat.useItem.minecraft.wooden_door":2,"stat.pickup.minecraft.water_bucket":1,"stat.mineBlock.minecraft.leaves":6,"stat.pickup.minecraft.torch":106,"stat.pickup.minecraft.red_flower":5,"stat.sneakTime":2537,"stat.pickup.minecraft.wool":15,"stat.useItem.minecraft.baked_potato":2,"stat.craftItem.galacticraftcore.basic_item":14,"stat.pickup.minecraft.yellow_flower":9,"stat.mineBlock.minecraft.stone":74}