{"stat.leaveGame":5,"stat.craftItem.minecraft.iron_axe":1,"stat.useItem.minecraft.mutton":3,"stat.killEntity.PigZombie":1,"stat.useItem.minecraft.planks":101,"stat.useItem.minecraft.golden_shovel":35,"stat.pickup.minecraft.glowstone_dust":4,"stat.entityKilledBy.PigZombie":1,"stat.pickup.minecraft.porkchop":33,"stat.pickup.iceandfire.stymphalian_bird_feather":17,"stat.mineBlock.astralsorcery.blockcustomflower":2,"stat.useItem.minecraft.water_bucket":4,"stat.pickup.minecraft.rotten_flesh":15,"stat.pickup.minecraft.sand":42,"stat.entityKilledBy.Spider":1,"stat.craftItem.minecraft.iron_shovel":11,"stat.mineBlock.minecraft.sand":42,"stat.killEntity.Witch":1,"stat.drop.astralsorcery.itemjournal":1,"stat.useItem.minecraft.iron_pickaxe":104,"stat.useItem.minecraft.iron_shovel":2643,"stat.pickup.astralsorcery.itemjournal":1,"stat.pickup.minecraft.double_plant":21,"stat.craftItem.minecraft.bed":1,"stat.mineBlock.chisel.marble2":10,"stat.furnaceInteraction":125,"stat.mineBlock.botania.flower":32,"stat.killEntity.ZombieVillager":1,"stat.pickup.minecraft.nether_brick":2,"stat.useItem.minecraft.cooked_mutton":12,"stat.pickup.minecraft.furnace":13,"stat.craftItem.travelersbackpack.travelers_backpack":2,"stat.pickup.ic2.bronze_helmet":2,"stat.pickup.iceandfire.stymphalian_bird_dagger":2,"stat.deaths":2,"stat.pickup.minecraft.egg":19,"stat.playOneMinute":281356,"stat.useItem.minecraft.nether_brick":194,"stat.craftItem.minecraft.iron_pickaxe":2,"stat.pickup.chisel.marble2":12,"stat.mineBlock.minecraft.tallgrass":280,"stat.craftItem.minecraft.cooked_mutton":16,"stat.pickup.minecraft.netherrack":176,"stat.pickup.minecraft.cooked_mutton":20,"stat.pickup.chisel.dirt":1,"stat.chestOpened":86,"stat.pickup.minecraft.iron_sword":3,"stat.pickup.minecraft.arrow":4,"stat.pickup.minecraft.gold_nugget":1,"stat.craftItem.minecraft.iron_hoe":1,"stat.fallOneCm":55295,"stat.pickup.minecraft.carrot":13,"stat.crouchOneCm":76084,"stat.mineBlock.minecraft.chest":5,"stat.craftItem.minecraft.iron_ingot":63,"stat.craftItem.minecraft.chest":5,"stat.useItem.minecraft.iron_hoe":28,"stat.craftingTableInteraction":56,"stat.mineBlock.ic2.resource":1,"stat.pickup.minecraft.wooden_pickaxe":2,"stat.pickup.minecraft.feather":11,"stat.useItem.minecraft.furnace":6,"stat.craftItem.minecraft.nether_brick":1,"stat.pickup.minecraft.dye":3,"stat.pickup.minecraft.planks":184,"stat.pickup.minecraft.iron_leggings":4,"stat.pickup.chisel.limestone2":6,"stat.pickup.minecraft.wheat_seeds":210,"stat.useItem.minecraft.stone_pickaxe":199,"stat.useItem.minecraft.stone_sword":56,"stat.mineBlock.minecraft.dirt":2482,"stat.drop.minecraft.iron_axe":1,"stat.useItem.minecraft.torch":228,"stat.pickup.minecraft.crafting_table":4,"stat.useItem.minecraft.log":2,"stat.useItem.minecraft.cobblestone":9,"stat.craftItem.minecraft.crafting_table":1,"stat.mineBlock.minecraft.double_plant":24,"stat.pickup.minecraft.log":56,"stat.mineBlock.galacticraftcore.basic_block_core":21,"stat.pickup.minecraft.iron_pickaxe":4,"stat.craftItem.minecraft.gold_ingot":19,"stat.pickup.minecraft.web":28,"stat.pickup.minecraft.chicken":15,"stat.pickup.minecraft.sapling":11,"stat.pickup.minecraft.wooden_door":5,"stat.pickup.minecraft.apple":2,"stat.pickup.minecraft.beetroot":28,"stat.craftItem.minecraft.bucket":1,"stat.craftItem.minecraft.planks":184,"stat.useItem.minecraft.iron_sword":131,"stat.pickup.minecraft.stone_sword":3,"stat.mineBlock.minecraft.log":52,"stat.craftItem.minecraft.wooden_door":3,"stat.craftItem.minecraft.cooked_chicken":4,"stat.useItem.minecraft.wooden_door":2,"stat.pickup.iceandfire.pixie_house":2,"stat.pickup.minecraft.red_flower":6,"stat.sneakTime":26067,"stat.pickup.minecraft.wool":15,"stat.useItem.minecraft.baked_potato":16,"stat.pickup.minecraft.yellow_flower":9,"stat.pickup.minecraft.chest":3,"stat.pickup.minecraft.bone":7,"stat.useItem.minecraft.iron_axe":189,"stat.pickup.minecraft.stone_pickaxe":2,"stat.mineBlock.minecraft.yellow_flower":7,"stat.craftItem.minecraft.wool":4,"stat.swimOneCm":18074,"stat.pickup.minecraft.cooked_porkchop":2,"stat.useItem.minecraft.dirt":2125,"stat.useItem.minecraft.stone_slab2":102,"stat.pickup.minecraft.iron_boots":1,"stat.craftItem.minecraft.furnace":2,"stat.useItem.minecraft.egg":5,"stat.craftItem.minecraft.stone_pickaxe":1,"stat.pickup.minecraft.cobblestone":155,"stat.mineBlock.chisel.limestone2":6,"stat.flyOneCm":358442,"stat.craftItem.ic2.ingot":1,"stat.mineBlock.minecraft.iron_ore":30,"stat.useItem.iceandfire.stymphalian_bird_dagger":109,"stat.timeSinceDeath":49104,"stat.pickup.minecraft.mutton":21,"stat.pickup.travelersbackpack.travelers_backpack":3,"stat.useItem.minecraft.potato":26,"stat.pickup.minecraft.stonebrick":1,"stat.pickup.galacticraftcore.basic_block_core":35,"stat.pickup.minecraft.iron_shovel":2,"stat.mineBlock.minecraft.coal_ore":76,"stat.mineBlock.minecraft.nether_brick":2,"stat.killEntity.Creeper":2,"stat.pickup.minecraft.string":6,"stat.craftItem.minecraft.stone_slab2":0,"stat.killEntity.Squid":1,"stat.sprintOneCm":295662,"stat.craftItem.minecraft.stick":116,"stat.pickup.ic2.resource":2,"stat.mineBlock.minecraft.crafting_table":4,"stat.pickup.botania.flower":56,"stat.mineBlock.minecraft.planks":100,"stat.drop":2,"stat.pickup.thebetweenlands.swamp_talisman":1,"stat.killEntity.Sheep":12,"stat.killEntity.Zombie":8,"stat.craftItem.minecraft.dye":4,"stat.diveOneCm":20809,"stat.pickup.minecraft.wheat":1,"stat.mineBlock.botania.doubleflower2":3,"stat.craftItem.minecraft.cooked_porkchop":6,"stat.pickup.minecraft.stone_axe":1,"stat.craftItem.travelersbackpack.backpack_tank":4,"stat.jump":3232,"stat.pickup.minecraft.coal":267,"stat.pickup.minecraft.iron_helmet":1,"stat.pickup.minecraft.iron_ingot":68,"stat.pickup.minecraft.gunpowder":7,"stat.pickup.minecraft.spider_eye":3,"stat.craftItem.minecraft.torch":140,"stat.pickup.minecraft.dirt":3031,"stat.pickup.minecraft.iron_ore":42,"stat.useItem.minecraft.sapling":1,"stat.pickup.minecraft.iron_axe":3,"stat.damageTaken":1970,"stat.pickup.minecraft.leather":5,"stat.mineBlock.iceandfire.pixie_house":1,"stat.mineBlock.minecraft.furnace":12,"stat.mineBlock.minecraft.torch":45,"stat.mineBlock.minecraft.red_flower":9,"stat.pickup.minecraft.reeds":6,"stat.pickup.minecraft.bed":18,"stat.craftItem.minecraft.netherbrick":176,"stat.pickup.minecraft.quartz_block":249,"stat.pickup.minecraft.potato":163,"stat.damageDealt":8152,"stat.craftItem.minecraft.glass":42,"stat.sleepInBed":32,"stat.craftItem.minecraft.baked_potato":39,"stat.killEntity.Pig":11,"stat.craftItem.minecraft.iron_sword":1,"stat.walkOneCm":1120788,"stat.useItem.minecraft.chest":2,"stat.pickup.minecraft.stick":74,"stat.useItem.galacticraftcore.basic_block_core":6,"stat.pickup.minecraft.stone":7,"stat.pickup.minecraft.baked_potato":48,"stat.killEntity.Skeleton":4,"stat.craftItem.travelersbackpack.sleeping_bag_bottom":2,"stat.killEntity.Chicken":12,"stat.pickup.minecraft.netherbrick":109,"stat.killEntity.Spider":6,"stat.pickup.minecraft.bread":4,"stat.mobKills":65,"stat.pickup.minecraft.water_bucket":1,"stat.craftItem.minecraft.golden_shovel":1,"stat.mineBlock.minecraft.leaves":8,"stat.pickup.minecraft.beetroot_seeds":52,"stat.pickup.minecraft.torch":137,"stat.craftItem.galacticraftcore.basic_item":14,"stat.mineBlock.minecraft.stone":106}