{"stat.useItem.minecraft.bow":13,"stat.useItem.minecraft.quartz_block":1545,"stat.mineBlock.iceandfire.chared_grass":2,"stat.leaveGame":14,"stat.useItem.chisel.glasspane":270,"stat.craftItem.minecraft.iron_axe":1,"stat.useItem.minecraft.mutton":3,"stat.killEntity.PigZombie":1,"stat.useItem.minecraft.planks":157,"stat.useItem.minecraft.golden_shovel":35,"stat.useItem.minecraft.nether_brick_stairs":3,"stat.pickup.minecraft.glowstone_dust":4,"stat.entityKilledBy.PigZombie":1,"stat.pickup.minecraft.porkchop":36,"stat.pickup.minecraft.glass":139,"stat.pickup.iceandfire.stymphalian_bird_feather":17,"stat.mineBlock.astralsorcery.blockcustomflower":2,"stat.useItem.minecraft.water_bucket":59,"stat.pickup.minecraft.rotten_flesh":71,"stat.pickup.minecraft.sand":1874,"stat.entityKilledBy.Spider":1,"stat.pickup.iceandfire.chared_cobblestone":3,"stat.useItem.botania.flower":23,"stat.craftItem.minecraft.iron_shovel":24,"stat.mineBlock.minecraft.sand":614,"stat.killEntity.Witch":1,"stat.pickup.chisel.chisel_iron":7,"stat.drop.astralsorcery.itemjournal":1,"stat.useItem.minecraft.iron_pickaxe":343,"stat.useItem.minecraft.iron_shovel":5883,"stat.pickup.astralsorcery.itemjournal":1,"stat.pickup.minecraft.double_plant":21,"stat.craftItem.minecraft.bed":1,"stat.craftItem.minecraft.glass_pane":1520,"stat.mineBlock.chisel.marble2":12,"stat.mineBlock.minecraft.vine":2,"stat.furnaceInteraction":312,"stat.mineBlock.botania.flower":53,"stat.killEntity.ZombieVillager":2,"stat.pickup.minecraft.nether_brick":743,"stat.pickup.minecraft.beef":10,"stat.useItem.minecraft.cooked_mutton":17,"stat.pickup.minecraft.furnace":14,"stat.craftItem.travelersbackpack.travelers_backpack":2,"stat.pickup.ic2.bronze_helmet":4,"stat.pickup.iceandfire.stymphalian_bird_dagger":8,"stat.deaths":10,"stat.pickup.minecraft.egg":25,"stat.playOneMinute":768162,"stat.useItem.chisel.netherbrick":2,"stat.useItem.minecraft.nether_brick":413,"stat.pickup.chisel.netherbrick":66,"stat.craftItem.minecraft.iron_pickaxe":2,"stat.useItem.minecraft.shears":2,"stat.pickup.minecraft.glass_pane":104,"stat.pickup.chisel.marble2":12,"stat.mineBlock.minecraft.tallgrass":569,"stat.craftItem.minecraft.cooked_mutton":21,"stat.pickup.minecraft.netherrack":177,"stat.pickup.minecraft.cooked_mutton":25,"stat.pickup.chisel.dirt":2,"stat.chestOpened":281,"stat.mineBlock.minecraft.netherrack":1,"stat.pickup.minecraft.iron_sword":15,"stat.pickup.minecraft.arrow":48,"stat.pickup.minecraft.waterlily":4,"stat.mineBlock.minecraft.ice":5,"stat.pickup.minecraft.gold_nugget":1,"stat.craftItem.minecraft.iron_hoe":1,"stat.pickup.minecraft.cooked_chicken":2,"stat.fallOneCm":194940,"stat.pickup.minecraft.carrot":100,"stat.crouchOneCm":234276,"stat.mineBlock.minecraft.chest":5,"stat.craftItem.minecraft.iron_ingot":110,"stat.craftItem.minecraft.chest":6,"stat.pickup.minecraft.golden_leggings":4,"stat.useItem.minecraft.iron_hoe":192,"stat.craftingTableInteraction":91,"stat.mineBlock.ic2.resource":2,"stat.mineBlock.chisel.glasspane":40,"stat.pickup.minecraft.wooden_pickaxe":2,"stat.mineBlock.minecraft.log2":5,"stat.pickup.minecraft.feather":17,"stat.useItem.minecraft.furnace":6,"stat.craftItem.minecraft.nether_brick":1,"stat.pickup.minecraft.dye":3,"stat.pickup.minecraft.planks":468,"stat.pickup.minecraft.iron_leggings":9,"stat.pickup.chisel.limestone2":8,"stat.pickup.minecraft.wheat_seeds":320,"stat.mineBlock.minecraft.gravel":9,"stat.useItem.minecraft.stone_pickaxe":224,"stat.mineBlock.minecraft.glass":1,"stat.useItem.minecraft.stone_sword":56,"stat.mineBlock.minecraft.dirt":4907,"stat.pickup.minecraft.chainmail_boots":2,"stat.pickup.minecraft.poisonous_potato":15,"stat.drop.minecraft.iron_axe":1,"stat.useItem.minecraft.torch":513,"stat.useItem.minecraft.bread":4,"stat.pickup.minecraft.crafting_table":7,"stat.useItem.minecraft.log":2,"stat.useItem.minecraft.cobblestone":9,"stat.craftItem.minecraft.crafting_table":2,"stat.mineBlock.minecraft.double_plant":41,"stat.pickup.minecraft.iron_hoe":1,"stat.pickup.minecraft.log":158,"stat.pickup.chisel.glasspane":251,"stat.mineBlock.galacticraftcore.basic_block_core":21,"stat.pickup.minecraft.iron_pickaxe":14,"stat.craftItem.minecraft.gold_ingot":45,"stat.pickup.minecraft.web":28,"stat.pickup.minecraft.chicken":19,"stat.craftItem.chisel.chisel_iron":2,"stat.pickup.minecraft.sapling":14,"stat.pickup.minecraft.wooden_door":5,"stat.pickup.minecraft.apple":2,"stat.useItem.minecraft.glass_pane":70,"stat.pickup.minecraft.beetroot":58,"stat.craftItem.minecraft.bucket":1,"stat.craftItem.minecraft.planks":388,"stat.useItem.minecraft.iron_sword":132,"stat.pickup.minecraft.stone_sword":3,"stat.mineBlock.minecraft.log":103,"stat.craftItem.minecraft.wooden_door":3,"stat.craftItem.minecraft.cooked_chicken":10,"stat.mineBlock.minecraft.waterlily":2,"stat.useItem.minecraft.wooden_door":2,"stat.pickup.iceandfire.pixie_house":6,"stat.pickup.tconstruct.slime_boots":1,"stat.pickup.minecraft.red_flower":24,"stat.sneakTime":68375,"stat.pickup.minecraft.wool":23,"stat.useItem.minecraft.baked_potato":61,"stat.pickup.minecraft.yellow_flower":17,"stat.useItem.minecraft.beetroot":12,"stat.pickup.minecraft.chest":3,"stat.pickup.minecraft.bone":31,"stat.useItem.minecraft.iron_axe":251,"stat.pickup.minecraft.stone_pickaxe":7,"stat.pickup.minecraft.flint":2,"stat.mineBlock.minecraft.yellow_flower":7,"stat.craftItem.minecraft.wool":4,"stat.swimOneCm":60870,"stat.climbOneCm":2452,"stat.pickup.minecraft.cooked_porkchop":3,"stat.useItem.minecraft.dirt":5440,"stat.pickup.minecraft.golden_helmet":3,"stat.useItem.minecraft.stone_slab2":278,"stat.pickup.minecraft.bow":4,"stat.pickup.minecraft.iron_boots":7,"stat.craftItem.minecraft.furnace":6,"stat.useItem.minecraft.red_flower":2,"stat.useItem.minecraft.egg":8,"stat.craftItem.minecraft.stone_pickaxe":3,"stat.craftItem.minecraft.cooked_beef":10,"stat.pickup.minecraft.shears":1,"stat.pickup.minecraft.cobblestone":474,"stat.mineBlock.minecraft.clay":6,"stat.mineBlock.chisel.limestone2":7,"stat.flyOneCm":1416180,"stat.craftItem.ic2.ingot":1,"stat.mineBlock.minecraft.iron_ore":39,"stat.useItem.iceandfire.stymphalian_bird_dagger":390,"stat.timeSinceDeath":29111,"stat.pickup.minecraft.mutton":27,"stat.pickup.travelersbackpack.travelers_backpack":3,"stat.useItem.minecraft.potato":508,"stat.pickup.minecraft.stonebrick":1,"stat.pickup.galacticraftcore.basic_block_core":35,"stat.pickup.minecraft.iron_shovel":16,"stat.useItem.minecraft.cooked_porkchop":1,"stat.pickup.minecraft.diamond_shovel":1,"stat.mineBlock.minecraft.coal_ore":96,"stat.mineBlock.minecraft.nether_brick":10,"stat.killEntity.Creeper":5,"stat.pickup.minecraft.string":6,"stat.entityKilledBy.Skeleton":3,"stat.craftItem.minecraft.stone_slab2":0,"stat.killEntity.Squid":1,"stat.sprintOneCm":936603,"stat.useItem.minecraft.diamond_shovel":469,"stat.craftItem.minecraft.stick":140,"stat.pickup.ic2.resource":3,"stat.mineBlock.minecraft.crafting_table":5,"stat.mineBlock.minecraft.quartz_block":35,"stat.useItem.minecraft.carrot":23,"stat.pickup.botania.flower":110,"stat.entityKilledBy.Creeper":1,"stat.mineBlock.minecraft.planks":104,"stat.drop":3,"stat.pickup.thebetweenlands.swamp_talisman":1,"stat.killEntity.Sheep":16,"stat.pickup.minecraft.golden_chestplate":3,"stat.killEntity.Zombie":41,"stat.craftItem.minecraft.dye":4,"stat.diveOneCm":70658,"stat.pickup.minecraft.wheat":2,"stat.mineBlock.botania.doubleflower2":3,"stat.pickup.minecraft.gravel":18,"stat.craftItem.minecraft.cooked_porkchop":8,"stat.pickup.minecraft.stone_axe":1,"stat.useItem.minecraft.waterlily":2,"stat.craftItem.travelersbackpack.backpack_tank":4,"stat.jump":10152,"stat.useItem.minecraft.sand":3,"stat.pickup.minecraft.coal":338,"stat.pickup.minecraft.iron_helmet":1,"stat.pickup.minecraft.iron_ingot":122,"stat.pickup.minecraft.gunpowder":11,"stat.pickup.minecraft.spider_eye":3,"stat.craftItem.minecraft.torch":296,"stat.pickup.minecraft.dirt":5875,"stat.drop.minecraft.glass":1,"stat.useItem.minecraft.cooked_chicken":5,"stat.pickup.minecraft.iron_ore":51,"stat.useItem.minecraft.glass":1,"stat.useItem.minecraft.sapling":1,"stat.pickup.minecraft.iron_axe":9,"stat.pickup.minecraft.leaves":472,"stat.mineBlock.minecraft.glass_pane":71,"stat.damageTaken":7110,"stat.pickup.minecraft.leather":15,"stat.mineBlock.iceandfire.pixie_house":5,"stat.mineBlock.minecraft.furnace":13,"stat.mineBlock.minecraft.torch":156,"stat.mineBlock.minecraft.red_flower":19,"stat.pickup.minecraft.log2":30,"stat.pickup.minecraft.reeds":6,"stat.entityKilledBy.ZombieVillager":1,"stat.pickup.minecraft.bed":26,"stat.craftItem.minecraft.netherbrick":176,"stat.pickup.minecraft.quartz_block":1024,"stat.pickup.minecraft.potato":1372,"stat.damageDealt":17654,"stat.craftItem.minecraft.glass":1207,"stat.pickup.iceandfire.chared_grass":2,"stat.sleepInBed":71,"stat.craftItem.minecraft.baked_potato":330,"stat.killEntity.Cow":4,"stat.killEntity.Pig":14,"stat.craftItem.minecraft.iron_sword":1,"stat.walkOneCm":3261274,"stat.useItem.minecraft.chest":2,"stat.pickup.minecraft.stick":261,"stat.pickup.minecraft.clay_ball":60,"stat.useItem.galacticraftcore.basic_block_core":6,"stat.pickup.minecraft.stone":56,"stat.pickup.minecraft.baked_potato":171,"stat.mineBlock.minecraft.packed_ice":1,"stat.useItem.minecraft.leaves":464,"stat.killEntity.Skeleton":9,"stat.craftItem.travelersbackpack.sleeping_bag_bottom":2,"stat.killEntity.Chicken":16,"stat.mineBlock.chisel.netherbrick":2,"stat.pickup.minecraft.netherbrick":109,"stat.killEntity.Spider":6,"stat.pickup.minecraft.bread":8,"stat.pickup.astralsorcery.itemcraftingcomponent":15,"stat.mobKills":124,"stat.pickup.minecraft.quartz":2,"stat.craftItem.minecraft.shears":2,"stat.pickup.minecraft.water_bucket":8,"stat.craftItem.minecraft.golden_shovel":1,"stat.mineBlock.minecraft.leaves":755,"stat.pickup.minecraft.beetroot_seeds":77,"stat.pickup.minecraft.torch":304,"stat.craftItem.minecraft.nether_brick_stairs":4,"stat.mineBlock.astralsorcery.blockcustomsandore":1,"stat.craftItem.galacticraftcore.basic_item":14,"stat.mineBlock.minecraft.stone":286}