{"stat.useItem.minecraft.iron_axe":66,"stat.leaveGame":1,"stat.pickup.minecraft.stone_pickaxe":2,"stat.mineBlock.minecraft.yellow_flower":6,"stat.craftItem.minecraft.iron_axe":1,"stat.craftItem.minecraft.wool":4,"stat.useItem.minecraft.mutton":3,"stat.swimOneCm":15563,"stat.useItem.minecraft.planks":101,"stat.pickup.minecraft.glowstone_dust":2,"stat.pickup.minecraft.porkchop":6,"stat.useItem.minecraft.dirt":87,"stat.mineBlock.astralsorcery.blockcustomflower":2,"stat.useItem.minecraft.stone_slab2":34,"stat.useItem.minecraft.water_bucket":4,"stat.pickup.minecraft.rotten_flesh":5,"stat.pickup.minecraft.sand":28,"stat.craftItem.minecraft.furnace":2,"stat.entityKilledBy.Spider":1,"stat.useItem.minecraft.egg":5,"stat.craftItem.minecraft.stone_pickaxe":1,"stat.pickup.minecraft.cobblestone":125,"stat.mineBlock.chisel.limestone2":6,"stat.flyOneCm":112309,"stat.craftItem.minecraft.iron_shovel":1,"stat.mineBlock.minecraft.sand":28,"stat.craftItem.ic2.ingot":1,"stat.mineBlock.minecraft.iron_ore":30,"stat.timeSinceDeath":48464,"stat.drop.astralsorcery.itemjournal":1,"stat.useItem.minecraft.iron_pickaxe":58,"stat.pickup.minecraft.mutton":21,"stat.useItem.minecraft.iron_shovel":83,"stat.pickup.astralsorcery.itemjournal":1,"stat.craftItem.minecraft.bed":1,"stat.useItem.minecraft.potato":26,"stat.mineBlock.chisel.marble2":10,"stat.furnaceInteraction":80,"stat.pickup.galacticraftcore.basic_block_core":35,"stat.mineBlock.botania.flower":21,"stat.killEntity.ZombieVillager":1,"stat.mineBlock.minecraft.coal_ore":76,"stat.killEntity.Creeper":1,"stat.pickup.minecraft.string":2,"stat.useItem.minecraft.cooked_mutton":6,"stat.pickup.minecraft.furnace":5,"stat.craftItem.minecraft.stone_slab2":0,"stat.craftItem.travelersbackpack.travelers_backpack":2,"stat.sprintOneCm":103153,"stat.craftItem.minecraft.stick":24,"stat.pickup.ic2.resource":2,"stat.pickup.ic2.bronze_helmet":1,"stat.mineBlock.minecraft.crafting_table":2,"stat.pickup.botania.flower":20,"stat.mineBlock.minecraft.planks":15,"stat.deaths":1,"stat.drop":2,"stat.pickup.minecraft.egg":10,"stat.playOneMinute":110198,"stat.killEntity.Sheep":12,"stat.craftItem.minecraft.iron_pickaxe":2,"stat.killEntity.Zombie":2,"stat.craftItem.minecraft.dye":4,"stat.pickup.chisel.marble2":12,"stat.mineBlock.minecraft.tallgrass":28,"stat.craftItem.minecraft.cooked_mutton":16,"stat.diveOneCm":17255,"stat.pickup.minecraft.cooked_mutton":20,"stat.pickup.minecraft.wheat":1,"stat.chestOpened":38,"stat.mineBlock.botania.doubleflower2":2,"stat.pickup.minecraft.iron_sword":1,"stat.craftItem.minecraft.cooked_porkchop":6,"stat.pickup.minecraft.stone_axe":1,"stat.craftItem.minecraft.iron_hoe":1,"stat.craftItem.travelersbackpack.backpack_tank":4,"stat.jump":1303,"stat.pickup.minecraft.coal":109,"stat.pickup.minecraft.iron_helmet":1,"stat.fallOneCm":22389,"stat.pickup.minecraft.iron_ingot":23,"stat.pickup.minecraft.carrot":13,"stat.pickup.minecraft.gunpowder":2,"stat.crouchOneCm":5897,"stat.pickup.minecraft.spider_eye":1,"stat.craftItem.minecraft.iron_ingot":53,"stat.craftItem.minecraft.torch":48,"stat.craftItem.minecraft.chest":4,"stat.pickup.minecraft.dirt":106,"stat.useItem.minecraft.iron_hoe":28,"stat.pickup.minecraft.iron_ore":40,"stat.craftingTableInteraction":40,"stat.useItem.minecraft.sapling":1,"stat.mineBlock.ic2.resource":1,"stat.pickup.minecraft.iron_axe":2,"stat.pickup.minecraft.wooden_pickaxe":2,"stat.pickup.minecraft.feather":6,"stat.damageTaken":592,"stat.pickup.minecraft.leather":5,"stat.mineBlock.minecraft.furnace":4,"stat.mineBlock.minecraft.torch":20,"stat.mineBlock.minecraft.red_flower":6,"stat.pickup.minecraft.planks":84,"stat.pickup.minecraft.reeds":6,"stat.pickup.minecraft.iron_leggings":3,"stat.pickup.chisel.limestone2":6,"stat.pickup.minecraft.bed":5,"stat.pickup.minecraft.wheat_seeds":14,"stat.pickup.minecraft.potato":79,"stat.useItem.minecraft.stone_pickaxe":199,"stat.useItem.minecraft.stone_sword":56,"stat.damageDealt":3155,"stat.craftItem.minecraft.glass":28,"stat.sleepInBed":14,"stat.craftItem.minecraft.baked_potato":39,"stat.mineBlock.minecraft.dirt":83,"stat.killEntity.Pig":3,"stat.craftItem.minecraft.iron_sword":1,"stat.drop.minecraft.iron_axe":1,"stat.walkOneCm":384950,"stat.useItem.minecraft.torch":66,"stat.pickup.minecraft.stick":23,"stat.pickup.minecraft.crafting_table":2,"stat.useItem.minecraft.log":2,"stat.useItem.minecraft.cobblestone":9,"stat.craftItem.minecraft.crafting_table":1,"stat.mineBlock.minecraft.double_plant":5,"stat.useItem.galacticraftcore.basic_block_core":6,"stat.pickup.minecraft.log":47,"stat.mineBlock.galacticraftcore.basic_block_core":21,"stat.pickup.minecraft.iron_pickaxe":2,"stat.craftItem.minecraft.gold_ingot":19,"stat.pickup.minecraft.stone":5,"stat.pickup.minecraft.chicken":7,"stat.pickup.minecraft.baked_potato":17,"stat.pickup.minecraft.sapling":6,"stat.pickup.minecraft.wooden_door":1,"stat.pickup.minecraft.apple":1,"stat.craftItem.travelersbackpack.sleeping_bag_bottom":2,"stat.craftItem.minecraft.bucket":1,"stat.craftItem.minecraft.planks":148,"stat.useItem.minecraft.iron_sword":62,"stat.killEntity.Chicken":8,"stat.killEntity.Spider":1,"stat.pickup.minecraft.stone_sword":3,"stat.mobKills":34,"stat.mineBlock.minecraft.log":43,"stat.craftItem.minecraft.wooden_door":3,"stat.craftItem.minecraft.cooked_chicken":4,"stat.useItem.minecraft.wooden_door":2,"stat.pickup.minecraft.water_bucket":1,"stat.mineBlock.minecraft.leaves":6,"stat.pickup.minecraft.torch":80,"stat.pickup.minecraft.red_flower":5,"stat.sneakTime":2528,"stat.pickup.minecraft.wool":15,"stat.useItem.minecraft.baked_potato":2,"stat.craftItem.galacticraftcore.basic_item":14,"stat.pickup.minecraft.yellow_flower":5,"stat.mineBlock.minecraft.stone":74}