{"stat.pickup.astralsorcery.itemjournal":1,"stat.walkOneCm":28230,"stat.killEntity.Chicken":2,"stat.pickup.minecraft.feather":2,"stat.pickup.minecraft.stone_sword":1,"stat.mobKills":5,"stat.flyOneCm":23435,"stat.drop":1,"stat.jump":161,"stat.pickup.minecraft.egg":2,"stat.swimOneCm":287,"stat.playOneMinute":6338,"stat.fallOneCm":3940,"stat.killEntity.Sheep":3,"stat.sneakTime":28,"stat.useItem.minecraft.stone_sword":4,"stat.pickup.minecraft.wool":3,"stat.damageDealt":320,"stat.crouchOneCm":219,"stat.pickup.minecraft.chicken":1,"stat.timeSinceDeath":6338,"stat.drop.astralsorcery.itemjournal":1,"stat.sprintOneCm":13020,"stat.mineBlock.minecraft.tallgrass":4,"stat.diveOneCm":398,"stat.pickup.minecraft.mutton":4}