{"stat.chestOpened":1,"stat.pickup.minecraft.rotten_flesh":2,"stat.walkOneCm":14094,"stat.craftItem.minecraft.planks":24,"stat.useItem.minecraft.egg":5,"stat.killEntity.Chicken":1,"stat.drop.minecraft.rotten_flesh":2,"stat.damageTaken":85,"stat.pickup.minecraft.feather":2,"stat.mobKills":1,"stat.craftItem.minecraft.wooden_sword":1,"stat.pickup.minecraft.book":21,"stat.mineBlock.minecraft.log":6,"stat.mineBlock.minecraft.bookshelf":7,"stat.talkedToVillager":2,"stat.pickup.minecraft.log":6,"stat.flyOneCm":16610,"stat.pickup.minecraft.bed":2,"stat.drop":2,"stat.jump":104,"stat.pickup.minecraft.egg":5,"stat.playOneMinute":8012,"stat.fallOneCm":3223,"stat.useItem.minecraft.wooden_sword":1,"stat.sneakTime":311,"stat.damageDealt":47,"stat.crouchOneCm":578,"stat.pickup.minecraft.chicken":1,"stat.sleepInBed":3,"stat.timeSinceDeath":8012,"stat.useItem.minecraft.wooden_axe":7,"stat.pickup.minecraft.sapling":1,"stat.pickup.minecraft.dirt":6,"stat.useItem.minecraft.dirt":5,"stat.sprintOneCm":19964,"stat.mineBlock.minecraft.dirt":5,"stat.useItem.minecraft.stone_slab2":3,"stat.craftItem.minecraft.wooden_pickaxe":1,"stat.mineBlock.minecraft.tallgrass":1,"stat.craftItem.minecraft.stick":12,"stat.craftItem.minecraft.wooden_axe":1,"stat.craftingTableInteraction":1}