{"stat.pickup.tconstruct.book":1,"stat.mineBlock.iceandfire.chared_grass":1,"stat.leaveGame":9,"stat.pickup.tconstruct.edible":1,"stat.mineBlock.ic2.rubber_wood":14,"stat.killEntity.Blaze":1,"stat.useItem.minecraft.planks":41,"stat.mineBlock.thebetweenlands.druid_stone_1":3,"stat.pickup.minecraft.glowstone_dust":84,"stat.pickup.minecraft.porkchop":22,"stat.mineBlock.thebetweenlands.druid_stone_3":3,"stat.mineBlock.thebetweenlands.druid_stone_2":2,"stat.mineBlock.thebetweenlands.druid_stone_5":3,"stat.pickup.iceandfire.stymphalian_bird_feather":8,"stat.mineBlock.thebetweenlands.druid_stone_4":1,"stat.drop.travelersbackpack.travelers_backpack":1,"stat.mineBlock.minecraft.red_mushroom":1,"stat.pickup.minecraft.rotten_flesh":22,"stat.pickup.minecraft.sand":38,"stat.craftItem.minecraft.stone_axe":1,"stat.pickup.iceandfire.troll_leather_forest":4,"stat.killEntity.thebetweenlands.dark_druid":2,"stat.pickup.minecraft.bucket":1,"stat.useItem.botania.flower":2,"stat.craftItem.minecraft.stone_sword":1,"stat.entityKilledBy.firedragon":3,"stat.pickup.minecraft.brown_mushroom":5,"stat.pickup.iceandfire.ash":2,"stat.drop.minecraft.sand":19,"stat.useItem.minecraft.iron_pickaxe":6685,"stat.pickup.tconstruct.slime_sapling":1,"stat.craftItem.minecraft.wooden_pickaxe":2,"stat.mineBlock.tconstruct.slime_grass_tall":1,"stat.pickup.astralsorcery.itemjournal":1,"stat.mineBlock.minecraft.vine":1,"stat.furnaceInteraction":78,"stat.drop.minecraft.gravel":1,"stat.mineBlock.botania.flower":11,"stat.pickup.iceandfire.rotten_egg":1,"stat.killEntity.ZombieVillager":1,"stat.pickup.minecraft.nether_brick":514,"stat.pickup.iceandfire.manuscript":16,"stat.pickup.botania.livingwood":2,"stat.pickup.minecraft.beef":45,"stat.pickup.minecraft.furnace":7,"stat.useItem.minecraft.cooked_mutton":10,"stat.pickup.minecraft.cauldron":2,"stat.drop.minecraft.magma":3,"stat.pickup.minecraft.iron_chestplate":2,"stat.pickup.minecraft.skull":2,"stat.mineBlock.astralsorcery.blockmarble":1,"stat.pickup.minecraft.emerald":27,"stat.useItem.botania.twigwand":117,"stat.drop.galacticraftcore.basic_block_core":20,"stat.mineBlock.minecraft.soul_sand":20,"stat.pickup.iceandfire.stymphalian_bird_dagger":4,"stat.deaths":32,"stat.pickup.minecraft.egg":22,"stat.playOneMinute":520630,"stat.pickup.minecraft.blaze_rod":1,"stat.drop.minecraft.string":6,"stat.craftItem.minecraft.iron_pickaxe":28,"stat.mineBlock.minecraft.tallgrass":57,"stat.craftItem.minecraft.cooked_mutton":2,"stat.pickup.minecraft.netherrack":1457,"stat.pickup.minecraft.cooked_mutton":8,"stat.chestOpened":164,"stat.pickup.botania.mushroom":5,"stat.useItem.minecraft.stone":33,"stat.mineBlock.minecraft.netherrack":1176,"stat.pickup.minecraft.arrow":51,"stat.pickup.minecraft.iron_sword":7,"stat.killEntity.Ghast":4,"stat.craftItem.minecraft.quartz_block":854,"stat.pickup.minecraft.gold_nugget":1298,"stat.mineBlock.botania.mushroom":3,"stat.pickup.minecraft.cooked_chicken":14,"stat.fallOneCm":215034,"stat.drop.minecraft.stone":10,"stat.pickup.chisel.basalt2":2,"stat.pickup.minecraft.carrot":13,"stat.crouchOneCm":543757,"stat.craftItem.minecraft.iron_ingot":157,"stat.craftItem.minecraft.chest":2,"stat.pickup.minecraft.red_mushroom":4,"stat.craftingTableInteraction":67,"stat.mineBlock.ic2.resource":24,"stat.pickup.minecraft.wooden_pickaxe":3,"stat.pickup.minecraft.feather":2,"stat.drop.minecraft.bone":7,"stat.useItem.minecraft.furnace":1,"stat.craftItem.minecraft.wooden_sword":3,"stat.craftItem.minecraft.nether_brick":28,"stat.pickup.minecraft.dye":25,"stat.pickup.minecraft.planks":219,"stat.pickup.minecraft.iron_leggings":16,"stat.pickup.minecraft.wheat_seeds":92,"stat.pickup.botania.twigwand":2,"stat.mineBlock.minecraft.gravel":35,"stat.useItem.minecraft.stone_pickaxe":419,"stat.useItem.minecraft.stone_sword":75,"stat.entityKilledBy.Ghast":1,"stat.mineBlock.minecraft.dirt":46,"stat.pickup.botania.specialflower":1,"stat.useItem.minecraft.bread":2,"stat.useItem.minecraft.torch":55,"stat.drop.botania.flower":12,"stat.pickup.minecraft.iron_nugget":6,"stat.drop.minecraft.rotten_flesh":20,"stat.pickup.minecraft.crafting_table":32,"stat.useItem.minecraft.cobblestone":416,"stat.pickup.minecraft.magma":4,"stat.craftItem.minecraft.crafting_table":6,"stat.useItem.minecraft.gravel":3,"stat.mineBlock.minecraft.double_plant":3,"stat.craftItem.iceandfire.stymphalian_bird_dagger":2,"stat.killEntity.LavaSlime":1,"stat.mineBlock.minecraft.emerald_ore":1,"stat.pickup.minecraft.log":26,"stat.mineBlock.galacticraftcore.basic_block_core":28,"stat.pickup.minecraft.iron_pickaxe":7,"stat.pickup.minecraft.tallgrass":5,"stat.craftItem.minecraft.gold_ingot":32,"stat.pickup.minecraft.web":42,"stat.pickup.minecraft.chicken":3,"stat.drop.minecraft.gold_nugget":1,"stat.pickup.minecraft.sapling":13,"stat.pickup.minecraft.wooden_door":1,"stat.pickup.minecraft.apple":1,"stat.mineBlock.iceandfire.goldpile":66,"stat.craftItem.minecraft.bucket":2,"stat.craftItem.minecraft.planks":128,"stat.useItem.minecraft.iron_sword":40,"stat.entityKilledBy.Wolf":1,"stat.itemEnchanted":2,"stat.craftItem.galacticraftplanets.carbon_fragments":8,"stat.killEntity.WitherSkeleton":1,"stat.pickup.minecraft.stone_sword":7,"stat.pickup.minecraft.book":23,"stat.mineBlock.minecraft.log":26,"stat.craftItem.minecraft.cooked_chicken":4,"stat.pickup.iceandfire.dragonbone":1,"stat.pickup.tconstruct.slime_boots":5,"stat.pickup.minecraft.red_flower":1,"stat.drop.botania.twigwand":1,"stat.sneakTime":151088,"stat.pickup.minecraft.wool":4,"stat.drop.botania.mushroom":2,"stat.useItem.minecraft.baked_potato":31,"stat.useItem.minecraft.wooden_axe":16,"stat.drop.minecraft.wooden_axe":2,"stat.pickup.minecraft.chest":2,"stat.pickup.ic2.ingot":3,"stat.pickup.minecraft.bone":22,"stat.mineBlock.minecraft.cobblestone":8,"stat.craftItem.tconstruct.edible":4,"stat.killEntity.gorgon":1,"stat.pickup.minecraft.stone_pickaxe":2,"stat.drop.minecraft.red_mushroom":1,"stat.pickup.minecraft.flint":1,"stat.craftItem.botania.petal":6,"stat.pickup.iceandfire.deathworm_chitin":8,"stat.swimOneCm":59356,"stat.climbOneCm":6469,"stat.pickup.minecraft.cooked_porkchop":18,"stat.drop.minecraft.brown_mushroom":3,"stat.useItem.minecraft.dirt":5,"stat.useItem.minecraft.stone_slab2":127,"stat.drop.iceandfire.stymphalian_bird_dagger":2,"stat.pickup.minecraft.iron_boots":6,"stat.craftItem.minecraft.furnace":2,"stat.useItem.minecraft.egg":11,"stat.craftItem.minecraft.stone_pickaxe":3,"stat.craftItem.minecraft.cooked_beef":7,"stat.mineBlock.minecraft.magma":4,"stat.pickup.minecraft.cobblestone":1549,"stat.flyOneCm":1796328,"stat.pickup.minecraft.soul_sand":20,"stat.pickup.minecraft.nether_brick_stairs":2,"stat.craftItem.ic2.ingot":7,"stat.useItem.minecraft.red_mushroom":1,"stat.drop.minecraft.wheat_seeds":9,"stat.useItem.minecraft.cooked_beef":7,"stat.useItem.botania.livingwood":1,"stat.pickup.minecraft.redstone":96,"stat.mineBlock.minecraft.iron_ore":196,"stat.useItem.iceandfire.stymphalian_bird_dagger":27,"stat.timeSinceDeath":8531,"stat.pickup.minecraft.mutton":6,"stat.drop.minecraft.coal":3,"stat.pickup.travelersbackpack.travelers_backpack":6,"stat.useItem.minecraft.potato":22,"stat.pickup.minecraft.wooden_axe":4,"stat.pickup.minecraft.nether_wart":22,"stat.pickup.minecraft.stonebrick":3,"stat.pickup.galacticraftcore.basic_block_core":47,"stat.drop.minecraft.dirt":1,"stat.useItem.minecraft.cooked_porkchop":16,"stat.drop.minecraft.wool":4,"stat.mineBlock.minecraft.coal_ore":337,"stat.mineBlock.minecraft.nether_brick":521,"stat.killEntity.Creeper":2,"stat.talkedToVillager":4,"stat.pickup.minecraft.wooden_sword":2,"stat.pickup.minecraft.string":8,"stat.entityKilledBy.Skeleton":1,"stat.craftItem.tconstruct.slime_boots":1,"stat.craftItem.minecraft.stone_slab2":0,"stat.pickup.botania.petal":4,"stat.sprintOneCm":949667,"stat.drop.minecraft.leather":5,"stat.mineBlock.thebetweenlands.mob_spawner":2,"stat.craftItem.minecraft.stick":168,"stat.craftItem.minecraft.wooden_axe":2,"stat.pickup.ic2.resource":25,"stat.mineBlock.minecraft.diamond_ore":32,"stat.mineBlock.minecraft.crafting_table":20,"stat.drop.minecraft.leaves":1,"stat.useItem.minecraft.diamond_pickaxe":563,"stat.pickup.botania.flower":37,"stat.mineBlock.minecraft.planks":4,"stat.drop.galacticraftcore.basic_item":9,"stat.drop":101,"stat.pickup.thebetweenlands.swamp_talisman":1,"stat.useItem.minecraft.wooden_sword":1,"stat.killEntity.Sheep":4,"stat.craftItem.minecraft.diamond_pickaxe":1,"stat.useItem.iceandfire.rotten_egg":1,"stat.killEntity.Zombie":9,"stat.mineBlock.minecraft.gold_ore":38,"stat.diveOneCm":21290,"stat.drop.minecraft.diamond_pickaxe":2,"stat.pickup.minecraft.wheat":1,"stat.entityKilledBy.deathworm":1,"stat.drop.minecraft.wooden_pickaxe":1,"stat.pickup.minecraft.gravel":33,"stat.craftItem.minecraft.cooked_porkchop":10,"stat.useItem.minecraft.chicken":3,"stat.pickup.minecraft.stone_axe":5,"stat.mineBlock.tconstruct.slime_leaves":2,"stat.useItem.minecraft.apple":3,"stat.pickup.minecraft.obsidian":15,"stat.useItem.minecraft.porkchop":4,"stat.jump":9618,"stat.pickup.minecraft.iron_helmet":8,"stat.pickup.minecraft.coal":485,"stat.pickup.minecraft.iron_ingot":128,"stat.useItem.minecraft.stone_axe":65,"stat.pickup.minecraft.gunpowder":3,"stat.pickup.iceandfire.chared_stone":1,"stat.pickup.minecraft.spider_eye":1,"stat.craftItem.minecraft.torch":48,"stat.pickup.thebetweenlands.druid_stone_5":3,"stat.pickup.thebetweenlands.druid_stone_4":1,"stat.pickup.minecraft.dirt":71,"stat.pickup.thebetweenlands.druid_stone_3":2,"stat.pickup.thebetweenlands.druid_stone_2":2,"stat.pickup.thebetweenlands.druid_stone_1":2,"stat.useItem.minecraft.cooked_chicken":9,"stat.pickup.minecraft.iron_ore":237,"stat.drop.iceandfire.chared_grass":1,"stat.pickup.tconstruct.slime_congealed":16,"stat.pickup.minecraft.gold_ore":56,"stat.mineBlock.minecraft.lapis_ore":4,"stat.pickup.minecraft.leaves":1,"stat.damageTaken":9977,"stat.pickup.minecraft.leather":26,"stat.mineBlock.minecraft.torch":36,"stat.mineBlock.minecraft.furnace":1,"stat.useItem.minecraft.wooden_pickaxe":55,"stat.pickup.ic2.rubber_wood":28,"stat.pickup.minecraft.bed":5,"stat.pickup.minecraft.quartz_block":128,"stat.pickup.minecraft.potato":77,"stat.pickup.tconstruct.materials":2,"stat.entityKilledBy.Zombie":3,"stat.damageDealt":8920,"stat.pickup.iceandfire.chared_grass":1,"stat.sleepInBed":16,"stat.craftItem.minecraft.baked_potato":30,"stat.mineBlock.minecraft.nether_brick_stairs":2,"stat.killEntity.Cow":16,"stat.useItem.minecraft.crafting_table":1,"stat.killEntity.Pig":5,"stat.drop.botania.petal":4,"stat.walkOneCm":1385230,"stat.pickup.minecraft.stick":140,"stat.pickup.minecraft.diamond_pickaxe":3,"stat.mineBlock.chisel.basalt2":2,"stat.entityKilledBy.thebetweenlands.dark_druid":1,"stat.mineBlock.thebetweenlands.druid_altar":2,"stat.drop.minecraft.netherrack":19,"stat.pickup.galacticraftcore.basic_item":23,"stat.pickup.minecraft.stone":164,"stat.pickup.minecraft.baked_potato":61,"stat.drop.minecraft.potato":24,"stat.pickup.minecraft.gold_ingot":27,"stat.useItem.minecraft.netherrack":336,"stat.killEntity.Skeleton":4,"stat.drop.minecraft.nether_brick":2,"stat.killEntity.Chicken":1,"stat.killEntity.Spider":2,"stat.mineBlock.minecraft.quartz_ore":3827,"stat.pickup.astralsorcery.itemcraftingcomponent":1,"stat.killEntity.stymphalianbird":1,"stat.mineBlock.minecraft.glowstone":14,"stat.mobKills":52,"stat.mineBlock.minecraft.bookshelf":7,"stat.pickup.minecraft.quartz":6131,"stat.pickup.minecraft.water_bucket":2,"stat.pickup.minecraft.diamond":55,"stat.mineBlock.minecraft.leaves":2,"stat.pickup.minecraft.torch":37,"stat.mineBlock.minecraft.redstone_ore":22,"stat.mineBlock.astralsorcery.blockcustomsandore":1,"stat.pickup.astralsorcery.blockmarble":1,"stat.craftItem.galacticraftcore.basic_item":9,"stat.mineBlock.minecraft.stone":1462}