{"stat.mineBlock.iceandfire.chared_grass":1,"stat.leaveGame":14,"stat.drop.minecraft.gunpowder":2,"stat.pickup.tconstruct.edible":1,"stat.killEntity.PigZombie":2,"stat.mineBlock.thebetweenlands.druid_stone_1":3,"stat.mineBlock.thebetweenlands.druid_stone_3":3,"stat.mineBlock.thebetweenlands.druid_stone_2":2,"stat.mineBlock.thebetweenlands.druid_stone_5":3,"stat.mineBlock.thebetweenlands.druid_stone_4":1,"stat.pickup.minecraft.rotten_flesh":29,"stat.craftItem.minecraft.stone_axe":1,"stat.killEntity.thebetweenlands.dark_druid":2,"stat.pickup.iceandfire.chared_cobblestone":3,"stat.pickup.minecraft.bucket":3,"stat.useItem.botania.flower":2,"stat.killEntity.Enderman":1,"stat.pickup.minecraft.brown_mushroom":5,"stat.drop.minecraft.sand":19,"stat.craftItem.iceandfire.silver_ingot":6,"stat.useItem.minecraft.iron_pickaxe":9147,"stat.craftItem.minecraft.wooden_pickaxe":2,"stat.mineBlock.minecraft.vine":1,"stat.mineBlock.chisel.marble2":13,"stat.furnaceInteraction":132,"stat.drop.minecraft.gravel":11,"stat.mineBlock.botania.flower":11,"stat.killEntity.ZombieVillager":2,"stat.pickup.minecraft.nether_brick":514,"stat.pickup.iceandfire.manuscript":16,"stat.pickup.botania.livingwood":2,"stat.pickup.minecraft.beef":45,"stat.pickup.minecraft.cauldron":2,"stat.drop.minecraft.magma":3,"stat.mineBlock.astralsorcery.blockmarble":1,"stat.pickup.minecraft.emerald":27,"stat.useItem.botania.twigwand":117,"stat.drop.galacticraftcore.basic_block_core":24,"stat.deaths":46,"stat.pickup.minecraft.egg":22,"stat.craftItem.minecraft.iron_pickaxe":40,"stat.pickup.chisel.marble2":13,"stat.mineBlock.minecraft.tallgrass":108,"stat.craftItem.minecraft.cooked_mutton":8,"stat.pickup.minecraft.cooked_mutton":14,"stat.chestOpened":242,"stat.pickup.botania.mushroom":6,"stat.useItem.minecraft.stone":36,"stat.pickup.minecraft.arrow":59,"stat.pickup.minecraft.iron_sword":7,"stat.killEntity.Ghast":4,"stat.craftItem.minecraft.quartz_block":854,"stat.pickup.minecraft.gold_nugget":1299,"stat.mineBlock.botania.mushroom":4,"stat.pickup.chisel.basalt2":2,"stat.pickup.minecraft.carrot":13,"stat.crouchOneCm":765955,"stat.craftItem.minecraft.iron_ingot":323,"stat.craftingTableInteraction":89,"stat.pickup.iceandfire.silver_ore":6,"stat.mineBlock.chisel.glasspane":9,"stat.pickup.minecraft.wooden_pickaxe":3,"stat.craftItem.minecraft.wooden_sword":3,"stat.craftItem.minecraft.nether_brick":28,"stat.pickup.minecraft.dye":35,"stat.pickup.minecraft.planks":244,"stat.pickup.chisel.limestone2":13,"stat.pickup.minecraft.wheat_seeds":97,"stat.pickup.chisel.cobblestone":12,"stat.mineBlock.minecraft.dirt":68,"stat.useItem.minecraft.bread":2,"stat.mineBlock.iceandfire.silver_ore":6,"stat.drop.minecraft.rotten_flesh":25,"stat.useItem.minecraft.cobblestone":539,"stat.pickup.minecraft.magma":4,"stat.useItem.minecraft.gravel":13,"stat.mineBlock.minecraft.double_plant":5,"stat.pickup.minecraft.iron_pickaxe":13,"stat.craftItem.minecraft.gold_ingot":43,"stat.pickup.minecraft.chicken":3,"stat.drop.minecraft.gold_nugget":2,"stat.pickup.minecraft.apple":1,"stat.craftItem.minecraft.bucket":3,"stat.craftItem.minecraft.planks":128,"stat.useItem.minecraft.iron_sword":40,"stat.entityKilledBy.Wolf":1,"stat.itemEnchanted":2,"stat.craftItem.galacticraftplanets.carbon_fragments":8,"stat.pickup.minecraft.stone_sword":7,"stat.pickup.minecraft.book":23,"stat.mineBlock.minecraft.log":26,"stat.pickup.iceandfire.dragonbone":1,"stat.pickup.minecraft.red_flower":1,"stat.drop.botania.twigwand":1,"stat.pickup.minecraft.wool":4,"stat.useItem.minecraft.wooden_axe":16,"stat.pickup.ic2.ingot":3,"stat.mineBlock.minecraft.cobblestone":16,"stat.craftItem.tconstruct.edible":4,"stat.killEntity.gorgon":1,"stat.pickup.minecraft.stone_pickaxe":2,"stat.pickup.minecraft.flint":3,"stat.drop.minecraft.cobblestone":65,"stat.pickup.minecraft.cooked_porkchop":18,"stat.useItem.minecraft.stone_slab2":163,"stat.pickup.minecraft.iron_boots":7,"stat.craftItem.minecraft.furnace":3,"stat.useItem.minecraft.egg":11,"stat.craftItem.minecraft.cooked_beef":7,"stat.flyOneCm":2438431,"stat.pickup.minecraft.nether_brick_stairs":2,"stat.useItem.botania.livingwood":1,"stat.useItem.iceandfire.stymphalian_bird_dagger":27,"stat.timeSinceDeath":28679,"stat.killEntity.Bat":1,"stat.pickup.travelersbackpack.travelers_backpack":6,"stat.useItem.minecraft.potato":22,"stat.pickup.minecraft.nether_wart":22,"stat.drop.minecraft.wool":4,"stat.mineBlock.minecraft.coal_ore":731,"stat.killEntity.Creeper":4,"stat.talkedToVillager":4,"stat.pickup.minecraft.wooden_sword":3,"stat.pickup.minecraft.string":8,"stat.entityKilledBy.Skeleton":2,"stat.sprintOneCm":1149164,"stat.drop.minecraft.leather":5,"stat.mineBlock.thebetweenlands.mob_spawner":2,"stat.craftItem.minecraft.wooden_axe":2,"stat.pickup.ic2.resource":46,"stat.mineBlock.minecraft.diamond_ore":60,"stat.drop.galacticraftcore.basic_item":9,"stat.useItem.minecraft.wooden_sword":18,"stat.killEntity.Zombie":17,"stat.mineBlock.minecraft.gold_ore":78,"stat.diveOneCm":43684,"stat.drop.minecraft.diamond_pickaxe":2,"stat.pickup.minecraft.wheat":1,"stat.entityKilledBy.deathworm":1,"stat.craftItem.minecraft.cooked_porkchop":11,"stat.useItem.minecraft.chicken":3,"stat.pickup.minecraft.stone_axe":5,"stat.mineBlock.tconstruct.slime_leaves":2,"stat.pickup.minecraft.obsidian":15,"stat.jump":11980,"stat.pickup.minecraft.coal":950,"stat.pickup.minecraft.iron_ingot":134,"stat.drop.minecraft.diamond_sword":1,"stat.pickup.minecraft.gunpowder":7,"stat.pickup.iceandfire.chared_stone":1,"stat.craftItem.minecraft.torch":100,"stat.pickup.thebetweenlands.druid_stone_5":3,"stat.pickup.thebetweenlands.druid_stone_4":1,"stat.pickup.minecraft.dirt":139,"stat.pickup.thebetweenlands.druid_stone_3":2,"stat.pickup.thebetweenlands.druid_stone_2":2,"stat.pickup.thebetweenlands.druid_stone_1":2,"stat.pickup.minecraft.gold_ore":93,"stat.mineBlock.minecraft.lapis_ore":5,"stat.damageTaken":15345,"stat.mineBlock.minecraft.torch":71,"stat.pickup.ic2.rubber_wood":28,"stat.pickup.minecraft.bed":6,"stat.pickup.minecraft.quartz_block":128,"stat.pickup.minecraft.potato":77,"stat.entityKilledBy.Zombie":4,"stat.pickup.iceandfire.chared_grass":1,"stat.drop.botania.petal":4,"stat.pickup.minecraft.diamond_pickaxe":3,"stat.entityKilledBy.thebetweenlands.dark_druid":1,"stat.drop.minecraft.netherrack":19,"stat.drop.ic2.resource":1,"stat.pickup.minecraft.baked_potato":89,"stat.drop.minecraft.potato":24,"stat.pickup.minecraft.ender_pearl":1,"stat.useItem.minecraft.netherrack":360,"stat.drop.minecraft.nether_brick":2,"stat.killEntity.stymphalianbird":1,"stat.mineBlock.minecraft.glowstone":14,"stat.mobKills":72,"stat.mineBlock.minecraft.bookshelf":7,"stat.pickup.minecraft.diamond":83,"stat.pickup.minecraft.torch":138,"stat.mineBlock.astralsorcery.blockcustomsandore":1,"stat.pickup.astralsorcery.blockmarble":1,"stat.drop.minecraft.arrow":2,"stat.pickup.tconstruct.book":1,"stat.useItem.chisel.glasspane":210,"stat.mineBlock.ic2.rubber_wood":14,"stat.killEntity.Blaze":1,"stat.useItem.minecraft.planks":41,"stat.pickup.minecraft.glowstone_dust":84,"stat.pickup.minecraft.porkchop":22,"stat.pickup.minecraft.glass":10,"stat.pickup.iceandfire.stymphalian_bird_feather":8,"stat.drop.travelersbackpack.travelers_backpack":1,"stat.mineBlock.minecraft.red_mushroom":1,"stat.useItem.minecraft.water_bucket":33,"stat.pickup.minecraft.sand":723,"stat.pickup.iceandfire.troll_leather_forest":4,"stat.craftItem.minecraft.stone_sword":1,"stat.drop.chisel.glasspane":1,"stat.entityKilledBy.firedragon":6,"stat.mineBlock.minecraft.sand":687,"stat.pickup.iceandfire.ash":2,"stat.pickup.tconstruct.slime_sapling":1,"stat.mineBlock.tconstruct.slime_grass_tall":1,"stat.pickup.astralsorcery.itemjournal":1,"stat.pickup.iceandfire.rotten_egg":1,"stat.pickup.minecraft.furnace":9,"stat.useItem.minecraft.cooked_mutton":16,"stat.pickup.minecraft.iron_chestplate":2,"stat.pickup.minecraft.skull":2,"stat.mineBlock.minecraft.soul_sand":20,"stat.pickup.iceandfire.stymphalian_bird_dagger":5,"stat.playOneMinute":752278,"stat.pickup.minecraft.blaze_rod":1,"stat.drop.minecraft.string":6,"stat.pickup.minecraft.netherrack":1539,"stat.mineBlock.minecraft.netherrack":1281,"stat.pickup.minecraft.cooked_chicken":14,"stat.fallOneCm":280004,"stat.drop.minecraft.stone":25,"stat.drop.minecraft.dye":6,"stat.craftItem.minecraft.chest":2,"stat.pickup.minecraft.red_mushroom":4,"stat.mineBlock.ic2.resource":45,"stat.pickup.minecraft.feather":2,"stat.drop.minecraft.iron_leggings":1,"stat.drop.minecraft.bone":9,"stat.useItem.minecraft.furnace":1,"stat.pickup.minecraft.iron_leggings":17,"stat.pickup.botania.twigwand":2,"stat.mineBlock.minecraft.gravel":86,"stat.useItem.minecraft.stone_pickaxe":421,"stat.useItem.minecraft.stone_sword":75,"stat.entityKilledBy.Ghast":1,"stat.pickup.botania.specialflower":1,"stat.useItem.minecraft.torch":117,"stat.drop.botania.flower":12,"stat.pickup.minecraft.iron_nugget":6,"stat.pickup.minecraft.crafting_table":39,"stat.craftItem.minecraft.crafting_table":8,"stat.craftItem.iceandfire.stymphalian_bird_dagger":2,"stat.killEntity.LavaSlime":1,"stat.mineBlock.minecraft.emerald_ore":1,"stat.pickup.minecraft.log":26,"stat.mineBlock.galacticraftcore.basic_block_core":48,"stat.pickup.minecraft.tallgrass":5,"stat.pickup.minecraft.web":42,"stat.pickup.minecraft.sapling":13,"stat.pickup.minecraft.wooden_door":1,"stat.entityKilledBy.Enderman":2,"stat.mineBlock.iceandfire.goldpile":66,"stat.drop.minecraft.golden_chestplate":1,"stat.killEntity.WitherSkeleton":1,"stat.craftItem.minecraft.cooked_chicken":4,"stat.pickup.tconstruct.slime_boots":5,"stat.sneakTime":215869,"stat.drop.botania.mushroom":2,"stat.useItem.minecraft.baked_potato":55,"stat.drop.minecraft.wooden_axe":2,"stat.pickup.minecraft.chest":2,"stat.pickup.minecraft.bone":29,"stat.drop.minecraft.red_mushroom":1,"stat.craftItem.botania.petal":6,"stat.useItem.minecraft.diamond_sword":40,"stat.pickup.iceandfire.deathworm_chitin":8,"stat.swimOneCm":110226,"stat.climbOneCm":6469,"stat.drop.minecraft.brown_mushroom":3,"stat.useItem.minecraft.dirt":56,"stat.drop.iceandfire.stymphalian_bird_dagger":3,"stat.drop.minecraft.ender_pearl":1,"stat.craftItem.minecraft.stone_pickaxe":4,"stat.mineBlock.minecraft.magma":4,"stat.pickup.minecraft.cobblestone":2873,"stat.mineBlock.chisel.limestone2":13,"stat.useItem.minecraft.stone_shovel":617,"stat.pickup.minecraft.soul_sand":20,"stat.craftItem.ic2.ingot":7,"stat.useItem.minecraft.red_mushroom":1,"stat.drop.minecraft.wheat_seeds":13,"stat.useItem.minecraft.cooked_beef":7,"stat.pickup.minecraft.redstone":235,"stat.mineBlock.minecraft.iron_ore":411,"stat.pickup.minecraft.mutton":6,"stat.drop.minecraft.coal":3,"stat.pickup.minecraft.wooden_axe":4,"stat.pickup.minecraft.stonebrick":3,"stat.pickup.galacticraftcore.basic_block_core":63,"stat.drop.minecraft.dirt":2,"stat.useItem.minecraft.cooked_porkchop":17,"stat.mineBlock.minecraft.nether_brick":521,"stat.craftItem.tconstruct.slime_boots":1,"stat.craftItem.minecraft.stone_slab2":0,"stat.pickup.botania.petal":4,"stat.craftItem.minecraft.stick":216,"stat.mineBlock.minecraft.crafting_table":25,"stat.drop.minecraft.leaves":1,"stat.useItem.minecraft.diamond_pickaxe":563,"stat.pickup.botania.flower":37,"stat.entityKilledBy.Creeper":1,"stat.mineBlock.minecraft.planks":4,"stat.drop":136,"stat.pickup.thebetweenlands.swamp_talisman":1,"stat.killEntity.Sheep":4,"stat.drop.minecraft.iron_boots":1,"stat.craftItem.minecraft.diamond_pickaxe":1,"stat.pickup.minecraft.golden_chestplate":1,"stat.useItem.iceandfire.rotten_egg":1,"stat.drop.minecraft.wooden_pickaxe":1,"stat.pickup.minecraft.gravel":100,"stat.useItem.minecraft.apple":3,"stat.useItem.minecraft.porkchop":4,"stat.pickup.minecraft.diamond_sword":2,"stat.pickup.minecraft.iron_helmet":8,"stat.useItem.minecraft.stone_axe":65,"stat.pickup.minecraft.spider_eye":1,"stat.useItem.minecraft.cooked_chicken":9,"stat.pickup.minecraft.iron_ore":450,"stat.drop.iceandfire.chared_grass":1,"stat.pickup.tconstruct.slime_congealed":16,"stat.pickup.minecraft.leaves":1,"stat.pickup.minecraft.leather":26,"stat.mineBlock.minecraft.furnace":2,"stat.useItem.minecraft.wooden_pickaxe":55,"stat.drop.minecraft.water_bucket":1,"stat.pickup.tconstruct.materials":2,"stat.damageDealt":14349,"stat.sleepInBed":20,"stat.craftItem.minecraft.baked_potato":94,"stat.useItem.ic2.resource":4,"stat.mineBlock.minecraft.nether_brick_stairs":2,"stat.killEntity.Cow":16,"stat.useItem.minecraft.crafting_table":1,"stat.killEntity.Pig":5,"stat.craftItem.minecraft.stone_shovel":5,"stat.walkOneCm":1624668,"stat.playerKills":3,"stat.pickup.minecraft.stick":152,"stat.mineBlock.chisel.basalt2":2,"stat.mineBlock.thebetweenlands.druid_altar":2,"stat.pickup.galacticraftcore.basic_item":25,"stat.pickup.minecraft.stone":316,"stat.pickup.minecraft.gold_ingot":27,"stat.killEntity.Skeleton":9,"stat.killEntity.Chicken":1,"stat.killEntity.Spider":2,"stat.mineBlock.minecraft.quartz_ore":3933,"stat.pickup.astralsorcery.itemcraftingcomponent":1,"stat.pickup.minecraft.quartz":6238,"stat.pickup.minecraft.water_bucket":3,"stat.mineBlock.minecraft.leaves":5,"stat.mineBlock.minecraft.redstone_ore":53,"stat.craftItem.galacticraftcore.basic_item":9,"stat.mineBlock.minecraft.stone":2891}