{"stat.pickup.tconstruct.book":1,"stat.mineBlock.iceandfire.chared_grass":1,"stat.leaveGame":4,"stat.pickup.tconstruct.edible":1,"stat.mineBlock.ic2.rubber_wood":14,"stat.useItem.minecraft.planks":19,"stat.mineBlock.thebetweenlands.druid_stone_1":3,"stat.pickup.minecraft.glowstone_dust":84,"stat.pickup.minecraft.porkchop":22,"stat.mineBlock.thebetweenlands.druid_stone_3":3,"stat.mineBlock.thebetweenlands.druid_stone_2":2,"stat.mineBlock.thebetweenlands.druid_stone_5":3,"stat.pickup.iceandfire.stymphalian_bird_feather":8,"stat.mineBlock.thebetweenlands.druid_stone_4":1,"stat.drop.travelersbackpack.travelers_backpack":1,"stat.mineBlock.minecraft.red_mushroom":1,"stat.pickup.minecraft.rotten_flesh":12,"stat.pickup.minecraft.sand":38,"stat.craftItem.minecraft.stone_axe":1,"stat.pickup.iceandfire.troll_leather_forest":4,"stat.killEntity.thebetweenlands.dark_druid":2,"stat.pickup.minecraft.bucket":1,"stat.useItem.botania.flower":2,"stat.craftItem.minecraft.stone_sword":1,"stat.entityKilledBy.firedragon":3,"stat.pickup.minecraft.brown_mushroom":5,"stat.pickup.iceandfire.ash":2,"stat.drop.minecraft.sand":19,"stat.useItem.minecraft.iron_pickaxe":3685,"stat.pickup.tconstruct.slime_sapling":1,"stat.craftItem.minecraft.wooden_pickaxe":1,"stat.mineBlock.tconstruct.slime_grass_tall":1,"stat.pickup.astralsorcery.itemjournal":1,"stat.mineBlock.minecraft.vine":1,"stat.furnaceInteraction":36,"stat.drop.minecraft.gravel":1,"stat.mineBlock.botania.flower":8,"stat.pickup.iceandfire.rotten_egg":1,"stat.killEntity.ZombieVillager":1,"stat.pickup.minecraft.nether_brick":514,"stat.pickup.iceandfire.manuscript":16,"stat.pickup.minecraft.beef":45,"stat.pickup.minecraft.furnace":7,"stat.useItem.minecraft.cooked_mutton":10,"stat.pickup.minecraft.cauldron":2,"stat.drop.minecraft.magma":3,"stat.pickup.minecraft.iron_chestplate":2,"stat.pickup.minecraft.skull":2,"stat.pickup.minecraft.emerald":27,"stat.drop.galacticraftcore.basic_block_core":20,"stat.mineBlock.minecraft.soul_sand":20,"stat.pickup.iceandfire.stymphalian_bird_dagger":4,"stat.deaths":27,"stat.pickup.minecraft.egg":22,"stat.playOneMinute":315881,"stat.drop.minecraft.string":6,"stat.craftItem.minecraft.iron_pickaxe":16,"stat.mineBlock.minecraft.tallgrass":52,"stat.craftItem.minecraft.cooked_mutton":2,"stat.pickup.minecraft.netherrack":997,"stat.pickup.minecraft.cooked_mutton":8,"stat.chestOpened":90,"stat.pickup.botania.mushroom":5,"stat.useItem.minecraft.stone":3,"stat.mineBlock.minecraft.netherrack":842,"stat.pickup.minecraft.arrow":51,"stat.pickup.minecraft.iron_sword":7,"stat.killEntity.Ghast":2,"stat.craftItem.minecraft.quartz_block":569,"stat.pickup.minecraft.gold_nugget":1298,"stat.mineBlock.botania.mushroom":3,"stat.pickup.minecraft.cooked_chicken":13,"stat.fallOneCm":130085,"stat.drop.minecraft.stone":3,"stat.pickup.chisel.basalt2":2,"stat.pickup.minecraft.carrot":13,"stat.crouchOneCm":322873,"stat.craftItem.minecraft.iron_ingot":20,"stat.craftItem.minecraft.chest":1,"stat.pickup.minecraft.red_mushroom":4,"stat.craftingTableInteraction":49,"stat.mineBlock.ic2.resource":1,"stat.pickup.minecraft.wooden_pickaxe":2,"stat.pickup.minecraft.feather":2,"stat.drop.minecraft.bone":7,"stat.useItem.minecraft.furnace":1,"stat.craftItem.minecraft.wooden_sword":3,"stat.craftItem.minecraft.nether_brick":28,"stat.pickup.minecraft.dye":6,"stat.pickup.minecraft.planks":175,"stat.pickup.minecraft.iron_leggings":16,"stat.pickup.minecraft.wheat_seeds":90,"stat.mineBlock.minecraft.gravel":1,"stat.useItem.minecraft.stone_pickaxe":157,"stat.useItem.minecraft.stone_sword":62,"stat.mineBlock.minecraft.dirt":23,"stat.useItem.minecraft.bread":2,"stat.useItem.minecraft.torch":26,"stat.drop.botania.flower":12,"stat.pickup.minecraft.iron_nugget":6,"stat.drop.minecraft.rotten_flesh":10,"stat.pickup.minecraft.crafting_table":26,"stat.useItem.minecraft.cobblestone":132,"stat.pickup.minecraft.magma":4,"stat.craftItem.minecraft.crafting_table":5,"stat.mineBlock.minecraft.double_plant":2,"stat.craftItem.iceandfire.stymphalian_bird_dagger":2,"stat.killEntity.LavaSlime":1,"stat.mineBlock.minecraft.emerald_ore":1,"stat.pickup.minecraft.log":26,"stat.mineBlock.galacticraftcore.basic_block_core":6,"stat.pickup.minecraft.iron_pickaxe":5,"stat.pickup.minecraft.tallgrass":5,"stat.craftItem.minecraft.gold_ingot":14,"stat.pickup.minecraft.web":42,"stat.pickup.minecraft.chicken":3,"stat.drop.minecraft.gold_nugget":1,"stat.pickup.minecraft.sapling":13,"stat.pickup.minecraft.wooden_door":1,"stat.pickup.minecraft.apple":1,"stat.mineBlock.iceandfire.goldpile":66,"stat.craftItem.minecraft.bucket":2,"stat.craftItem.minecraft.planks":104,"stat.useItem.minecraft.iron_sword":40,"stat.itemEnchanted":2,"stat.craftItem.galacticraftplanets.carbon_fragments":8,"stat.killEntity.WitherSkeleton":1,"stat.pickup.minecraft.stone_sword":4,"stat.pickup.minecraft.book":23,"stat.mineBlock.minecraft.log":26,"stat.craftItem.minecraft.cooked_chicken":4,"stat.pickup.iceandfire.dragonbone":1,"stat.pickup.tconstruct.slime_boots":5,"stat.pickup.minecraft.red_flower":1,"stat.sneakTime":79767,"stat.pickup.minecraft.wool":1,"stat.drop.botania.mushroom":2,"stat.useItem.minecraft.wooden_axe":16,"stat.drop.minecraft.wooden_axe":2,"stat.pickup.minecraft.chest":2,"stat.pickup.ic2.ingot":3,"stat.pickup.minecraft.bone":22,"stat.mineBlock.minecraft.cobblestone":4,"stat.craftItem.tconstruct.edible":4,"stat.killEntity.gorgon":1,"stat.pickup.minecraft.stone_pickaxe":2,"stat.drop.minecraft.red_mushroom":1,"stat.pickup.iceandfire.deathworm_chitin":8,"stat.swimOneCm":58764,"stat.climbOneCm":6469,"stat.pickup.minecraft.cooked_porkchop":17,"stat.drop.minecraft.brown_mushroom":3,"stat.useItem.minecraft.dirt":5,"stat.useItem.minecraft.stone_slab2":74,"stat.drop.iceandfire.stymphalian_bird_dagger":2,"stat.pickup.minecraft.iron_boots":6,"stat.craftItem.minecraft.furnace":1,"stat.useItem.minecraft.egg":11,"stat.craftItem.minecraft.stone_pickaxe":1,"stat.craftItem.minecraft.cooked_beef":7,"stat.mineBlock.minecraft.magma":4,"stat.pickup.minecraft.cobblestone":451,"stat.flyOneCm":1217191,"stat.pickup.minecraft.soul_sand":20,"stat.pickup.minecraft.nether_brick_stairs":2,"stat.useItem.minecraft.red_mushroom":1,"stat.drop.minecraft.wheat_seeds":7,"stat.useItem.minecraft.cooked_beef":7,"stat.mineBlock.minecraft.iron_ore":59,"stat.useItem.iceandfire.stymphalian_bird_dagger":27,"stat.timeSinceDeath":1702,"stat.pickup.travelersbackpack.travelers_backpack":6,"stat.pickup.minecraft.wooden_axe":4,"stat.pickup.minecraft.nether_wart":22,"stat.pickup.minecraft.stonebrick":3,"stat.pickup.galacticraftcore.basic_block_core":27,"stat.drop.minecraft.dirt":1,"stat.useItem.minecraft.cooked_porkchop":15,"stat.drop.minecraft.wool":1,"stat.mineBlock.minecraft.coal_ore":70,"stat.mineBlock.minecraft.nether_brick":521,"stat.killEntity.Creeper":1,"stat.talkedToVillager":4,"stat.pickup.minecraft.wooden_sword":2,"stat.pickup.minecraft.string":8,"stat.entityKilledBy.Skeleton":1,"stat.craftItem.tconstruct.slime_boots":1,"stat.craftItem.minecraft.stone_slab2":0,"stat.sprintOneCm":628881,"stat.drop.minecraft.leather":5,"stat.mineBlock.thebetweenlands.mob_spawner":2,"stat.craftItem.minecraft.stick":132,"stat.craftItem.minecraft.wooden_axe":2,"stat.pickup.ic2.resource":2,"stat.mineBlock.minecraft.diamond_ore":5,"stat.mineBlock.minecraft.crafting_table":17,"stat.useItem.minecraft.diamond_pickaxe":563,"stat.pickup.botania.flower":34,"stat.mineBlock.minecraft.planks":4,"stat.drop.galacticraftcore.basic_item":9,"stat.drop":60,"stat.pickup.thebetweenlands.swamp_talisman":1,"stat.useItem.minecraft.wooden_sword":1,"stat.killEntity.Sheep":1,"stat.craftItem.minecraft.diamond_pickaxe":1,"stat.useItem.iceandfire.rotten_egg":1,"stat.killEntity.Zombie":7,"stat.mineBlock.minecraft.gold_ore":19,"stat.diveOneCm":21290,"stat.drop.minecraft.diamond_pickaxe":2,"stat.pickup.minecraft.wheat":1,"stat.entityKilledBy.deathworm":1,"stat.pickup.minecraft.gravel":1,"stat.craftItem.minecraft.cooked_porkchop":10,"stat.useItem.minecraft.chicken":3,"stat.pickup.minecraft.stone_axe":5,"stat.mineBlock.tconstruct.slime_leaves":2,"stat.useItem.minecraft.apple":3,"stat.pickup.minecraft.obsidian":15,"stat.useItem.minecraft.porkchop":4,"stat.jump":6313,"stat.pickup.minecraft.iron_helmet":8,"stat.pickup.minecraft.coal":175,"stat.pickup.minecraft.iron_ingot":116,"stat.useItem.minecraft.stone_axe":65,"stat.pickup.minecraft.gunpowder":3,"stat.pickup.iceandfire.chared_stone":1,"stat.pickup.minecraft.spider_eye":1,"stat.craftItem.minecraft.torch":40,"stat.pickup.thebetweenlands.druid_stone_5":3,"stat.pickup.thebetweenlands.druid_stone_4":1,"stat.pickup.minecraft.dirt":48,"stat.pickup.thebetweenlands.druid_stone_3":2,"stat.pickup.thebetweenlands.druid_stone_2":2,"stat.pickup.thebetweenlands.druid_stone_1":2,"stat.useItem.minecraft.cooked_chicken":8,"stat.pickup.minecraft.iron_ore":100,"stat.drop.iceandfire.chared_grass":1,"stat.pickup.tconstruct.slime_congealed":16,"stat.pickup.minecraft.gold_ore":38,"stat.damageTaken":7665,"stat.pickup.minecraft.leather":26,"stat.mineBlock.minecraft.torch":13,"stat.mineBlock.minecraft.furnace":1,"stat.pickup.ic2.rubber_wood":28,"stat.pickup.minecraft.bed":3,"stat.pickup.minecraft.potato":24,"stat.pickup.tconstruct.materials":2,"stat.entityKilledBy.Zombie":2,"stat.damageDealt":7922,"stat.pickup.iceandfire.chared_grass":1,"stat.sleepInBed":13,"stat.mineBlock.minecraft.nether_brick_stairs":2,"stat.killEntity.Cow":16,"stat.useItem.minecraft.crafting_table":1,"stat.killEntity.Pig":5,"stat.walkOneCm":916637,"stat.pickup.minecraft.stick":124,"stat.pickup.minecraft.diamond_pickaxe":3,"stat.mineBlock.chisel.basalt2":2,"stat.entityKilledBy.thebetweenlands.dark_druid":1,"stat.mineBlock.thebetweenlands.druid_altar":2,"stat.drop.minecraft.netherrack":4,"stat.pickup.galacticraftcore.basic_item":23,"stat.pickup.minecraft.stone":8,"stat.drop.minecraft.potato":24,"stat.pickup.minecraft.gold_ingot":27,"stat.useItem.minecraft.netherrack":170,"stat.killEntity.Skeleton":4,"stat.drop.minecraft.nether_brick":2,"stat.killEntity.Chicken":1,"stat.killEntity.Spider":2,"stat.mineBlock.minecraft.quartz_ore":2667,"stat.pickup.astralsorcery.itemcraftingcomponent":1,"stat.killEntity.stymphalianbird":1,"stat.mineBlock.minecraft.glowstone":14,"stat.mobKills":44,"stat.mineBlock.minecraft.bookshelf":7,"stat.pickup.minecraft.quartz":4109,"stat.pickup.minecraft.water_bucket":2,"stat.pickup.minecraft.diamond":28,"stat.mineBlock.minecraft.leaves":2,"stat.pickup.minecraft.torch":13,"stat.mineBlock.astralsorcery.blockcustomsandore":1,"stat.mineBlock.minecraft.stone":189}