{"stat.chestOpened":32,"stat.pickup.minecraft.bone":15,"stat.pickup.botania.mushroom":5,"stat.mineBlock.iceandfire.chared_grass":1,"stat.leaveGame":1,"stat.pickup.minecraft.arrow":12,"stat.pickup.minecraft.iron_sword":7,"stat.mineBlock.minecraft.cobblestone":3,"stat.killEntity.gorgon":1,"stat.useItem.minecraft.chicken":3,"stat.pickup.minecraft.stone_pickaxe":1,"stat.pickup.minecraft.stone_axe":5,"stat.drop.minecraft.red_mushroom":1,"stat.useItem.minecraft.apple":3,"stat.pickup.minecraft.obsidian":15,"stat.mineBlock.ic2.rubber_wood":14,"stat.useItem.minecraft.porkchop":4,"stat.pickup.minecraft.gold_nugget":1294,"stat.pickup.iceandfire.deathworm_chitin":6,"stat.mineBlock.botania.mushroom":3,"stat.jump":2022,"stat.swimOneCm":51561,"stat.pickup.minecraft.iron_helmet":5,"stat.pickup.minecraft.coal":97,"stat.fallOneCm":56144,"stat.climbOneCm":2638,"stat.pickup.minecraft.iron_ingot":24,"stat.drop.minecraft.stone":3,"stat.pickup.chisel.basalt2":2,"stat.useItem.minecraft.stone_axe":65,"stat.pickup.minecraft.gunpowder":2,"stat.pickup.minecraft.porkchop":22,"stat.crouchOneCm":22163,"stat.pickup.iceandfire.chared_stone":1,"stat.drop.minecraft.brown_mushroom":1,"stat.craftItem.minecraft.torch":40,"stat.craftItem.minecraft.iron_ingot":20,"stat.useItem.minecraft.dirt":5,"stat.pickup.minecraft.dirt":29,"stat.pickup.minecraft.red_mushroom":1,"stat.useItem.minecraft.stone_slab2":16,"stat.pickup.minecraft.iron_boots":6,"stat.craftingTableInteraction":13,"stat.pickup.minecraft.iron_ore":55,"stat.pickup.minecraft.rotten_flesh":11,"stat.drop.iceandfire.chared_grass":1,"stat.pickup.minecraft.sand":38,"stat.craftItem.minecraft.furnace":1,"stat.pickup.minecraft.gold_ore":19,"stat.useItem.minecraft.egg":7,"stat.craftItem.minecraft.stone_axe":1,"stat.pickup.minecraft.wooden_pickaxe":2,"stat.damageTaken":2782,"stat.pickup.minecraft.feather":2,"stat.pickup.minecraft.leather":21,"stat.pickup.iceandfire.troll_leather_forest":4,"stat.drop.minecraft.bone":7,"stat.craftItem.minecraft.stone_pickaxe":1,"stat.mineBlock.minecraft.torch":9,"stat.mineBlock.minecraft.furnace":1,"stat.useItem.minecraft.furnace":1,"stat.pickup.minecraft.cobblestone":164,"stat.craftItem.minecraft.wooden_sword":3,"stat.pickup.ic2.rubber_wood":28,"stat.pickup.minecraft.planks":95,"stat.pickup.minecraft.iron_leggings":13,"stat.craftItem.minecraft.stone_sword":1,"stat.flyOneCm":371115,"stat.pickup.minecraft.bed":3,"stat.entityKilledBy.firedragon":3,"stat.pickup.minecraft.wheat_seeds":85,"stat.pickup.minecraft.brown_mushroom":1,"stat.pickup.iceandfire.ash":2,"stat.drop.minecraft.wheat_seeds":6,"stat.entityKilledBy.Zombie":1,"stat.drop.minecraft.sand":19,"stat.useItem.minecraft.stone_pickaxe":131,"stat.useItem.minecraft.stone_sword":28,"stat.damageDealt":5125,"stat.pickup.iceandfire.chared_grass":1,"stat.mineBlock.minecraft.iron_ore":54,"stat.sleepInBed":7,"stat.timeSinceDeath":21879,"stat.killEntity.Cow":12,"stat.mineBlock.minecraft.dirt":22,"stat.useItem.minecraft.iron_pickaxe":220,"stat.craftItem.minecraft.wooden_pickaxe":1,"stat.killEntity.Pig":5,"stat.walkOneCm":311989,"stat.useItem.minecraft.bread":2,"stat.useItem.minecraft.torch":20,"stat.pickup.minecraft.stick":38,"stat.drop.botania.flower":7,"stat.pickup.minecraft.wooden_axe":4,"stat.drop.minecraft.rotten_flesh":9,"stat.mineBlock.minecraft.vine":1,"stat.pickup.minecraft.crafting_table":5,"stat.pickup.minecraft.stonebrick":2,"stat.useItem.minecraft.cobblestone":59,"stat.furnaceInteraction":12,"stat.craftItem.minecraft.crafting_table":3,"stat.pickup.galacticraftcore.basic_block_core":26,"stat.mineBlock.minecraft.double_plant":2,"stat.mineBlock.botania.flower":1,"stat.pickup.iceandfire.rotten_egg":1,"stat.drop.minecraft.wool":1,"stat.mineBlock.minecraft.coal_ore":70,"stat.killEntity.Creeper":1,"stat.talkedToVillager":4,"stat.mineBlock.minecraft.emerald_ore":1,"stat.mineBlock.chisel.basalt2":2,"stat.pickup.minecraft.wooden_sword":1,"stat.pickup.minecraft.log":26,"stat.pickup.iceandfire.manuscript":16,"stat.pickup.minecraft.string":2,"stat.mineBlock.galacticraftcore.basic_block_core":5,"stat.pickup.minecraft.beef":24,"stat.pickup.galacticraftcore.basic_item":2,"stat.pickup.minecraft.furnace":7,"stat.craftItem.minecraft.stone_slab2":0,"stat.pickup.minecraft.tallgrass":5,"stat.craftItem.minecraft.gold_ingot":14,"stat.pickup.minecraft.web":42,"stat.pickup.minecraft.stone":8,"stat.pickup.minecraft.chicken":3,"stat.drop.minecraft.gold_nugget":1,"stat.pickup.minecraft.sapling":12,"stat.sprintOneCm":245369,"stat.pickup.minecraft.wooden_door":1,"stat.pickup.minecraft.iron_chestplate":2,"stat.pickup.minecraft.apple":1,"stat.pickup.minecraft.skull":2,"stat.craftItem.minecraft.stick":76,"stat.craftItem.minecraft.wooden_axe":2,"stat.pickup.minecraft.gold_ingot":27,"stat.killEntity.Skeleton":2,"stat.mineBlock.iceandfire.goldpile":66,"stat.craftItem.minecraft.planks":104,"stat.useItem.minecraft.iron_sword":40,"stat.killEntity.Chicken":1,"stat.mineBlock.minecraft.diamond_ore":5,"stat.craftItem.galacticraftplanets.carbon_fragments":8,"stat.mineBlock.minecraft.crafting_table":2,"stat.killEntity.Spider":2,"stat.pickup.minecraft.stone_sword":1,"stat.pickup.astralsorcery.itemcraftingcomponent":1,"stat.mobKills":30,"stat.pickup.minecraft.emerald":25,"stat.pickup.minecraft.book":23,"stat.mineBlock.minecraft.log":26,"stat.mineBlock.minecraft.bookshelf":7,"stat.drop.galacticraftcore.basic_block_core":20,"stat.pickup.botania.flower":12,"stat.pickup.iceandfire.dragonbone":1,"stat.deaths":17,"stat.mineBlock.minecraft.planks":4,"stat.drop.galacticraftcore.basic_item":2,"stat.drop":32,"stat.pickup.minecraft.diamond":9,"stat.pickup.minecraft.egg":18,"stat.mineBlock.minecraft.leaves":2,"stat.playOneMinute":90377,"stat.useItem.minecraft.wooden_sword":1,"stat.pickup.minecraft.torch":9,"stat.killEntity.Sheep":1,"stat.sneakTime":8424,"stat.craftItem.minecraft.iron_pickaxe":1,"stat.pickup.minecraft.wool":1,"stat.mineBlock.astralsorcery.blockcustomsandore":1,"stat.useItem.iceandfire.rotten_egg":1,"stat.drop.botania.mushroom":2,"stat.killEntity.Zombie":7,"stat.useItem.minecraft.wooden_axe":16,"stat.mineBlock.minecraft.stone":188,"stat.mineBlock.minecraft.gold_ore":19,"stat.mineBlock.minecraft.tallgrass":33,"stat.diveOneCm":17980,"stat.drop.minecraft.wooden_axe":2,"stat.entityKilledBy.deathworm":1}