{"stat.pickup.tconstruct.book":1,"stat.mineBlock.iceandfire.chared_grass":1,"stat.leaveGame":2,"stat.mineBlock.ic2.rubber_wood":14,"stat.pickup.minecraft.glowstone_dust":2,"stat.pickup.minecraft.porkchop":22,"stat.pickup.iceandfire.stymphalian_bird_feather":4,"stat.drop.travelersbackpack.travelers_backpack":1,"stat.pickup.minecraft.rotten_flesh":11,"stat.pickup.minecraft.sand":38,"stat.craftItem.minecraft.stone_axe":1,"stat.pickup.iceandfire.troll_leather_forest":4,"stat.pickup.minecraft.bucket":1,"stat.craftItem.minecraft.stone_sword":1,"stat.entityKilledBy.firedragon":3,"stat.pickup.minecraft.brown_mushroom":1,"stat.pickup.iceandfire.ash":2,"stat.drop.minecraft.sand":19,"stat.useItem.minecraft.iron_pickaxe":229,"stat.craftItem.minecraft.wooden_pickaxe":1,"stat.pickup.astralsorcery.itemjournal":1,"stat.mineBlock.minecraft.vine":1,"stat.furnaceInteraction":20,"stat.mineBlock.botania.flower":1,"stat.pickup.iceandfire.rotten_egg":1,"stat.pickup.iceandfire.manuscript":16,"stat.pickup.minecraft.beef":38,"stat.pickup.minecraft.furnace":7,"stat.useItem.minecraft.cooked_mutton":2,"stat.pickup.minecraft.cauldron":1,"stat.pickup.minecraft.iron_chestplate":2,"stat.pickup.minecraft.skull":2,"stat.pickup.minecraft.emerald":27,"stat.drop.galacticraftcore.basic_block_core":20,"stat.deaths":19,"stat.pickup.minecraft.egg":21,"stat.playOneMinute":112485,"stat.drop.minecraft.string":2,"stat.craftItem.minecraft.iron_pickaxe":1,"stat.mineBlock.minecraft.tallgrass":46,"stat.craftItem.minecraft.cooked_mutton":2,"stat.chestOpened":42,"stat.pickup.botania.mushroom":5,"stat.useItem.minecraft.stone":3,"stat.pickup.minecraft.arrow":27,"stat.pickup.minecraft.iron_sword":7,"stat.pickup.minecraft.gold_nugget":1298,"stat.mineBlock.botania.mushroom":3,"stat.fallOneCm":65287,"stat.drop.minecraft.stone":3,"stat.pickup.chisel.basalt2":2,"stat.pickup.minecraft.carrot":13,"stat.crouchOneCm":24699,"stat.craftItem.minecraft.iron_ingot":20,"stat.pickup.minecraft.red_mushroom":1,"stat.craftingTableInteraction":15,"stat.mineBlock.ic2.resource":1,"stat.pickup.minecraft.wooden_pickaxe":2,"stat.pickup.minecraft.feather":2,"stat.drop.minecraft.bone":7,"stat.useItem.minecraft.furnace":1,"stat.craftItem.minecraft.wooden_sword":3,"stat.pickup.minecraft.planks":95,"stat.pickup.minecraft.iron_leggings":14,"stat.pickup.minecraft.wheat_seeds":87,"stat.useItem.minecraft.stone_pickaxe":131,"stat.useItem.minecraft.stone_sword":51,"stat.mineBlock.minecraft.dirt":22,"stat.useItem.minecraft.bread":2,"stat.useItem.minecraft.torch":26,"stat.drop.botania.flower":12,"stat.pickup.minecraft.iron_nugget":3,"stat.drop.minecraft.rotten_flesh":9,"stat.pickup.minecraft.crafting_table":6,"stat.useItem.minecraft.cobblestone":68,"stat.craftItem.minecraft.crafting_table":3,"stat.mineBlock.minecraft.double_plant":2,"stat.mineBlock.minecraft.emerald_ore":1,"stat.pickup.minecraft.log":26,"stat.mineBlock.galacticraftcore.basic_block_core":6,"stat.pickup.minecraft.iron_pickaxe":1,"stat.pickup.minecraft.tallgrass":5,"stat.craftItem.minecraft.gold_ingot":14,"stat.pickup.minecraft.web":42,"stat.pickup.minecraft.chicken":3,"stat.drop.minecraft.gold_nugget":1,"stat.pickup.minecraft.sapling":13,"stat.pickup.minecraft.wooden_door":1,"stat.pickup.minecraft.apple":1,"stat.mineBlock.iceandfire.goldpile":66,"stat.craftItem.minecraft.bucket":2,"stat.craftItem.minecraft.planks":104,"stat.useItem.minecraft.iron_sword":40,"stat.craftItem.galacticraftplanets.carbon_fragments":8,"stat.pickup.minecraft.stone_sword":2,"stat.pickup.minecraft.book":23,"stat.mineBlock.minecraft.log":26,"stat.pickup.iceandfire.dragonbone":1,"stat.pickup.minecraft.red_flower":1,"stat.sneakTime":9170,"stat.pickup.minecraft.wool":1,"stat.drop.botania.mushroom":2,"stat.useItem.minecraft.wooden_axe":16,"stat.drop.minecraft.wooden_axe":2,"stat.pickup.minecraft.chest":2,"stat.pickup.ic2.ingot":2,"stat.pickup.minecraft.bone":15,"stat.mineBlock.minecraft.cobblestone":3,"stat.killEntity.gorgon":1,"stat.pickup.minecraft.stone_pickaxe":1,"stat.drop.minecraft.red_mushroom":1,"stat.pickup.iceandfire.deathworm_chitin":8,"stat.swimOneCm":57329,"stat.climbOneCm":3265,"stat.drop.minecraft.brown_mushroom":1,"stat.useItem.minecraft.dirt":5,"stat.useItem.minecraft.stone_slab2":24,"stat.pickup.minecraft.iron_boots":6,"stat.craftItem.minecraft.furnace":1,"stat.useItem.minecraft.egg":10,"stat.craftItem.minecraft.stone_pickaxe":1,"stat.pickup.minecraft.cobblestone":381,"stat.flyOneCm":436410,"stat.drop.minecraft.wheat_seeds":6,"stat.mineBlock.minecraft.iron_ore":59,"stat.timeSinceDeath":240,"stat.pickup.travelersbackpack.travelers_backpack":6,"stat.pickup.minecraft.wooden_axe":4,"stat.pickup.minecraft.stonebrick":3,"stat.pickup.galacticraftcore.basic_block_core":27,"stat.useItem.minecraft.cooked_porkchop":2,"stat.drop.minecraft.wool":1,"stat.mineBlock.minecraft.coal_ore":70,"stat.killEntity.Creeper":1,"stat.talkedToVillager":4,"stat.pickup.minecraft.wooden_sword":2,"stat.pickup.minecraft.string":4,"stat.craftItem.minecraft.stone_slab2":0,"stat.sprintOneCm":282496,"stat.drop.minecraft.leather":5,"stat.craftItem.minecraft.stick":76,"stat.craftItem.minecraft.wooden_axe":2,"stat.pickup.ic2.resource":2,"stat.mineBlock.minecraft.diamond_ore":5,"stat.mineBlock.minecraft.crafting_table":2,"stat.pickup.botania.flower":29,"stat.mineBlock.minecraft.planks":4,"stat.drop.galacticraftcore.basic_item":2,"stat.drop":41,"stat.useItem.minecraft.wooden_sword":1,"stat.killEntity.Sheep":1,"stat.useItem.iceandfire.rotten_egg":1,"stat.killEntity.Zombie":7,"stat.mineBlock.minecraft.gold_ore":19,"stat.diveOneCm":19861,"stat.pickup.minecraft.wheat":1,"stat.entityKilledBy.deathworm":1,"stat.useItem.minecraft.chicken":3,"stat.pickup.minecraft.stone_axe":5,"stat.useItem.minecraft.apple":3,"stat.pickup.minecraft.obsidian":15,"stat.useItem.minecraft.porkchop":4,"stat.jump":2368,"stat.pickup.minecraft.iron_helmet":6,"stat.pickup.minecraft.coal":151,"stat.pickup.minecraft.iron_ingot":45,"stat.useItem.minecraft.stone_axe":65,"stat.pickup.minecraft.gunpowder":3,"stat.pickup.iceandfire.chared_stone":1,"stat.pickup.minecraft.spider_eye":1,"stat.craftItem.minecraft.torch":40,"stat.pickup.minecraft.dirt":46,"stat.pickup.minecraft.iron_ore":100,"stat.drop.iceandfire.chared_grass":1,"stat.pickup.minecraft.gold_ore":38,"stat.damageTaken":3272,"stat.pickup.minecraft.leather":26,"stat.mineBlock.minecraft.torch":13,"stat.mineBlock.minecraft.furnace":1,"stat.pickup.ic2.rubber_wood":28,"stat.pickup.minecraft.bed":3,"stat.pickup.minecraft.potato":24,"stat.entityKilledBy.Zombie":1,"stat.damageDealt":5878,"stat.pickup.iceandfire.chared_grass":1,"stat.sleepInBed":11,"stat.killEntity.Cow":16,"stat.killEntity.Pig":5,"stat.walkOneCm":361300,"stat.pickup.minecraft.stick":48,"stat.mineBlock.chisel.basalt2":2,"stat.entityKilledBy.thebetweenlands.dark_druid":1,"stat.pickup.galacticraftcore.basic_item":16,"stat.pickup.minecraft.stone":8,"stat.drop.minecraft.potato":24,"stat.pickup.minecraft.gold_ingot":27,"stat.killEntity.Skeleton":2,"stat.killEntity.Chicken":1,"stat.killEntity.Spider":2,"stat.pickup.astralsorcery.itemcraftingcomponent":1,"stat.killEntity.stymphalianbird":1,"stat.mobKills":35,"stat.mineBlock.minecraft.bookshelf":7,"stat.pickup.minecraft.diamond":19,"stat.mineBlock.minecraft.leaves":2,"stat.pickup.minecraft.torch":13,"stat.mineBlock.astralsorcery.blockcustomsandore":1,"stat.mineBlock.minecraft.stone":189}