{"stat.pickup.tconstruct.book":2,"stat.pickup.minecraft.bone":1,"stat.leaveGame":3,"stat.mineBlock.minecraft.cobblestone":4,"stat.pickup.minecraft.stone_pickaxe":2,"stat.useItem.minecraft.mutton":5,"stat.swimOneCm":78,"stat.pickup.minecraft.porkchop":8,"stat.useItem.minecraft.dirt":10,"stat.useItem.minecraft.stone_slab2":15,"stat.pickup.minecraft.rotten_flesh":36,"stat.craftItem.minecraft.furnace":1,"stat.useItem.minecraft.egg":9,"stat.craftItem.minecraft.stone_axe":1,"stat.craftItem.minecraft.stone_pickaxe":1,"stat.craftItem.minecraft.cooked_beef":18,"stat.pickup.minecraft.cobblestone":133,"stat.craftItem.minecraft.stone_sword":2,"stat.flyOneCm":210310,"stat.drop.minecraft.wheat_seeds":1,"stat.useItem.minecraft.cooked_beef":1,"stat.timeSinceDeath":41486,"stat.craftItem.minecraft.wooden_pickaxe":1,"stat.pickup.minecraft.mutton":10,"stat.useItem.minecraft.iron_shovel":2,"stat.pickup.astralsorcery.itemjournal":2,"stat.craftItem.minecraft.bed":1,"stat.furnaceInteraction":37,"stat.pickup.minecraft.iron_shovel":1,"stat.pickup.iceandfire.rotten_egg":1,"stat.mineBlock.minecraft.coal_ore":47,"stat.killEntity.Creeper":3,"stat.pickup.minecraft.string":4,"stat.pickup.minecraft.beef":116,"stat.pickup.minecraft.furnace":3,"stat.craftItem.minecraft.stone_slab2":0,"stat.sprintOneCm":106380,"stat.craftItem.minecraft.stick":16,"stat.mineBlock.minecraft.crafting_table":4,"stat.entityKilledBy.Creeper":1,"stat.useItem.minecraft.beef":2,"stat.deaths":2,"stat.drop":2,"stat.pickup.minecraft.egg":34,"stat.playOneMinute":59160,"stat.killEntity.Sheep":6,"stat.useItem.iceandfire.rotten_egg":1,"stat.killEntity.Zombie":29,"stat.mineBlock.minecraft.tallgrass":14,"stat.chestOpened":3,"stat.pickup.minecraft.arrow":3,"stat.useItem.minecraft.chicken":2,"stat.pickup.minecraft.stone_axe":1,"stat.craftItem.minecraft.coal":5,"stat.jump":1275,"stat.pickup.minecraft.coal":109,"stat.fallOneCm":45735,"stat.useItem.minecraft.stone_axe":84,"stat.drop.minecraft.stone_sword":1,"stat.pickup.minecraft.gunpowder":3,"stat.crouchOneCm":19756,"stat.craftItem.minecraft.torch":16,"stat.pickup.minecraft.dirt":17,"stat.useItem.minecraft.cooked_chicken":13,"stat.craftingTableInteraction":10,"stat.pickup.minecraft.leather":39,"stat.pickup.minecraft.feather":45,"stat.damageTaken":1498,"stat.mineBlock.minecraft.furnace":3,"stat.mineBlock.minecraft.torch":8,"stat.useItem.minecraft.wooden_pickaxe":59,"stat.pickup.minecraft.planks":14,"stat.pickup.minecraft.bed":1,"stat.pickup.minecraft.wheat_seeds":3,"stat.entityKilledBy.Zombie":1,"stat.useItem.minecraft.stone_pickaxe":62,"stat.useItem.minecraft.stone_sword":197,"stat.damageDealt":11662,"stat.sleepInBed":1,"stat.killEntity.Cow":32,"stat.mineBlock.minecraft.dirt":17,"stat.killEntity.Pig":4,"stat.walkOneCm":173734,"stat.useItem.minecraft.torch":15,"stat.pickup.minecraft.stick":1,"stat.pickup.minecraft.crafting_table":5,"stat.useItem.minecraft.cobblestone":29,"stat.craftItem.minecraft.crafting_table":1,"stat.pickup.minecraft.log":101,"stat.pickup.minecraft.chicken":67,"stat.pickup.minecraft.sapling":1,"stat.pickup.minecraft.cooked_beef":44,"stat.killEntity.Skeleton":2,"stat.craftItem.minecraft.planks":44,"stat.killEntity.Chicken":20,"stat.killEntity.Spider":1,"stat.pickup.minecraft.stone_sword":2,"stat.mobKills":97,"stat.mineBlock.minecraft.log":41,"stat.craftItem.minecraft.cooked_chicken":18,"stat.mineBlock.minecraft.leaves":8,"stat.pickup.minecraft.torch":8,"stat.sneakTime":5706,"stat.pickup.minecraft.wool":12,"stat.mineBlock.minecraft.stone":63}