{"stats":{"minecraft:broken":{"minecraft:iron_shovel":2,"minecraft:stone_sword":1,"minecraft:shield":3,"minecraft:iron_axe":3,"minecraft:leather_boots":1,"minecraft:iron_pickaxe":3},"minecraft:mined":{"minecraft:tuff":3,"minecraft:spruce_planks":15,"minecraft:white_bed":6,"minecraft:oak_sapling":1,"minecraft:deepslate_diamond_ore":58,"minecraft:cobblestone_stairs":3,"minecraft:jungle_leaves":79,"minecraft:brewing_stand":1,"minecraft:grass_block":323,"minecraft:spruce_fence":6,"minecraft:spruce_leaves":118,"minecraft:spawner":1,"minecraft:large_fern":4,"minecraft:hay_block":16,"minecraft:tall_seagrass":1,"minecraft:raw_iron_block":1,"minecraft:spruce_sapling":2,"minecraft:furnace":8,"minecraft:iron_ore":202,"minecraft:cobbled_deepslate":19,"minecraft:andesite":10,"minecraft:stripped_spruce_log":8,"minecraft:pumpkin":10,"minecraft:deepslate_lapis_ore":29,"minecraft:vine":9,"minecraft:deepslate_iron_ore":141,"minecraft:dirt_path":1,"minecraft:oak_stairs":44,"minecraft:bamboo":40,"minecraft:stone":221,"minecraft:spruce_slab":8,"minecraft:deepslate_redstone_ore":18,"minecraft:glass_pane":4,"minecraft:soul_fire":2,"minecraft:crimson_nylium":3,"minecraft:kelp_plant":1,"minecraft:smoker":1,"minecraft:polished_granite":1,"minecraft:crafting_table":26,"minecraft:torch":28,"minecraft:short_grass":222,"minecraft:blast_furnace":2,"minecraft:poppy":1,"minecraft:nether_quartz_ore":17,"minecraft:tall_grass":11,"minecraft:cobblestone":29,"minecraft:deepslate_gold_ore":25,"minecraft:lapis_ore":3,"minecraft:oak_planks":132,"minecraft:sugar_cane":57,"minecraft:diorite":4,"minecraft:wall_torch":50,"minecraft:seagrass":3,"minecraft:spruce_stairs":27,"minecraft:gray_wool":1,"minecraft:purple_bed":19,"minecraft:sweet_berry_bush":11,"minecraft:spruce_log":352,"minecraft:black_wool":1,"minecraft:oak_log":253,"minecraft:coal_ore":238,"minecraft:gravel":6,"minecraft:dirt":172,"minecraft:sand":345,"minecraft:netherrack":108,"minecraft:mossy_stone_bricks":1,"minecraft:oak_leaves":76,"minecraft:deepslate":140,"minecraft:fern":4},"minecraft:killed_by":{"minecraft:player":2,"minecraft:creeper":3,"minecraft:spider":2,"minecraft:drowned":2,"minecraft:skeleton":5,"minecraft:zombie":2},"minecraft:custom":{"minecraft:mob_kills":159,"minecraft:interact_with_crafting_table":116,"minecraft:leave_game":4,"minecraft:time_since_death":8994,"minecraft:climb_one_cm":5677,"minecraft:sprint_one_cm":1315066,"minecraft:walk_one_cm":1688549,"minecraft:damage_blocked_by_shield":10949,"minecraft:drop":70,"minecraft:talked_to_villager":17,"minecraft:play_time":563781,"minecraft:sneak_time":28499,"minecraft:deaths":17,"minecraft:walk_under_water_one_cm":29810,"minecraft:boat_one_cm":669548,"minecraft:jump":10259,"minecraft:interact_with_blast_furnace":33,"minecraft:walk_on_water_one_cm":48012,"minecraft:total_world_time":563781,"minecraft:interact_with_furnace":64,"minecraft:sleep_in_bed":22,"minecraft:time_since_rest":0,"minecraft:damage_taken":10312,"minecraft:damage_dealt":25294,"minecraft:swim_one_cm":100013,"minecraft:fly_one_cm":1953901,"minecraft:open_chest":188,"minecraft:crouch_one_cm":85840,"minecraft:interact_with_smoker":38,"minecraft:fall_one_cm":269888},"minecraft:used":{"minecraft:stone_sword":318,"minecraft:iron_shovel":827,"minecraft:armor_stand":1,"minecraft:spruce_slab":75,"minecraft:chest":12,"minecraft:spruce_planks":230,"minecraft:shield":179,"minecraft:iron_sword":252,"minecraft:netherrack":18,"minecraft:iron_chestplate":1,"minecraft:torch":347,"minecraft:brewing_stand":1,"minecraft:dirt":454,"minecraft:spruce_stairs":356,"minecraft:tuff":1,"minecraft:granite":1,"minecraft:spruce_fence":12,"minecraft:jungle_sapling":2,"minecraft:spruce_boat":5,"minecraft:lantern":11,"minecraft:iron_axe":865,"minecraft:oak_stairs":64,"minecraft:iron_helmet":1,"minecraft:beef":10,"minecraft:sweet_berries":19,"minecraft:oak_sapling":14,"minecraft:furnace":9,"minecraft:cooked_beef":30,"minecraft:cobbled_deepslate":75,"minecraft:cooked_mutton":15,"minecraft:mossy_stone_bricks":1,"minecraft:cobblestone_stairs":48,"minecraft:oak_planks":720,"minecraft:stone_pickaxe":117,"minecraft:wooden_pickaxe":19,"minecraft:sugar_cane":65,"minecraft:leather_boots":1,"minecraft:sand":1,"minecraft:crafting_table":33,"minecraft:blast_furnace":2,"minecraft:white_bed":8,"minecraft:cod":1,"minecraft:spruce_log":131,"minecraft:smoker":2,"minecraft:oak_log":25,"minecraft:apple":4,"minecraft:diamond_pickaxe":203,"minecraft:bread":44,"minecraft:iron_pickaxe":963,"minecraft:polished_granite":1,"minecraft:spruce_trapdoor":2,"minecraft:gravel":10,"minecraft:spruce_sapling":30,"minecraft:stone_axe":67,"minecraft:purple_bed":17,"minecraft:cobblestone":129,"minecraft:porkchop":3,"minecraft:cooked_porkchop":9,"minecraft:bucket":2,"minecraft:andesite":4,"minecraft:glass_pane":42,"minecraft:oak_boat":6},"minecraft:crafted":{"minecraft:smooth_stone":3,"minecraft:oak_planks":836,"minecraft:raw_iron":9,"minecraft:smooth_stone_slab":6,"minecraft:iron_nugget":90,"minecraft:furnace":3,"minecraft:stone":3,"minecraft:cobblestone_stairs":48,"minecraft:spruce_fence":9,"minecraft:cooked_mutton":15,"minecraft:glass_pane":48,"minecraft:scaffolding":48,"minecraft:glass":72,"minecraft:lantern":11,"minecraft:spruce_stairs":352,"minecraft:diamond_helmet":1,"minecraft:diamond_leggings":1,"minecraft:iron_axe":5,"minecraft:spruce_slab":66,"minecraft:stone_pickaxe":1,"minecraft:chest":12,"minecraft:diamond_boots":1,"minecraft:spruce_boat":1,"minecraft:golden_boots":1,"minecraft:smoker":1,"minecraft:wheat":144,"minecraft:cooked_beef":55,"minecraft:cooked_porkchop":12,"minecraft:crafting_table":10,"minecraft:spruce_planks":832,"minecraft:iron_helmet":1,"minecraft:wooden_pickaxe":2,"minecraft:iron_sword":2,"minecraft:stone_axe":2,"minecraft:bread":48,"minecraft:air":0,"minecraft:oak_boat":5,"minecraft:iron_chestplate":1,"minecraft:diamond_pickaxe":1,"minecraft:shield":4,"minecraft:stick":100,"minecraft:iron_ingot":146,"minecraft:iron_pickaxe":4,"minecraft:oak_stairs":20,"minecraft:stone_sword":3,"minecraft:gold_ingot":4,"minecraft:iron_shovel":5,"minecraft:iron_leggings":1,"minecraft:armor_stand":1,"minecraft:white_bed":2,"minecraft:torch":256,"minecraft:diamond_chestplate":1},"minecraft:dropped":{"minecraft:iron_ingot":13,"minecraft:wheat_seeds":12,"minecraft:cobblestone":2,"minecraft:leather":31,"minecraft:dirt":11,"minecraft:diorite":3,"minecraft:oak_stairs":1,"minecraft:sand":6,"minecraft:pumpkin":10,"minecraft:iron_axe":1,"minecraft:iron_shovel":2,"minecraft:string":2,"minecraft:spruce_sapling":1,"minecraft:gravel":13,"minecraft:kelp":5,"minecraft:iron_nugget":2,"minecraft:stone_sword":1,"minecraft:cobbled_deepslate":7,"minecraft:raw_copper":3,"minecraft:tuff":2,"minecraft:rotten_flesh":10,"minecraft:oak_planks":4,"minecraft:azure_bluet":1,"minecraft:poppy":1,"minecraft:hay_block":1,"minecraft:gunpowder":1,"minecraft:andesite":8,"minecraft:spider_eye":3,"minecraft:spruce_slab":2,"minecraft:bow":1,"minecraft:wooden_pickaxe":1,"minecraft:quartz":15,"minecraft:polished_granite":1,"minecraft:egg":1},"minecraft:picked_up":{"minecraft:crafting_table":33,"minecraft:iron_chestplate":2,"minecraft:azure_bluet":1,"minecraft:oak_stairs":45,"minecraft:brewing_stand":1,"minecraft:shield":3,"minecraft:string":21,"minecraft:raw_copper":3,"minecraft:iron_axe":3,"minecraft:iron_leggings":1,"minecraft:armor_stand":4,"minecraft:iron_shovel":3,"minecraft:cobbled_deepslate":255,"minecraft:bucket":2,"minecraft:spruce_planks":93,"minecraft:beef":137,"minecraft:oak_boat":1,"minecraft:jungle_sapling":2,"minecraft:poppy":1,"minecraft:iron_pickaxe":6,"minecraft:spruce_slab":11,"minecraft:sugar_cane":293,"minecraft:spruce_trapdoor":2,"minecraft:egg":1,"minecraft:furnace":14,"minecraft:stick":49,"minecraft:raw_iron":677,"minecraft:torch":253,"minecraft:spruce_stairs":27,"minecraft:spruce_fence":6,"minecraft:porkchop":100,"minecraft:diorite":3,"minecraft:redstone":252,"minecraft:stone_sword":7,"minecraft:arrow":46,"minecraft:rotten_flesh":74,"minecraft:hay_block":17,"minecraft:saddle":1,"minecraft:mutton":63,"minecraft:cod":1,"minecraft:white_wool":26,"minecraft:cobblestone":432,"minecraft:cooked_beef":38,"minecraft:andesite":19,"minecraft:leather":93,"minecraft:smoker":2,"minecraft:potato":4,"minecraft:flint":2,"minecraft:tuff":3,"minecraft:oak_log":320,"minecraft:golden_boots":1,"minecraft:gunpowder":6,"minecraft:cobblestone_stairs":3,"minecraft:lapis_lazuli":489,"minecraft:dirt":515,"minecraft:polished_granite":2,"minecraft:cooked_mutton":2,"minecraft:leather_boots":1,"minecraft:glass":10,"minecraft:bone":88,"minecraft:apple":14,"minecraft:kelp":5,"minecraft:bow":3,"minecraft:wheat_seeds":39,"minecraft:raw_gold":80,"minecraft:stone_pickaxe":3,"minecraft:iron_ingot":57,"minecraft:mossy_stone_bricks":1,"minecraft:bamboo":798,"minecraft:iron_sword":2,"minecraft:oak_planks":154,"minecraft:scaffolding":48,"minecraft:ghast_tear":2,"minecraft:cooked_porkchop":12,"minecraft:pumpkin":30,"minecraft:sweet_berries":104,"minecraft:quartz":15,"minecraft:raw_iron_block":1,"minecraft:gravel":25,"minecraft:sand":601,"minecraft:stripped_spruce_log":8,"minecraft:spruce_sapling":33,"minecraft:blast_furnace":2,"minecraft:white_bed":6,"minecraft:spruce_log":361,"minecraft:spider_eye":8,"minecraft:purple_bed":20,"minecraft:diamond":121,"minecraft:spruce_boat":3,"minecraft:stone_axe":3,"minecraft:iron_helmet":2,"minecraft:granite":3,"minecraft:gray_wool":1,"minecraft:bread":101,"minecraft:netherrack":110,"minecraft:oak_sapling":19,"minecraft:black_wool":1,"minecraft:coal":661,"minecraft:diamond_pickaxe":2},"minecraft:killed":{"minecraft:spider":8,"minecraft:skeleton":24,"minecraft:drowned":1,"minecraft:pig":24,"minecraft:zombie_villager":1,"minecraft:bat":1,"minecraft:creeper":4,"minecraft:sheep":8,"minecraft:zombie":42,"minecraft:ghast":1,"minecraft:cow":42}},"DataVersion":3953}