{"stats":{"minecraft:broken":{"minecraft:iron_shovel":1,"minecraft:iron_axe":3,"minecraft:leather_boots":1,"minecraft:iron_pickaxe":1},"minecraft:mined":{"minecraft:spruce_planks":15,"minecraft:white_bed":4,"minecraft:oak_sapling":1,"minecraft:deepslate_diamond_ore":15,"minecraft:cobblestone_stairs":3,"minecraft:brewing_stand":1,"minecraft:grass_block":322,"minecraft:spruce_fence":6,"minecraft:spruce_leaves":112,"minecraft:large_fern":3,"minecraft:hay_block":16,"minecraft:tall_seagrass":1,"minecraft:spruce_sapling":2,"minecraft:furnace":4,"minecraft:iron_ore":172,"minecraft:andesite":6,"minecraft:stripped_spruce_log":8,"minecraft:pumpkin":10,"minecraft:deepslate_lapis_ore":12,"minecraft:deepslate_iron_ore":22,"minecraft:dirt_path":1,"minecraft:oak_stairs":44,"minecraft:stone":209,"minecraft:spruce_slab":8,"minecraft:deepslate_redstone_ore":13,"minecraft:glass_pane":4,"minecraft:kelp_plant":1,"minecraft:smoker":1,"minecraft:crafting_table":17,"minecraft:torch":21,"minecraft:short_grass":216,"minecraft:blast_furnace":2,"minecraft:poppy":1,"minecraft:tall_grass":6,"minecraft:cobblestone":19,"minecraft:lapis_ore":3,"minecraft:deepslate_gold_ore":9,"minecraft:sugar_cane":57,"minecraft:oak_planks":132,"minecraft:diorite":3,"minecraft:wall_torch":38,"minecraft:spruce_stairs":27,"minecraft:gray_wool":1,"minecraft:purple_bed":13,"minecraft:sweet_berry_bush":11,"minecraft:spruce_log":336,"minecraft:black_wool":1,"minecraft:oak_log":248,"minecraft:coal_ore":198,"minecraft:gravel":4,"minecraft:sand":19,"minecraft:dirt":168,"minecraft:oak_leaves":65,"minecraft:deepslate":23,"minecraft:fern":4},"minecraft:killed_by":{"minecraft:player":2,"minecraft:creeper":2,"minecraft:spider":1,"minecraft:drowned":2,"minecraft:skeleton":2,"minecraft:zombie":2},"minecraft:custom":{"minecraft:mob_kills":104,"minecraft:interact_with_crafting_table":80,"minecraft:leave_game":3,"minecraft:time_since_death":35765,"minecraft:climb_one_cm":3770,"minecraft:sprint_one_cm":904017,"minecraft:walk_one_cm":1199498,"minecraft:damage_blocked_by_shield":2704,"minecraft:drop":46,"minecraft:talked_to_villager":7,"minecraft:play_time":332563,"minecraft:sneak_time":19727,"minecraft:deaths":12,"minecraft:walk_under_water_one_cm":22432,"minecraft:boat_one_cm":436597,"minecraft:jump":6558,"minecraft:interact_with_blast_furnace":10,"minecraft:walk_on_water_one_cm":34439,"minecraft:total_world_time":332563,"minecraft:interact_with_furnace":19,"minecraft:sleep_in_bed":15,"minecraft:time_since_rest":7460,"minecraft:damage_taken":5825,"minecraft:damage_dealt":16519,"minecraft:swim_one_cm":66546,"minecraft:fly_one_cm":1305691,"minecraft:open_chest":90,"minecraft:crouch_one_cm":61348,"minecraft:interact_with_smoker":13,"minecraft:fall_one_cm":176488},"minecraft:used":{"minecraft:stone_sword":169,"minecraft:iron_shovel":499,"minecraft:spruce_slab":67,"minecraft:chest":12,"minecraft:spruce_planks":221,"minecraft:shield":49,"minecraft:iron_sword":202,"minecraft:iron_chestplate":1,"minecraft:torch":209,"minecraft:brewing_stand":1,"minecraft:dirt":450,"minecraft:spruce_stairs":356,"minecraft:granite":1,"minecraft:spruce_fence":12,"minecraft:spruce_boat":5,"minecraft:lantern":11,"minecraft:iron_axe":799,"minecraft:oak_stairs":64,"minecraft:iron_helmet":1,"minecraft:beef":4,"minecraft:sweet_berries":3,"minecraft:oak_sapling":14,"minecraft:furnace":5,"minecraft:cooked_beef":12,"minecraft:cobbled_deepslate":5,"minecraft:cobblestone_stairs":48,"minecraft:oak_planks":712,"minecraft:stone_pickaxe":117,"minecraft:wooden_pickaxe":19,"minecraft:sugar_cane":65,"minecraft:leather_boots":1,"minecraft:sand":1,"minecraft:crafting_table":22,"minecraft:blast_furnace":2,"minecraft:white_bed":4,"minecraft:cod":1,"minecraft:spruce_log":131,"minecraft:smoker":2,"minecraft:oak_log":25,"minecraft:bread":44,"minecraft:iron_pickaxe":588,"minecraft:spruce_trapdoor":2,"minecraft:gravel":2,"minecraft:spruce_sapling":30,"minecraft:stone_axe":55,"minecraft:cobblestone":81,"minecraft:purple_bed":12,"minecraft:porkchop":2,"minecraft:cooked_porkchop":4,"minecraft:andesite":1,"minecraft:glass_pane":37,"minecraft:oak_boat":3},"minecraft:crafted":{"minecraft:oak_planks":784,"minecraft:iron_nugget":90,"minecraft:furnace":3,"minecraft:cobblestone_stairs":48,"minecraft:spruce_fence":9,"minecraft:glass_pane":48,"minecraft:glass":8,"minecraft:lantern":11,"minecraft:spruce_stairs":352,"minecraft:iron_axe":4,"minecraft:spruce_slab":60,"minecraft:stone_pickaxe":1,"minecraft:chest":12,"minecraft:spruce_boat":1,"minecraft:smoker":1,"minecraft:wheat":144,"minecraft:cooked_beef":37,"minecraft:crafting_table":8,"minecraft:spruce_planks":772,"minecraft:wooden_pickaxe":2,"minecraft:iron_sword":1,"minecraft:stone_axe":2,"minecraft:bread":48,"minecraft:air":0,"minecraft:oak_boat":2,"minecraft:shield":2,"minecraft:stick":68,"minecraft:iron_ingot":13,"minecraft:iron_pickaxe":3,"minecraft:oak_stairs":20,"minecraft:stone_sword":2,"minecraft:iron_shovel":2,"minecraft:torch":140},"minecraft:dropped":{"minecraft:iron_ingot":13,"minecraft:wheat_seeds":11,"minecraft:cobblestone":2,"minecraft:leather":31,"minecraft:dirt":1,"minecraft:diorite":3,"minecraft:iron_axe":1,"minecraft:iron_shovel":2,"minecraft:string":1,"minecraft:spruce_sapling":1,"minecraft:gravel":13,"minecraft:kelp":5,"minecraft:iron_nugget":2,"minecraft:stone_sword":1,"minecraft:cobbled_deepslate":1,"minecraft:raw_copper":3,"minecraft:rotten_flesh":2,"minecraft:azure_bluet":1,"minecraft:poppy":1,"minecraft:hay_block":1,"minecraft:andesite":5,"minecraft:spider_eye":2,"minecraft:wooden_pickaxe":1},"minecraft:picked_up":{"minecraft:crafting_table":20,"minecraft:iron_chestplate":1,"minecraft:azure_bluet":1,"minecraft:oak_stairs":44,"minecraft:brewing_stand":1,"minecraft:string":4,"minecraft:raw_copper":3,"minecraft:iron_axe":2,"minecraft:iron_shovel":1,"minecraft:cobbled_deepslate":30,"minecraft:spruce_planks":89,"minecraft:beef":91,"minecraft:oak_boat":1,"minecraft:poppy":1,"minecraft:iron_pickaxe":3,"minecraft:spruce_slab":8,"minecraft:sugar_cane":293,"minecraft:spruce_trapdoor":2,"minecraft:furnace":6,"minecraft:stick":41,"minecraft:raw_iron":193,"minecraft:torch":173,"minecraft:spruce_stairs":27,"minecraft:spruce_fence":6,"minecraft:porkchop":21,"minecraft:diorite":3,"minecraft:redstone":59,"minecraft:stone_sword":3,"minecraft:arrow":8,"minecraft:rotten_flesh":44,"minecraft:hay_block":17,"minecraft:mutton":15,"minecraft:cod":1,"minecraft:white_wool":8,"minecraft:cobblestone":348,"minecraft:cooked_beef":30,"minecraft:andesite":9,"minecraft:leather":55,"minecraft:smoker":2,"minecraft:potato":4,"minecraft:oak_log":253,"minecraft:gunpowder":5,"minecraft:cobblestone_stairs":3,"minecraft:lapis_lazuli":92,"minecraft:dirt":493,"minecraft:leather_boots":1,"minecraft:glass":10,"minecraft:bone":7,"minecraft:apple":2,"minecraft:kelp":5,"minecraft:wheat_seeds":38,"minecraft:raw_gold":8,"minecraft:stone_pickaxe":3,"minecraft:iron_ingot":57,"minecraft:iron_sword":1,"minecraft:oak_planks":138,"minecraft:pumpkin":10,"minecraft:sweet_berries":36,"minecraft:gravel":17,"minecraft:sand":19,"minecraft:stripped_spruce_log":8,"minecraft:spruce_sapling":33,"minecraft:blast_furnace":2,"minecraft:white_bed":4,"minecraft:spruce_log":346,"minecraft:spider_eye":3,"minecraft:purple_bed":13,"minecraft:diamond":15,"minecraft:spruce_boat":3,"minecraft:iron_helmet":1,"minecraft:granite":3,"minecraft:gray_wool":1,"minecraft:bread":95,"minecraft:oak_sapling":15,"minecraft:black_wool":1,"minecraft:coal":551},"minecraft:killed":{"minecraft:spider":3,"minecraft:skeleton":8,"minecraft:pig":13,"minecraft:bat":1,"minecraft:creeper":4,"minecraft:sheep":8,"minecraft:zombie":31,"minecraft:cow":34}},"DataVersion":3953}