{"stat.pickup.tconstruct.book":5,"stat.leaveGame":4,"stat.useItem.chisel.glasspane":15,"stat.mineBlock.ic2.sapling":1,"stat.craftItem.minecraft.iron_axe":1,"stat.craftItem.botania.lexicon":1,"stat.mineBlock.ic2.rubber_wood":4,"stat.useItem.minecraft.mutton":1,"stat.useItem.minecraft.planks":186,"stat.pickup.minecraft.glowstone_dust":2,"stat.pickup.minecraft.porkchop":50,"stat.mineBlock.astralsorcery.blockcustomflower":1,"stat.useItem.minecraft.water_bucket":8,"stat.pickup.minecraft.rotten_flesh":28,"stat.pickup.minecraft.sand":51,"stat.craftItem.minecraft.stone_axe":3,"stat.pickup.minecraft.cobblestone_wall":3,"stat.pickup.minecraft.bucket":1,"stat.craftItem.minecraft.cobblestone_wall":30,"stat.pickup.chisel.cobblestone1":20,"stat.craftItem.minecraft.stone_sword":2,"stat.entityKilledBy.firedragon":1,"stat.pickup.minecraft.brown_mushroom":5,"stat.mineBlock.minecraft.sand":24,"stat.pickup.iceandfire.ash":2,"stat.drop.buildcraftlib.guide":2,"stat.useItem.minecraft.iron_pickaxe":447,"stat.pickup.tconstruct.slime_sapling":2,"stat.craftItem.minecraft.wooden_pickaxe":1,"stat.mineBlock.chisel.planks-spruce":2,"stat.pickup.astralsorcery.itemjournal":4,"stat.craftItem.cfm.coffee_table_oak":1,"stat.craftItem.minecraft.bed":1,"stat.craftItem.minecraft.glass_pane":32,"stat.mineBlock.chisel.marble2":5,"stat.furnaceInteraction":77,"stat.mineBlock.botania.flower":17,"stat.killEntity.ZombieVillager":2,"stat.pickup.iceandfire.dragon_skull":1,"stat.drop.iceandfire.dragonbone":4,"stat.pickup.botania.livingwood":10,"stat.pickup.minecraft.beef":24,"stat.pickup.minecraft.furnace":4,"stat.pickup.minecraft.iron_chestplate":3,"stat.useItem.minecraft.stone_stairs":16,"stat.mineBlock.iceandfire.ash":2,"stat.useItem.botania.petal":4,"stat.pickup.minecraft.stone_stairs":4,"stat.pickup.ic2.misc_resource":1,"stat.pickup.tconstruct.slime_dirt":54,"stat.useItem.botania.twigwand":20,"stat.useItem.minecraft.beef":6,"stat.mineBlock.tconstruct.slime_vine_purple_mid":2,"stat.deaths":6,"stat.pickup.minecraft.egg":1,"stat.playOneMinute":363710,"stat.craftItem.minecraft.iron_pickaxe":2,"stat.drop.minecraft.torch":3,"stat.pickup.chisel.marble2":6,"stat.mineBlock.minecraft.tallgrass":133,"stat.pickup.chisel.dirt":38,"stat.chestOpened":85,"stat.pickup.botania.mushroom":9,"stat.useItem.minecraft.stone":4,"stat.pickup.minecraft.iron_sword":3,"stat.pickup.minecraft.arrow":18,"stat.mineBlock.minecraft.ice":2,"stat.mineBlock.chisel.dirt":5,"stat.useItem.mcwdoors.spruce_glass_door":1,"stat.mineBlock.botania.mushroom":5,"stat.fallOneCm":79962,"stat.drop.minecraft.stone":1,"stat.pickup.botania.lexicon":1,"stat.pickup.minecraft.carrot":6,"stat.drop.minecraft.stone_sword":1,"stat.crouchOneCm":74568,"stat.mineBlock.minecraft.chest":1,"stat.craftItem.minecraft.iron_ingot":32,"stat.craftingTableInteraction":77,"stat.mineBlock.ic2.resource":64,"stat.mineBlock.chisel.glasspane":2,"stat.pickup.minecraft.wooden_pickaxe":2,"stat.useItem.minecraft.furnace":2,"stat.useItem.minecraft.reeds":1,"stat.craftItem.tconstruct.materials":30,"stat.pickup.minecraft.dye":285,"stat.pickup.minecraft.planks":151,"stat.pickup.minecraft.iron_leggings":7,"stat.pickup.chisel.limestone2":23,"stat.mineBlock.botania.pool":1,"stat.pickup.minecraft.wheat_seeds":28,"stat.pickup.chisel.cobblestone":247,"stat.pickup.botania.twigwand":1,"stat.mineBlock.minecraft.gravel":105,"stat.useItem.minecraft.stone_pickaxe":455,"stat.useItem.chisel.planks-spruce":191,"stat.useItem.minecraft.stone_sword":182,"stat.pickup.iceandfire.dragon_stick":3,"stat.mineBlock.minecraft.dirt":278,"stat.drop.iceandfire.dragon_stick":1,"stat.pickup.botania.specialflower":1,"stat.useItem.minecraft.torch":97,"stat.useItem.minecraft.bread":10,"stat.drop.botania.flower":3,"stat.drop.minecraft.rotten_flesh":2,"stat.craftItem.minecraft.stone_stairs":16,"stat.pickup.minecraft.crafting_table":7,"stat.useItem.minecraft.log":5,"stat.pickup.buildcraftlib.guide":2,"stat.useItem.minecraft.cobblestone":158,"stat.craftItem.minecraft.crafting_table":5,"stat.useItem.minecraft.gravel":48,"stat.mineBlock.minecraft.double_plant":6,"stat.pickup.minecraft.log":234,"stat.pickup.chisel.glasspane":10,"stat.mineBlock.galacticraftcore.basic_block_core":79,"stat.pickup.minecraft.iron_pickaxe":4,"stat.drop.minecraft.carrot":6,"stat.craftItem.minecraft.gold_ingot":9,"stat.pickup.chisel.planks-spruce":2,"stat.craftItem.chisel.chisel_iron":5,"stat.pickup.minecraft.sapling":10,"stat.useItem.minecraft.glass_pane":11,"stat.craftItem.minecraft.bucket":2,"stat.craftItem.minecraft.planks":512,"stat.useItem.minecraft.iron_sword":121,"stat.mineBlock.tconstruct.slime_grass":3,"stat.useItem.chisel.dirt":30,"stat.mineBlock.tconstruct.slime_vine_blue":1,"stat.pickup.minecraft.stone_sword":5,"stat.mineBlock.minecraft.log":154,"stat.pickup.iceandfire.dragonbone":4,"stat.drop.botania.twigwand":1,"stat.sneakTime":22472,"stat.pickup.minecraft.wool":4,"stat.mineBlock.minecraft.cobblestone_wall":3,"stat.pickup.ic2.sapling":2,"stat.drop.botania.mushroom":3,"stat.craftItem.botania.twigwand":1,"stat.pickup.minecraft.stone_slab":4,"stat.pickup.minecraft.yellow_flower":1,"stat.pickup.minecraft.chest":1,"stat.drop.minecraft.stone_pickaxe":1,"stat.pickup.minecraft.bone":38,"stat.useItem.minecraft.iron_axe":3,"stat.craftItem.mcwdoors.spruce_glass_door":3,"stat.drop.minecraft.glowstone_dust":2,"stat.mineBlock.minecraft.cobblestone":13,"stat.pickup.minecraft.stone_pickaxe":2,"stat.pickup.minecraft.flint":14,"stat.mineBlock.minecraft.yellow_flower":1,"stat.craftItem.botania.petal":16,"stat.swimOneCm":35002,"stat.climbOneCm":38,"stat.mineBlock.chisel.cobblestone1":21,"stat.pickup.minecraft.cooked_porkchop":2,"stat.useItem.minecraft.dirt":377,"stat.useItem.minecraft.stone_slab2":91,"stat.pickup.forge.bucketfilled":1,"stat.pickup.minecraft.iron_boots":5,"stat.mineBlock.tconstruct.slime_vine_purple_end":1,"stat.mineBlock.chisel.cobblestone":179,"stat.craftItem.minecraft.furnace":1,"stat.useItem.minecraft.egg":1,"stat.craftItem.minecraft.stone_pickaxe":4,"stat.craftItem.minecraft.cooked_beef":12,"stat.pickup.minecraft.cobblestone":1090,"stat.mineBlock.minecraft.clay":17,"stat.mineBlock.chisel.limestone2":15,"stat.useItem.minecraft.stone_shovel":333,"stat.flyOneCm":928255,"stat.useItem.chisel.cobblestone":1202,"stat.useItem.chisel.limestone2":3,"stat.drop.minecraft.wheat_seeds":13,"stat.useItem.minecraft.cooked_beef":7,"stat.pickup.minecraft.redstone":5,"stat.mineBlock.minecraft.iron_ore":94,"stat.craftItem.minecraft.book":1,"stat.timeSinceDeath":161038,"stat.pickup.minecraft.mutton":26,"stat.killEntity.Bat":1,"stat.craftItem.tconstruct.seared":7,"stat.pickup.galacticraftcore.basic_block_core":216,"stat.drop.minecraft.dirt":1,"stat.useItem.minecraft.cooked_porkchop":4,"stat.pickup.minecraft.trapdoor":1,"stat.mineBlock.minecraft.coal_ore":172,"stat.killEntity.Creeper":10,"stat.craftItem.tconstruct.soil":40,"stat.pickup.minecraft.string":31,"stat.craftItem.tconstruct.slime_boots":1,"stat.craftItem.minecraft.stone_slab2":0,"stat.pickup.botania.petal":25,"stat.craftItem.botania.manaresource":3,"stat.killEntity.Squid":1,"stat.sprintOneCm":412375,"stat.pickup.minecraft.paper":3,"stat.useItem.tconstruct.slime_dirt":19,"stat.craftItem.minecraft.stick":60,"stat.pickup.ic2.resource":132,"stat.drop.tconstruct.slime_congealed":6,"stat.mineBlock.minecraft.crafting_table":5,"stat.pickup.botania.flower":23,"stat.mineBlock.minecraft.planks":28,"stat.drop":81,"stat.killEntity.Sheep":4,"stat.pickup.minecraft.slime_ball":4,"stat.killEntity.Zombie":21,"stat.craftItem.minecraft.clay":16,"stat.mineBlock.minecraft.gold_ore":22,"stat.diveOneCm":33326,"stat.craftItem.minecraft.slime_ball":4,"stat.pickup.minecraft.wheat":1,"stat.mineBlock.botania.doubleflower2":1,"stat.mineBlock.botania.doubleflower1":1,"stat.drop.minecraft.wooden_pickaxe":2,"stat.pickup.minecraft.gravel":91,"stat.drop.minecraft.cooked_beef":7,"stat.craftItem.minecraft.cooked_porkchop":18,"stat.pickup.minecraft.stone_axe":2,"stat.mineBlock.tconstruct.slime_leaves":18,"stat.craftItem.botania.altar":1,"stat.mineBlock.tconstruct.slime_dirt":35,"stat.pickup.minecraft.diamond_sword":1,"stat.jump":4505,"stat.pickup.minecraft.coal":622,"stat.pickup.minecraft.iron_helmet":7,"stat.pickup.minecraft.iron_ingot":62,"stat.useItem.minecraft.stone_axe":190,"stat.drop.minecraft.diamond_sword":1,"stat.pickup.minecraft.gunpowder":12,"stat.pickup.minecraft.spider_eye":1,"stat.craftItem.minecraft.torch":136,"stat.pickup.minecraft.dirt":687,"stat.pickup.minecraft.iron_ore":103,"stat.pickup.tconstruct.slime_congealed":29,"stat.pickup.minecraft.gold_ore":70,"stat.mineBlock.minecraft.lapis_ore":10,"stat.pickup.minecraft.iron_axe":4,"stat.mineBlock.minecraft.glass_pane":4,"stat.mineBlock.minecraft.stone_stairs":4,"stat.damageTaken":3896,"stat.pickup.minecraft.leather":9,"stat.mineBlock.minecraft.furnace":2,"stat.mineBlock.minecraft.torch":19,"stat.useItem.minecraft.wooden_pickaxe":27,"stat.drop.minecraft.water_bucket":1,"stat.pickup.ic2.rubber_wood":4,"stat.pickup.minecraft.reeds":16,"stat.useItem.forge.bucketfilled":3,"stat.entityKilledBy.Zombie":1,"stat.pickup.botania.altar":2,"stat.damageDealt":12492,"stat.craftItem.minecraft.glass":17,"stat.sleepInBed":7,"stat.killEntity.Cow":6,"stat.useItem.minecraft.crafting_table":1,"stat.killEntity.Pig":15,"stat.craftItem.minecraft.iron_sword":1,"stat.drop.botania.petal":10,"stat.craftItem.minecraft.stone_slab":6,"stat.craftItem.minecraft.stone_shovel":3,"stat.walkOneCm":1039713,"stat.pickup.minecraft.stick":13,"stat.pickup.minecraft.clay_ball":64,"stat.mineBlock.botania.altar":1,"stat.pickup.galacticraftcore.basic_item":8,"stat.drop.ic2.resource":4,"stat.pickup.minecraft.stone":10,"stat.pickup.minecraft.ender_pearl":1,"stat.pickup.minecraft.cooked_beef":2,"stat.pickup.minecraft.gold_ingot":9,"stat.killEntity.Skeleton":5,"stat.drop.iceandfire.ash":1,"stat.killEntity.Spider":10,"stat.pickup.minecraft.bread":32,"stat.mobKills":74,"stat.pickup.minecraft.water_bucket":3,"stat.useItem.minecraft.cobblestone_wall":20,"stat.pickup.botania.pool":1,"stat.mineBlock.minecraft.leaves":44,"stat.pickup.minecraft.torch":128,"stat.useItem.chisel.cobblestone1":167,"stat.mineBlock.minecraft.redstone_ore":1,"stat.drop.minecraft.stone_axe":1,"stat.drop.minecraft.arrow":4,"stat.mineBlock.minecraft.stone":212}