{"stats":{"minecraft:used":{"minecraft:stone_sword":97,"minecraft:iron_shovel":498,"minecraft:spruce_slab":67,"minecraft:chest":12,"minecraft:spruce_planks":214,"minecraft:iron_sword":63,"minecraft:iron_chestplate":1,"minecraft:torch":82,"minecraft:brewing_stand":1,"minecraft:dirt":441,"minecraft:spruce_stairs":356,"minecraft:spruce_fence":12,"minecraft:granite":1,"minecraft:spruce_boat":5,"minecraft:lantern":11,"minecraft:iron_axe":750,"minecraft:oak_stairs":64,"minecraft:iron_helmet":1,"minecraft:beef":4,"minecraft:furnace":4,"minecraft:oak_sapling":14,"minecraft:cooked_beef":4,"minecraft:cobblestone_stairs":48,"minecraft:stone_pickaxe":117,"minecraft:oak_planks":711,"minecraft:wooden_pickaxe":16,"minecraft:sugar_cane":65,"minecraft:sand":1,"minecraft:crafting_table":17,"minecraft:blast_furnace":2,"minecraft:white_bed":4,"minecraft:cod":1,"minecraft:smoker":2,"minecraft:spruce_log":117,"minecraft:oak_log":24,"minecraft:bread":35,"minecraft:iron_pickaxe":176,"minecraft:spruce_trapdoor":2,"minecraft:spruce_sapling":30,"minecraft:gravel":2,"minecraft:stone_axe":17,"minecraft:cobblestone":1,"minecraft:purple_bed":9,"minecraft:andesite":1,"minecraft:glass_pane":37,"minecraft:oak_boat":3},"minecraft:broken":{"minecraft:iron_shovel":1,"minecraft:iron_axe":2},"minecraft:crafted":{"minecraft:oak_planks":732,"minecraft:iron_nugget":90,"minecraft:furnace":2,"minecraft:cobblestone_stairs":48,"minecraft:spruce_fence":9,"minecraft:glass_pane":48,"minecraft:glass":8,"minecraft:lantern":11,"minecraft:spruce_stairs":352,"minecraft:iron_axe":3,"minecraft:spruce_slab":60,"minecraft:stone_pickaxe":1,"minecraft:chest":12,"minecraft:spruce_boat":1,"minecraft:smoker":1,"minecraft:wheat":144,"minecraft:cooked_beef":37,"minecraft:crafting_table":6,"minecraft:spruce_planks":748,"minecraft:wooden_pickaxe":1,"minecraft:iron_sword":1,"minecraft:stone_axe":1,"minecraft:bread":48,"minecraft:air":0,"minecraft:oak_boat":2,"minecraft:stick":32,"minecraft:iron_ingot":12,"minecraft:iron_pickaxe":1,"minecraft:oak_stairs":20,"minecraft:stone_sword":1,"minecraft:iron_shovel":2,"minecraft:torch":44},"minecraft:mined":{"minecraft:spruce_planks":15,"minecraft:white_bed":4,"minecraft:oak_sapling":1,"minecraft:cobblestone_stairs":3,"minecraft:brewing_stand":1,"minecraft:spruce_fence":6,"minecraft:grass_block":318,"minecraft:spruce_leaves":93,"minecraft:large_fern":3,"minecraft:hay_block":16,"minecraft:tall_seagrass":1,"minecraft:spruce_sapling":2,"minecraft:furnace":3,"minecraft:iron_ore":38,"minecraft:andesite":1,"minecraft:stripped_spruce_log":3,"minecraft:dirt_path":1,"minecraft:oak_stairs":44,"minecraft:stone":148,"minecraft:spruce_slab":8,"minecraft:glass_pane":4,"minecraft:kelp_plant":1,"minecraft:smoker":1,"minecraft:crafting_table":12,"minecraft:torch":10,"minecraft:short_grass":176,"minecraft:blast_furnace":2,"minecraft:poppy":1,"minecraft:tall_grass":1,"minecraft:sugar_cane":57,"minecraft:oak_planks":132,"minecraft:wall_torch":33,"minecraft:spruce_stairs":27,"minecraft:purple_bed":10,"minecraft:sweet_berry_bush":11,"minecraft:spruce_log":302,"minecraft:coal_ore":106,"minecraft:oak_log":211,"minecraft:dirt":168,"minecraft:gravel":4,"minecraft:sand":19,"minecraft:oak_leaves":26,"minecraft:fern":4},"minecraft:picked_up":{"minecraft:crafting_table":15,"minecraft:azure_bluet":1,"minecraft:oak_stairs":44,"minecraft:brewing_stand":1,"minecraft:string":2,"minecraft:raw_copper":3,"minecraft:iron_axe":1,"minecraft:iron_shovel":1,"minecraft:spruce_planks":79,"minecraft:beef":73,"minecraft:oak_boat":1,"minecraft:poppy":1,"minecraft:iron_pickaxe":2,"minecraft:spruce_slab":8,"minecraft:sugar_cane":65,"minecraft:spruce_trapdoor":2,"minecraft:furnace":5,"minecraft:raw_iron":39,"minecraft:stick":24,"minecraft:torch":135,"minecraft:spruce_fence":6,"minecraft:spruce_stairs":27,"minecraft:porkchop":8,"minecraft:stone_sword":3,"minecraft:arrow":3,"minecraft:rotten_flesh":19,"minecraft:hay_block":17,"minecraft:cod":1,"minecraft:cobblestone":209,"minecraft:andesite":4,"minecraft:leather":49,"minecraft:smoker":2,"minecraft:potato":4,"minecraft:oak_log":211,"minecraft:gunpowder":2,"minecraft:cobblestone_stairs":3,"minecraft:dirt":483,"minecraft:glass":10,"minecraft:apple":2,"minecraft:kelp":5,"minecraft:wheat_seeds":31,"minecraft:iron_ingot":42,"minecraft:stone_pickaxe":3,"minecraft:oak_planks":137,"minecraft:sweet_berries":36,"minecraft:gravel":17,"minecraft:sand":19,"minecraft:stripped_spruce_log":3,"minecraft:spruce_sapling":31,"minecraft:blast_furnace":2,"minecraft:white_bed":4,"minecraft:spruce_log":305,"minecraft:spider_eye":1,"minecraft:purple_bed":10,"minecraft:spruce_boat":3,"minecraft:granite":3,"minecraft:bread":86,"minecraft:oak_sapling":14,"minecraft:coal":459},"minecraft:dropped":{"minecraft:iron_ingot":1,"minecraft:wheat_seeds":5,"minecraft:cobblestone":2,"minecraft:leather":31,"minecraft:iron_axe":1,"minecraft:iron_shovel":1,"minecraft:string":1,"minecraft:spruce_sapling":1,"minecraft:gravel":13,"minecraft:kelp":5,"minecraft:stone_sword":1,"minecraft:raw_copper":3,"minecraft:rotten_flesh":2,"minecraft:azure_bluet":1,"minecraft:poppy":1,"minecraft:hay_block":1,"minecraft:spider_eye":1,"minecraft:wooden_pickaxe":1},"minecraft:custom":{"minecraft:mob_kills":45,"minecraft:interact_with_crafting_table":67,"minecraft:leave_game":1,"minecraft:time_since_death":161020,"minecraft:climb_one_cm":3770,"minecraft:sprint_one_cm":579538,"minecraft:walk_one_cm":864767,"minecraft:drop":28,"minecraft:talked_to_villager":7,"minecraft:play_time":218702,"minecraft:deaths":6,"minecraft:sneak_time":13426,"minecraft:walk_under_water_one_cm":13404,"minecraft:boat_one_cm":436597,"minecraft:jump":3886,"minecraft:interact_with_blast_furnace":8,"minecraft:walk_on_water_one_cm":19816,"minecraft:total_world_time":218702,"minecraft:interact_with_furnace":14,"minecraft:sleep_in_bed":10,"minecraft:time_since_rest":8506,"minecraft:damage_taken":2760,"minecraft:damage_dealt":6403,"minecraft:swim_one_cm":48462,"minecraft:fly_one_cm":726411,"minecraft:open_chest":12,"minecraft:crouch_one_cm":43725,"minecraft:interact_with_smoker":9,"minecraft:fall_one_cm":91357},"minecraft:killed_by":{"minecraft:player":1,"minecraft:drowned":2,"minecraft:skeleton":1,"minecraft:zombie":2},"minecraft:killed":{"minecraft:spider":1,"minecraft:skeleton":2,"minecraft:pig":5,"minecraft:bat":1,"minecraft:creeper":1,"minecraft:zombie":9,"minecraft:cow":26}},"DataVersion":3953}