{"stat.pickup.tconstruct.book":2,"stat.drop.minecraft.stone_pickaxe":1,"stat.pickup.minecraft.bone":75,"stat.leaveGame":4,"stat.mineBlock.minecraft.cobblestone":7,"stat.drop.minecraft.gunpowder":1,"stat.pickup.minecraft.stone_pickaxe":2,"stat.mineBlock.minecraft.yellow_flower":6,"stat.pickup.iceandfire.deathworm_chitin":10,"stat.useItem.minecraft.mutton":5,"stat.swimOneCm":40190,"stat.climbOneCm":2893,"stat.useItem.minecraft.planks":1,"stat.craftItem.minecraft.shield":1,"stat.pickup.minecraft.glowstone_dust":1,"stat.pickup.minecraft.porkchop":66,"stat.useItem.minecraft.dirt":10,"stat.useItem.minecraft.stone_slab2":45,"stat.mineBlock.astralsorcery.blockcustomflower":1,"stat.pickup.minecraft.iron_boots":3,"stat.drop.minecraft.iron_sword":2,"stat.pickup.minecraft.rotten_flesh":108,"stat.pickup.minecraft.sand":24,"stat.craftItem.minecraft.furnace":2,"stat.useItem.minecraft.egg":14,"stat.craftItem.minecraft.stone_axe":3,"stat.craftItem.minecraft.stone_pickaxe":3,"stat.craftItem.minecraft.cooked_beef":18,"stat.pickup.minecraft.cobblestone":316,"stat.craftItem.minecraft.stone_sword":2,"stat.flyOneCm":949544,"stat.entityKilledBy.firedragon":1,"stat.drop.minecraft.wheat_seeds":4,"stat.useItem.minecraft.cooked_beef":2,"stat.pickup.minecraft.redstone":3,"stat.mineBlock.minecraft.iron_ore":88,"stat.timeSinceDeath":58086,"stat.useItem.minecraft.iron_pickaxe":500,"stat.craftItem.minecraft.wooden_pickaxe":2,"stat.pickup.minecraft.mutton":10,"stat.useItem.minecraft.iron_shovel":2,"stat.pickup.astralsorcery.itemjournal":2,"stat.pickup.minecraft.double_plant":1,"stat.craftItem.minecraft.bed":3,"stat.pickup.minecraft.wooden_axe":5,"stat.pickup.minecraft.stonebrick":7,"stat.furnaceInteraction":47,"stat.pickup.galacticraftcore.basic_block_core":65,"stat.pickup.minecraft.iron_shovel":1,"stat.mineBlock.botania.flower":34,"stat.useItem.minecraft.cooked_porkchop":1,"stat.pickup.iceandfire.rotten_egg":1,"stat.mineBlock.minecraft.coal_ore":237,"stat.killEntity.Creeper":12,"stat.pickup.minecraft.shield":1,"stat.drop.minecraft.baked_potato":1,"stat.pickup.minecraft.string":4,"stat.pickup.iceandfire.manuscript":48,"stat.pickup.minecraft.beef":130,"stat.pickup.minecraft.furnace":9,"stat.entityKilledBy.Skeleton":1,"stat.craftItem.minecraft.stone_slab2":0,"stat.sprintOneCm":476994,"stat.pickup.minecraft.iron_chestplate":6,"stat.pickup.minecraft.skull":6,"stat.craftItem.minecraft.stick":36,"stat.craftItem.minecraft.wooden_axe":1,"stat.pickup.ic2.resource":78,"stat.mineBlock.minecraft.crafting_table":11,"stat.pickup.minecraft.emerald":52,"stat.entityKilledBy.Creeper":2,"stat.pickup.botania.flower":47,"stat.useItem.minecraft.beef":16,"stat.deaths":11,"stat.drop":20,"stat.pickup.minecraft.egg":55,"stat.playOneMinute":212498,"stat.killEntity.Sheep":6,"stat.craftItem.minecraft.iron_pickaxe":2,"stat.pickup.minecraft.slime_ball":2,"stat.useItem.iceandfire.rotten_egg":1,"stat.killEntity.Zombie":50,"stat.craftItem.minecraft.dye":2,"stat.mineBlock.minecraft.gold_ore":17,"stat.mineBlock.minecraft.tallgrass":112,"stat.diveOneCm":13001,"stat.chestOpened":32,"stat.pickup.iceandfire.troll_leather_mountain":4,"stat.pickup.botania.mushroom":3,"stat.pickup.minecraft.arrow":19,"stat.pickup.minecraft.iron_sword":16,"stat.craftItem.minecraft.cooked_porkchop":30,"stat.killEntity.Slime":1,"stat.useItem.minecraft.chicken":2,"stat.pickup.minecraft.stone_axe":3,"stat.pickup.minecraft.obsidian":94,"stat.pickup.minecraft.gold_nugget":2266,"stat.craftItem.minecraft.coal":5,"stat.mineBlock.botania.mushroom":2,"stat.useItem.minecraft.rotten_flesh":19,"stat.drop.minecraft.apple":1,"stat.jump":4903,"stat.useItem.minecraft.sand":5,"stat.pickup.minecraft.coal":386,"stat.pickup.minecraft.iron_helmet":10,"stat.fallOneCm":140691,"stat.pickup.minecraft.iron_ingot":37,"stat.useItem.minecraft.stone_axe":167,"stat.drop.minecraft.stone_sword":1,"stat.pickup.minecraft.gunpowder":19,"stat.crouchOneCm":74044,"stat.pickup.minecraft.spider_eye":1,"stat.craftItem.minecraft.torch":56,"stat.craftItem.minecraft.chest":2,"stat.pickup.minecraft.dirt":18,"stat.useItem.minecraft.cooked_chicken":18,"stat.craftingTableInteraction":36,"stat.pickup.minecraft.iron_ore":97,"stat.pickup.minecraft.gold_ore":17,"stat.useItem.minecraft.sapling":6,"stat.mineBlock.minecraft.lapis_ore":5,"stat.mineBlock.ic2.resource":62,"stat.pickup.minecraft.wooden_pickaxe":6,"stat.pickup.minecraft.leather":58,"stat.pickup.minecraft.feather":47,"stat.damageTaken":-2147479524,"stat.mineBlock.minecraft.furnace":6,"stat.mineBlock.minecraft.torch":17,"stat.mineBlock.minecraft.red_flower":3,"stat.useItem.minecraft.wooden_pickaxe":92,"stat.useItem.minecraft.furnace":1,"stat.mineBlock.iceandfire.chared_cobblestone":1,"stat.pickup.minecraft.dye":26,"stat.pickup.minecraft.planks":59,"stat.pickup.minecraft.iron_leggings":18,"stat.pickup.minecraft.reeds":20,"stat.pickup.minecraft.bed":3,"stat.pickup.minecraft.wheat_seeds":139,"stat.entityKilledBy.Zombie":1,"stat.useItem.minecraft.stone_pickaxe":151,"stat.useItem.minecraft.stone_sword":197,"stat.damageDealt":25914,"stat.sleepInBed":10,"stat.craftItem.minecraft.baked_potato":13,"stat.killEntity.Silverfish":10,"stat.killEntity.Cow":38,"stat.mineBlock.minecraft.dirt":18,"stat.killEntity.Pig":33,"stat.mineBlock.minecraft.monster_egg":6,"stat.walkOneCm":658330,"stat.useItem.minecraft.torch":67,"stat.playerKills":1,"stat.useItem.minecraft.chest":1,"stat.pickup.minecraft.stick":3,"stat.pickup.minecraft.iron_nugget":4,"stat.pickup.minecraft.crafting_table":20,"stat.useItem.minecraft.log":3,"stat.useItem.minecraft.cobblestone":66,"stat.craftItem.minecraft.crafting_table":3,"stat.mineBlock.minecraft.double_plant":12,"stat.useItem.galacticraftcore.basic_block_core":2,"stat.mineBlock.minecraft.emerald_ore":4,"stat.pickup.minecraft.log":183,"stat.mineBlock.galacticraftcore.basic_block_core":58,"stat.pickup.minecraft.iron_pickaxe":1,"stat.pickup.galacticraftcore.basic_item":7,"stat.pickup.minecraft.tallgrass":14,"stat.craftItem.minecraft.gold_ingot":35,"stat.pickup.minecraft.web":36,"stat.drop.minecraft.sapling":6,"stat.pickup.minecraft.chicken":67,"stat.pickup.minecraft.baked_potato":8,"stat.killEntity.if_troll":2,"stat.pickup.minecraft.sapling":42,"stat.pickup.minecraft.cooked_beef":44,"stat.pickup.minecraft.apple":1,"stat.pickup.minecraft.gold_ingot":56,"stat.killEntity.Skeleton":11,"stat.mineBlock.iceandfire.goldpile":32,"stat.mineBlock.minecraft.stonebrick":1,"stat.craftItem.minecraft.planks":112,"stat.useItem.minecraft.iron_sword":306,"stat.killEntity.Chicken":21,"stat.killEntity.Spider":3,"stat.pickup.minecraft.stone_sword":2,"stat.killEntity.stymphalianbird":1,"stat.mobKills":192,"stat.pickup.minecraft.book":6,"stat.useItem.minecraft.stonebrick":1,"stat.mineBlock.minecraft.log":118,"stat.craftItem.minecraft.cooked_chicken":18,"stat.pickup.iceandfire.gorgon_head":1,"stat.pickup.minecraft.diamond":24,"stat.mineBlock.minecraft.leaves":30,"stat.pickup.minecraft.torch":39,"stat.pickup.minecraft.red_flower":2,"stat.sneakTime":24616,"stat.pickup.minecraft.wool":15,"stat.drop.minecraft.stone_axe":1,"stat.drop.botania.mushroom":1,"stat.useItem.minecraft.baked_potato":13,"stat.drop.minecraft.yellow_flower":1,"stat.useItem.minecraft.wooden_axe":9,"stat.pickup.minecraft.yellow_flower":7,"stat.mineBlock.minecraft.stone":218}