{"stat.useItem.minecraft.quartz_block":9,"stat.leaveGame":23,"stat.drop.minecraft.gunpowder":7,"stat.craftItem.botania.lexicon":1,"stat.pickup.botania.manatablet":6,"stat.craftItem.minecraft.shield":3,"stat.drop.minecraft.coal_block":60,"stat.mineBlock.astralsorcery.blockcustomflower":1,"stat.drop.minecraft.iron_sword":3,"stat.pickup.minecraft.rotten_flesh":179,"stat.craftItem.minecraft.stone_axe":3,"stat.pickup.iceandfire.chared_cobblestone":6,"stat.pickup.minecraft.bucket":2,"stat.useItem.botania.flower":7,"stat.killEntity.Enderman":4,"stat.craftItem.botania.storage":1,"stat.craftItem.minecraft.iron_shovel":7,"stat.pickup.minecraft.brown_mushroom":5,"stat.killEntity.Witch":3,"stat.pickup.chisel.chisel_iron":1,"stat.craftItem.iceandfire.silver_ingot":7,"stat.useItem.minecraft.iron_pickaxe":2358,"stat.craftItem.minecraft.wooden_pickaxe":2,"stat.useItem.minecraft.iron_shovel":1517,"stat.pickup.minecraft.double_plant":1,"stat.craftItem.minecraft.bed":3,"stat.craftItem.minecraft.glass_pane":48,"stat.mineBlock.chisel.marble2":6,"stat.furnaceInteraction":281,"stat.useItem.minecraft.nether_wart":1,"stat.mineBlock.botania.flower":112,"stat.killEntity.ZombieVillager":4,"stat.drop.minecraft.red_flower":13,"stat.pickup.iceandfire.manuscript":48,"stat.pickup.botania.livingwood":50,"stat.mineBlock.botania.terraplate":1,"stat.pickup.minecraft.beef":148,"stat.craftItem.botania.fertilizer":19,"stat.pickup.botania.rune":12,"stat.craftItem.botania.pool":1,"stat.pickup.minecraft.potion":1,"stat.useItem.minecraft.flint_and_steel":16,"stat.useItem.minecraft.wheat_seeds":47,"stat.mineBlock.astralsorcery.blockmarble":8,"stat.craftItem.botania.runealtar":1,"stat.pickup.minecraft.emerald":54,"stat.useItem.botania.twigwand":4236,"stat.useItem.minecraft.dye":74,"stat.useItem.minecraft.beef":16,"stat.deaths":27,"stat.pickup.minecraft.egg":58,"stat.craftItem.minecraft.iron_pickaxe":12,"stat.drop.minecraft.torch":1,"stat.drop.minecraft.iron_ingot":26,"stat.mineBlock.minecraft.tallgrass":367,"stat.craftItem.minecraft.cooked_mutton":1,"stat.chestOpened":624,"stat.pickup.botania.mushroom":3,"stat.useItem.minecraft.stone":107,"stat.pickup.minecraft.arrow":37,"stat.pickup.minecraft.iron_sword":17,"stat.killEntity.Ghast":10,"stat.mineBlock.chisel.dirt":2,"stat.craftItem.minecraft.quartz_block":268,"stat.pickup.minecraft.gold_nugget":2266,"stat.craftItem.minecraft.coal":5,"stat.mineBlock.botania.mushroom":3,"stat.drop.minecraft.iron_pickaxe":2,"stat.pickup.minecraft.carrot":9,"stat.drop.minecraft.stone_sword":1,"stat.crouchOneCm":740307,"stat.mineBlock.minecraft.chest":1,"stat.craftItem.minecraft.iron_ingot":294,"stat.craftingTableInteraction":268,"stat.pickup.iceandfire.silver_ore":9,"stat.mineBlock.chisel.glasspane":1,"stat.pickup.minecraft.wooden_pickaxe":6,"stat.pickup.minecraft.dye":414,"stat.pickup.minecraft.planks":197,"stat.pickup.chisel.limestone2":23,"stat.pickup.minecraft.wheat_seeds":329,"stat.pickup.chisel.cobblestone":122,"stat.mineBlock.minecraft.dirt":1866,"stat.pickup.minecraft.poisonous_potato":8,"stat.mineBlock.iceandfire.silver_ore":7,"stat.drop.minecraft.rotten_flesh":18,"stat.craftItem.ironchest.iron_gold_chest_upgrade":1,"stat.useItem.minecraft.cobblestone":339,"stat.useItem.minecraft.gravel":5,"stat.mineBlock.minecraft.double_plant":22,"stat.pickup.minecraft.iron_pickaxe":4,"stat.craftItem.minecraft.gold_ingot":35,"stat.drop.minecraft.sapling":6,"stat.pickup.minecraft.chicken":68,"stat.craftItem.chisel.chisel_iron":6,"stat.pickup.minecraft.apple":1,"stat.pickup.minecraft.coal_block":38,"stat.craftItem.minecraft.bucket":1,"stat.craftItem.minecraft.planks":832,"stat.useItem.minecraft.iron_sword":635,"stat.itemEnchanted":4,"stat.pickup.minecraft.stone_sword":2,"stat.craftItem.minecraft.fishing_rod":1,"stat.pickup.minecraft.book":6,"stat.useItem.minecraft.stonebrick":1,"stat.mineBlock.minecraft.log":333,"stat.pickup.iceandfire.dragonbone":30,"stat.craftItem.minecraft.paper":3,"stat.pickup.minecraft.red_flower":77,"stat.drop.botania.twigwand":2,"stat.pickup.minecraft.wool":19,"stat.drop.botania.manaresource":2,"stat.useItem.minecraft.wooden_axe":9,"stat.useItem.minecraft.iron_axe":368,"stat.mineBlock.minecraft.cobblestone":87,"stat.craftItem.tconstruct.edible":8,"stat.pickup.minecraft.stone_pickaxe":2,"stat.pickup.minecraft.flint":5,"stat.mineBlock.minecraft.yellow_flower":43,"stat.mineBlock.botania.runealtar":2,"stat.mineBlock.chisel.cobblestone2":37,"stat.mineBlock.chisel.cobblestone1":33,"stat.drop.minecraft.cobblestone":1,"stat.useItem.minecraft.obsidian":15,"stat.useItem.minecraft.stone_slab2":294,"stat.pickup.minecraft.iron_boots":3,"stat.mineBlock.chisel.cobblestone":111,"stat.craftItem.minecraft.furnace":8,"stat.craftItem.minecraft.lapis_block":7,"stat.useItem.minecraft.egg":17,"stat.craftItem.minecraft.iron_boots":3,"stat.craftItem.minecraft.cooked_beef":36,"stat.mineBlock.minecraft.obsidian":6,"stat.pickup.minecraft.shears":2,"stat.flyOneCm":4754006,"stat.timeSinceDeath":42136,"stat.mineBlock.botania.livingwood":50,"stat.useItem.minecraft.potato":380,"stat.pickup.minecraft.nether_wart":4,"stat.mineBlock.minecraft.coal_ore":612,"stat.killEntity.Creeper":37,"stat.pickup.minecraft.shield":1,"stat.craftItem.minecraft.stone_hoe":1,"stat.talkedToVillager":7,"stat.drop.minecraft.baked_potato":9,"stat.pickup.minecraft.wooden_sword":1,"stat.pickup.botania.manaresource":38,"stat.pickup.minecraft.string":8,"stat.drop.botania.livingwood":2,"stat.entityKilledBy.Skeleton":1,"stat.drop.chisel.dirt":2,"stat.useItem.minecraft.written_book":1,"stat.killEntity.Squid":4,"stat.sprintOneCm":2241679,"stat.mineBlock.minecraft.stone_slab":2,"stat.craftItem.minecraft.wooden_axe":1,"stat.pickup.ic2.resource":127,"stat.mineBlock.minecraft.diamond_ore":31,"stat.drop.minecraft.lava_bucket":1,"stat.useItem.minecraft.wooden_sword":19,"stat.killEntity.Zombie":118,"stat.craftItem.minecraft.dye":194,"stat.pickup.minecraft.snowball":9,"stat.mineBlock.minecraft.gold_ore":70,"stat.diveOneCm":36031,"stat.drop.minecraft.diamond_pickaxe":5,"stat.pickup.minecraft.wheat":46,"stat.pickup.iceandfire.troll_leather_mountain":4,"stat.craftItem.minecraft.cooked_porkchop":63,"stat.useItem.minecraft.chicken":2,"stat.pickup.minecraft.stone_axe":3,"stat.craftItem.botania.altar":4,"stat.pickup.minecraft.obsidian":100,"stat.mineBlock.botania.spreader":3,"stat.useItem.minecraft.rotten_flesh":26,"stat.drop.minecraft.apple":1,"stat.craftItem.minecraft.diamond_sword":1,"stat.jump":21492,"stat.useItem.minecraft.sand":6,"stat.pickup.minecraft.coal":1080,"stat.pickup.minecraft.iron_ingot":74,"stat.pickup.minecraft.gunpowder":50,"stat.craftItem.minecraft.torch":180,"stat.pickup.botania.runealtar":2,"stat.pickup.minecraft.dirt":1856,"stat.useItem.chisel.quartz1":12,"stat.pickup.minecraft.gold_ore":94,"stat.useItem.minecraft.sapling":9,"stat.mineBlock.minecraft.lapis_ore":19,"stat.pickup.minecraft.iron_axe":2,"stat.damageTaken":-2147468654,"stat.pickup.botania.doubleflower2":11,"stat.mineBlock.minecraft.torch":93,"stat.mineBlock.minecraft.red_flower":58,"stat.pickup.botania.doubleflower1":4,"stat.pickup.minecraft.magma_cream":1,"stat.pickup.minecraft.bed":13,"stat.pickup.minecraft.quartz_block":9,"stat.pickup.botania.spreader":3,"stat.pickup.minecraft.potato":772,"stat.entityKilledBy.Zombie":2,"stat.pickup.botania.altar":3,"stat.killEntity.Silverfish":10,"stat.drop.botania.petal":108,"stat.craftItem.minecraft.stone_slab":36,"stat.animalsBred":1,"stat.useItem.minecraft.chest":17,"stat.pickup.minecraft.diamond_pickaxe":9,"stat.useItem.minecraft.lava_bucket":3,"stat.drop.ic2.resource":1,"stat.craftItem.minecraft.iron_chestplate":3,"stat.pickup.minecraft.baked_potato":55,"stat.killEntity.if_troll":2,"stat.pickup.minecraft.ender_pearl":8,"stat.pickup.minecraft.cooked_beef":55,"stat.useItem.minecraft.netherrack":683,"stat.pickup.botania.managlass":1,"stat.mineBlock.minecraft.stonebrick":1,"stat.killEntity.stymphalianbird":1,"stat.mineBlock.minecraft.glowstone":16,"stat.useItem.botania.livingrock":5,"stat.mobKills":385,"stat.craftItem.minecraft.shears":2,"stat.pickup.mcwdoors.spruce_glass_door":6,"stat.pickup.iceandfire.gorgon_head":1,"stat.drop.minecraft.written_book":1,"stat.craftItem.botania.spreader":3,"stat.pickup.minecraft.diamond":136,"stat.pickup.minecraft.torch":196,"stat.pickup.astralsorcery.blockmarble":8,"stat.drop.minecraft.stone_axe":1,"stat.craftItem.minecraft.spruce_stairs":16,"stat.drop.minecraft.shears":1,"stat.pickup.botania.livingrock":36,"stat.pickup.tconstruct.book":2,"stat.useItem.chisel.glasspane":18,"stat.craftItem.minecraft.iron_axe":3,"stat.useItem.cfm.stone_path":15,"stat.killEntity.Blaze":5,"stat.pickup.minecraft.lapis_block":2,"stat.useItem.minecraft.mutton":5,"stat.useItem.minecraft.planks":1,"stat.pickup.minecraft.glowstone_dust":47,"stat.pickup.minecraft.porkchop":70,"stat.drop.tconstruct.slime_boots":2,"stat.useItem.minecraft.water_bucket":55,"stat.drop.minecraft.poisonous_potato":8,"stat.pickup.minecraft.sand":50,"stat.pickup.chisel.cobblestone1":41,"stat.craftItem.minecraft.stone_sword":2,"stat.pickup.chisel.cobblestone2":37,"stat.useItem.minecraft.ender_pearl":1,"stat.entityKilledBy.firedragon":3,"stat.mineBlock.minecraft.sand":26,"stat.pickup.iceandfire.ash":1,"stat.pickup.tconstruct.slime_sapling":1,"stat.drop.minecraft.diamond":1,"stat.pickup.minecraft.packed_ice":5,"stat.mineBlock.chisel.planks-spruce":11,"stat.pickup.astralsorcery.itemjournal":2,"stat.pickup.minecraft.ghast_tear":1,"stat.pickup.iceandfire.rotten_egg":1,"stat.pickup.iceandfire.dragon_skull":1,"stat.mineBlock.minecraft.lapis_block":2,"stat.pickup.minecraft.furnace":9,"stat.pickup.minecraft.iron_chestplate":8,"stat.pickup.minecraft.skull":6,"stat.useItem.minecraft.stone_stairs":65,"stat.mineBlock.iceandfire.ash":1,"stat.pickup.minecraft.stone_stairs":51,"stat.useItem.botania.petal":1,"stat.craftItem.ironchest.iron_chest":4,"stat.mineBlock.minecraft.soul_sand":1,"stat.playOneMinute":1226411,"stat.pickup.minecraft.blaze_rod":3,"stat.pickup.chisel.netherbrick":64,"stat.pickup.minecraft.netherrack":1127,"stat.pickup.chisel.dirt":4,"stat.mineBlock.botania.specialflower":13,"stat.craftItem.minecraft.carpet":3,"stat.mineBlock.minecraft.netherrack":1198,"stat.useItem.mcwdoors.spruce_glass_door":8,"stat.fallOneCm":500708,"stat.craftItem.minecraft.chest":22,"stat.pickup.minecraft.golden_leggings":2,"stat.mineBlock.botania.livingrock":33,"stat.useItem.mcwdoors.spruce_barn_glass_door":2,"stat.mineBlock.ic2.resource":102,"stat.craftItem.botania.monocle":1,"stat.pickup.minecraft.feather":50,"stat.drop.minecraft.bone":2,"stat.useItem.minecraft.furnace":4,"stat.pickup.minecraft.iron_leggings":19,"stat.pickup.botania.twigwand":5,"stat.mineBlock.minecraft.gravel":37,"stat.useItem.minecraft.stone_pickaxe":179,"stat.useItem.chisel.planks-spruce":269,"stat.useItem.chisel.obsidian":4,"stat.useItem.minecraft.stone_sword":197,"stat.craftItem.minecraft.iron_leggings":3,"stat.craftItem.cfm.stone_path":40,"stat.entityKilledBy.Ghast":1,"stat.pickup.botania.specialflower":31,"stat.drop.minecraft.stick":5,"stat.mineBlock.minecraft.monster_egg":6,"stat.useItem.minecraft.torch":245,"stat.pickup.minecraft.iron_nugget":4,"stat.craftItem.minecraft.stone_stairs":28,"stat.pickup.minecraft.crafting_table":28,"stat.useItem.minecraft.log":61,"stat.pickup.botania.terraplate":1,"stat.craftItem.minecraft.crafting_table":6,"stat.killEntity.LavaSlime":7,"stat.mineBlock.minecraft.emerald_ore":5,"stat.pickup.minecraft.log":399,"stat.useItem.botania.specialflower":12,"stat.mineBlock.galacticraftcore.basic_block_core":149,"stat.pickup.minecraft.tallgrass":14,"stat.pickup.minecraft.web":36,"stat.drop.botania.manatablet":5,"stat.drop.minecraft.planks":20,"stat.pickup.chisel.planks-spruce":11,"stat.pickup.minecraft.sapling":50,"stat.entityKilledBy.Enderman":2,"stat.mineBlock.iceandfire.goldpile":32,"stat.killEntity.WitherSkeleton":3,"stat.mineBlock.cfm.stone_path":15,"stat.craftItem.minecraft.cooked_chicken":19,"stat.useItem.minecraft.stone_hoe":86,"stat.pickup.tconstruct.slime_boots":1,"stat.drop.botania.livingrock":1,"stat.sneakTime":202992,"stat.drop.minecraft.bucket":1,"stat.drop.botania.mushroom":1,"stat.craftItem.botania.twigwand":3,"stat.useItem.minecraft.baked_potato":109,"stat.drop.minecraft.yellow_flower":1,"stat.pickup.minecraft.stone_slab":2,"stat.pickup.minecraft.yellow_flower":50,"stat.mineBlock.chisel.quartz1":3,"stat.useItem.minecraft.beetroot":1,"stat.pickup.minecraft.chest":1,"stat.drop.minecraft.stone_pickaxe":1,"stat.useItem.minecraft.lapis_block":5,"stat.pickup.minecraft.bone":126,"stat.craftItem.mcwdoors.spruce_glass_door":6,"stat.craftItem.botania.petal":98,"stat.mineBlock.minecraft.brown_mushroom":6,"stat.useItem.minecraft.diamond_sword":142,"stat.pickup.iceandfire.deathworm_chitin":10,"stat.swimOneCm":87753,"stat.climbOneCm":4172,"stat.craftItem.botania.terraplate":1,"stat.useItem.minecraft.dirt":1130,"stat.mineBlock.chisel.obsidian":1,"stat.useItem.botania.fertilizer":13,"stat.drop.minecraft.ender_pearl":3,"stat.craftItem.minecraft.stone_pickaxe":3,"stat.mineBlock.minecraft.magma":1,"stat.pickup.minecraft.cobblestone":3086,"stat.drop.chisel.chisel_iron":3,"stat.useItem.minecraft.stone_shovel":419,"stat.mineBlock.chisel.limestone2":28,"stat.useItem.chisel.cobblestone":1241,"stat.pickup.minecraft.soul_sand":1,"stat.drop.minecraft.wheat_seeds":24,"stat.useItem.minecraft.cooked_beef":19,"stat.pickup.minecraft.redstone":198,"stat.mineBlock.minecraft.iron_ore":300,"stat.pickup.chisel.obsidian":1,"stat.craftItem.minecraft.book":1,"stat.drop.minecraft.log":4,"stat.pickup.minecraft.mutton":17,"stat.pickup.botania.monocle":2,"stat.drop.minecraft.coal":181,"stat.pickup.minecraft.wooden_axe":5,"stat.pickup.minecraft.stonebrick":7,"stat.pickup.galacticraftcore.basic_block_core":135,"stat.drop.minecraft.dirt":4,"stat.pickup.minecraft.iron_shovel":1,"stat.useItem.minecraft.cooked_porkchop":38,"stat.mineBlock.minecraft.nether_brick":1,"stat.craftItem.tconstruct.slime_boots":2,"stat.craftItem.minecraft.stone_slab2":0,"stat.pickup.botania.petal":30,"stat.craftItem.botania.manaresource":9,"stat.craftItem.minecraft.stick":172,"stat.useItem.minecraft.stone_slab":19,"stat.craftItem.minecraft.stone":65,"stat.mineBlock.minecraft.crafting_table":18,"stat.useItem.minecraft.diamond_pickaxe":6036,"stat.mineBlock.minecraft.quartz_block":9,"stat.useItem.minecraft.carrot":9,"stat.entityKilledBy.Creeper":2,"stat.pickup.botania.flower":125,"stat.craftItem.mcwdoors.spruce_barn_glass_door":3,"stat.drop":544,"stat.killEntity.Sheep":10,"stat.pickup.minecraft.slime_ball":2,"stat.craftItem.minecraft.diamond_pickaxe":10,"stat.pickup.minecraft.golden_chestplate":1,"stat.useItem.iceandfire.rotten_egg":1,"stat.mineBlock.botania.doubleflower2":11,"stat.mineBlock.botania.doubleflower1":7,"stat.pickup.minecraft.gravel":29,"stat.killEntity.Slime":1,"stat.useItem.minecraft.apple":1,"stat.mineBlock.minecraft.deadbush":1,"stat.useItem.minecraft.porkchop":1,"stat.pickup.minecraft.diamond_sword":2,"stat.pickup.minecraft.iron_helmet":10,"stat.useItem.botania.altar":3,"stat.useItem.minecraft.stone_axe":182,"stat.pickup.minecraft.spider_eye":4,"stat.craftItem.minecraft.iron_helmet":3,"stat.useItem.minecraft.cooked_chicken":18,"stat.drop.minecraft.glass":1,"stat.pickup.minecraft.iron_ore":433,"stat.pickup.tconstruct.slime_congealed":16,"stat.craftItem.minecraft.flint_and_steel":2,"stat.pickup.minecraft.leaves":98,"stat.mineBlock.minecraft.stone_stairs":51,"stat.pickup.minecraft.leather":65,"stat.mineBlock.minecraft.furnace":6,"stat.useItem.minecraft.wooden_pickaxe":92,"stat.mineBlock.iceandfire.chared_cobblestone":1,"stat.pickup.minecraft.reeds":35,"stat.craftItem.minecraft.netherbrick":1,"stat.craftItem.botania.manatablet":1,"stat.damageDealt":60084,"stat.craftItem.minecraft.glass":15,"stat.sleepInBed":73,"stat.craftItem.minecraft.baked_potato":267,"stat.killEntity.Cow":46,"stat.killEntity.Pig":34,"stat.craftItem.minecraft.iron_sword":5,"stat.craftItem.minecraft.stone_shovel":3,"stat.walkOneCm":3842315,"stat.playerKills":3,"stat.pickup.minecraft.stick":8,"stat.useItem.galacticraftcore.basic_block_core":5,"stat.mineBlock.chisel.basalt2":2,"stat.mineBlock.botania.altar":3,"stat.pickup.galacticraftcore.basic_item":58,"stat.pickup.minecraft.stone":606,"stat.useItem.minecraft.spruce_stairs":12,"stat.pickup.chisel.quartz1":3,"stat.mineBlock.minecraft.packed_ice":5,"stat.useItem.minecraft.leaves":73,"stat.pickup.minecraft.gold_ingot":56,"stat.killEntity.Skeleton":35,"stat.killEntity.Chicken":22,"stat.drop.minecraft.crafting_table":1,"stat.killEntity.Spider":11,"stat.craftItem.ironchest.wood_iron_chest_upgrade":1,"stat.mineBlock.minecraft.quartz_ore":2404,"stat.drop.botania.rune":1,"stat.pickup.minecraft.quartz":2833,"stat.mineBlock.minecraft.leaves":204,"stat.pickup.cfm.stone_path":15,"stat.useItem.chisel.cobblestone1":141,"stat.mineBlock.minecraft.redstone_ore":29,"stat.useItem.chisel.cobblestone2":112,"stat.pickup.minecraft.lava_bucket":2,"stat.craftItem.minecraft.coal_block":54,"stat.mineBlock.minecraft.stone":3247}