{"stat.pickup.tconstruct.book":2,"stat.leaveGame":9,"stat.useItem.chisel.glasspane":18,"stat.drop.minecraft.gunpowder":1,"stat.craftItem.minecraft.iron_axe":1,"stat.useItem.minecraft.mutton":5,"stat.useItem.minecraft.planks":1,"stat.craftItem.minecraft.shield":1,"stat.pickup.minecraft.glowstone_dust":2,"stat.pickup.minecraft.porkchop":70,"stat.drop.tconstruct.slime_boots":1,"stat.mineBlock.astralsorcery.blockcustomflower":1,"stat.drop.minecraft.iron_sword":3,"stat.useItem.minecraft.water_bucket":43,"stat.pickup.minecraft.rotten_flesh":125,"stat.pickup.minecraft.sand":50,"stat.craftItem.minecraft.stone_axe":3,"stat.pickup.chisel.cobblestone1":35,"stat.craftItem.minecraft.stone_sword":2,"stat.craftItem.minecraft.iron_shovel":5,"stat.pickup.chisel.cobblestone2":2,"stat.entityKilledBy.firedragon":1,"stat.mineBlock.minecraft.sand":26,"stat.killEntity.Witch":3,"stat.pickup.chisel.chisel_iron":1,"stat.craftItem.iceandfire.silver_ingot":5,"stat.useItem.minecraft.iron_pickaxe":1795,"stat.pickup.tconstruct.slime_sapling":1,"stat.craftItem.minecraft.wooden_pickaxe":2,"stat.mineBlock.chisel.planks-spruce":11,"stat.useItem.minecraft.iron_shovel":1135,"stat.pickup.astralsorcery.itemjournal":2,"stat.pickup.minecraft.double_plant":1,"stat.craftItem.minecraft.bed":3,"stat.craftItem.minecraft.glass_pane":48,"stat.furnaceInteraction":125,"stat.mineBlock.botania.flower":46,"stat.pickup.iceandfire.rotten_egg":1,"stat.killEntity.ZombieVillager":2,"stat.drop.minecraft.red_flower":12,"stat.pickup.iceandfire.manuscript":48,"stat.pickup.minecraft.beef":130,"stat.pickup.minecraft.furnace":9,"stat.pickup.minecraft.iron_chestplate":6,"stat.pickup.minecraft.skull":6,"stat.useItem.minecraft.stone_stairs":10,"stat.craftItem.botania.fertilizer":3,"stat.pickup.minecraft.stone_stairs":13,"stat.pickup.minecraft.potion":1,"stat.useItem.minecraft.flint_and_steel":1,"stat.mineBlock.astralsorcery.blockmarble":7,"stat.craftItem.ironchest.iron_chest":4,"stat.pickup.minecraft.emerald":52,"stat.useItem.minecraft.dye":47,"stat.mineBlock.minecraft.soul_sand":1,"stat.useItem.minecraft.beef":16,"stat.deaths":11,"stat.pickup.minecraft.egg":55,"stat.playOneMinute":494006,"stat.pickup.chisel.netherbrick":64,"stat.craftItem.minecraft.iron_pickaxe":8,"stat.drop.minecraft.torch":1,"stat.mineBlock.minecraft.tallgrass":306,"stat.pickup.minecraft.netherrack":30,"stat.pickup.chisel.dirt":4,"stat.chestOpened":169,"stat.pickup.botania.mushroom":3,"stat.useItem.minecraft.stone":37,"stat.mineBlock.minecraft.netherrack":31,"stat.pickup.minecraft.arrow":26,"stat.pickup.minecraft.iron_sword":17,"stat.killEntity.Ghast":1,"stat.mineBlock.chisel.dirt":2,"stat.pickup.minecraft.gold_nugget":2266,"stat.useItem.mcwdoors.spruce_glass_door":8,"stat.craftItem.minecraft.coal":5,"stat.mineBlock.botania.mushroom":2,"stat.drop.minecraft.iron_pickaxe":1,"stat.fallOneCm":220266,"stat.drop.minecraft.stone_sword":1,"stat.crouchOneCm":318522,"stat.mineBlock.minecraft.chest":1,"stat.craftItem.minecraft.chest":22,"stat.craftItem.minecraft.iron_ingot":157,"stat.useItem.mcwdoors.spruce_barn_glass_door":2,"stat.craftingTableInteraction":112,"stat.pickup.iceandfire.silver_ore":5,"stat.mineBlock.ic2.resource":82,"stat.mineBlock.chisel.glasspane":1,"stat.pickup.minecraft.wooden_pickaxe":6,"stat.pickup.minecraft.feather":49,"stat.useItem.minecraft.furnace":4,"stat.pickup.minecraft.dye":72,"stat.pickup.minecraft.planks":197,"stat.pickup.minecraft.iron_leggings":18,"stat.pickup.chisel.limestone2":23,"stat.pickup.minecraft.wheat_seeds":216,"stat.pickup.chisel.cobblestone":110,"stat.mineBlock.minecraft.gravel":33,"stat.useItem.minecraft.stone_pickaxe":179,"stat.useItem.chisel.planks-spruce":269,"stat.useItem.minecraft.stone_sword":197,"stat.mineBlock.minecraft.dirt":1611,"stat.mineBlock.minecraft.monster_egg":6,"stat.useItem.minecraft.torch":152,"stat.pickup.minecraft.iron_nugget":4,"stat.mineBlock.iceandfire.silver_ore":5,"stat.drop.minecraft.rotten_flesh":2,"stat.craftItem.minecraft.stone_stairs":4,"stat.pickup.minecraft.crafting_table":24,"stat.useItem.minecraft.log":9,"stat.useItem.minecraft.cobblestone":138,"stat.craftItem.minecraft.crafting_table":5,"stat.useItem.minecraft.gravel":5,"stat.mineBlock.minecraft.double_plant":21,"stat.mineBlock.minecraft.emerald_ore":4,"stat.pickup.minecraft.log":297,"stat.mineBlock.galacticraftcore.basic_block_core":128,"stat.pickup.minecraft.iron_pickaxe":1,"stat.pickup.minecraft.tallgrass":14,"stat.craftItem.minecraft.gold_ingot":35,"stat.pickup.minecraft.web":36,"stat.drop.minecraft.sapling":6,"stat.pickup.minecraft.chicken":68,"stat.pickup.chisel.planks-spruce":11,"stat.craftItem.chisel.chisel_iron":5,"stat.pickup.minecraft.sapling":45,"stat.pickup.minecraft.apple":1,"stat.mineBlock.iceandfire.goldpile":32,"stat.craftItem.minecraft.bucket":1,"stat.craftItem.minecraft.planks":752,"stat.useItem.minecraft.iron_sword":405,"stat.pickup.minecraft.stone_sword":2,"stat.pickup.minecraft.book":6,"stat.useItem.minecraft.stonebrick":1,"stat.mineBlock.minecraft.log":232,"stat.craftItem.minecraft.cooked_chicken":18,"stat.useItem.minecraft.stone_hoe":80,"stat.pickup.minecraft.red_flower":27,"stat.sneakTime":82164,"stat.pickup.minecraft.wool":15,"stat.drop.botania.mushroom":1,"stat.useItem.minecraft.baked_potato":13,"stat.drop.minecraft.yellow_flower":1,"stat.useItem.minecraft.wooden_axe":9,"stat.pickup.minecraft.yellow_flower":8,"stat.useItem.minecraft.beetroot":1,"stat.pickup.minecraft.chest":1,"stat.drop.minecraft.stone_pickaxe":1,"stat.pickup.minecraft.bone":101,"stat.useItem.minecraft.iron_axe":176,"stat.craftItem.mcwdoors.spruce_glass_door":6,"stat.mineBlock.minecraft.cobblestone":11,"stat.craftItem.tconstruct.edible":4,"stat.pickup.minecraft.stone_pickaxe":2,"stat.pickup.minecraft.flint":3,"stat.mineBlock.minecraft.yellow_flower":7,"stat.pickup.iceandfire.deathworm_chitin":10,"stat.swimOneCm":64459,"stat.climbOneCm":3269,"stat.mineBlock.chisel.cobblestone2":2,"stat.mineBlock.chisel.cobblestone1":33,"stat.useItem.minecraft.obsidian":12,"stat.useItem.minecraft.dirt":860,"stat.useItem.minecraft.stone_slab2":172,"stat.pickup.minecraft.iron_boots":3,"stat.mineBlock.chisel.cobblestone":111,"stat.craftItem.minecraft.furnace":8,"stat.useItem.botania.fertilizer":2,"stat.useItem.minecraft.egg":14,"stat.craftItem.minecraft.stone_pickaxe":3,"stat.craftItem.minecraft.cooked_beef":18,"stat.mineBlock.minecraft.magma":1,"stat.pickup.minecraft.cobblestone":1887,"stat.drop.chisel.chisel_iron":3,"stat.useItem.minecraft.stone_shovel":419,"stat.mineBlock.chisel.limestone2":25,"stat.flyOneCm":1854005,"stat.useItem.chisel.cobblestone":1241,"stat.pickup.minecraft.soul_sand":1,"stat.drop.minecraft.wheat_seeds":6,"stat.useItem.minecraft.cooked_beef":2,"stat.pickup.minecraft.redstone":96,"stat.mineBlock.minecraft.iron_ore":160,"stat.timeSinceDeath":339594,"stat.pickup.minecraft.mutton":10,"stat.useItem.minecraft.potato":69,"stat.pickup.minecraft.wooden_axe":5,"stat.pickup.minecraft.stonebrick":7,"stat.pickup.galacticraftcore.basic_block_core":127,"stat.drop.minecraft.dirt":2,"stat.pickup.minecraft.iron_shovel":1,"stat.useItem.minecraft.cooked_porkchop":37,"stat.mineBlock.minecraft.coal_ore":322,"stat.killEntity.Creeper":20,"stat.pickup.minecraft.shield":1,"stat.craftItem.minecraft.stone_hoe":1,"stat.drop.minecraft.baked_potato":1,"stat.pickup.minecraft.string":5,"stat.entityKilledBy.Skeleton":1,"stat.craftItem.tconstruct.slime_boots":1,"stat.craftItem.minecraft.stone_slab2":0,"stat.drop.chisel.dirt":2,"stat.useItem.minecraft.written_book":1,"stat.sprintOneCm":993777,"stat.craftItem.minecraft.stick":92,"stat.craftItem.minecraft.wooden_axe":1,"stat.pickup.ic2.resource":97,"stat.mineBlock.minecraft.diamond_ore":13,"stat.mineBlock.minecraft.crafting_table":15,"stat.useItem.minecraft.diamond_pickaxe":1154,"stat.entityKilledBy.Creeper":2,"stat.pickup.botania.flower":61,"stat.craftItem.mcwdoors.spruce_barn_glass_door":3,"stat.drop":54,"stat.killEntity.Sheep":6,"stat.pickup.minecraft.slime_ball":2,"stat.craftItem.minecraft.diamond_pickaxe":1,"stat.useItem.iceandfire.rotten_egg":1,"stat.killEntity.Zombie":63,"stat.craftItem.minecraft.dye":79,"stat.mineBlock.minecraft.gold_ore":46,"stat.diveOneCm":20813,"stat.drop.minecraft.diamond_pickaxe":5,"stat.pickup.iceandfire.troll_leather_mountain":4,"stat.pickup.minecraft.gravel":29,"stat.craftItem.minecraft.cooked_porkchop":61,"stat.killEntity.Slime":1,"stat.useItem.minecraft.chicken":2,"stat.pickup.minecraft.stone_axe":3,"stat.pickup.minecraft.obsidian":94,"stat.useItem.minecraft.porkchop":1,"stat.useItem.minecraft.rotten_flesh":19,"stat.drop.minecraft.apple":1,"stat.jump":9347,"stat.useItem.minecraft.sand":6,"stat.pickup.minecraft.coal":532,"stat.pickup.minecraft.iron_helmet":10,"stat.pickup.minecraft.iron_ingot":38,"stat.useItem.minecraft.stone_axe":182,"stat.pickup.minecraft.gunpowder":27,"stat.pickup.minecraft.spider_eye":3,"stat.craftItem.minecraft.torch":112,"stat.pickup.minecraft.dirt":1604,"stat.useItem.minecraft.cooked_chicken":18,"stat.pickup.minecraft.iron_ore":168,"stat.pickup.tconstruct.slime_congealed":16,"stat.pickup.minecraft.gold_ore":46,"stat.useItem.minecraft.sapling":6,"stat.mineBlock.minecraft.lapis_ore":8,"stat.craftItem.minecraft.flint_and_steel":1,"stat.mineBlock.minecraft.stone_stairs":13,"stat.pickup.minecraft.leather":58,"stat.damageTaken":-2147477437,"stat.mineBlock.minecraft.furnace":6,"stat.mineBlock.minecraft.torch":47,"stat.mineBlock.minecraft.red_flower":10,"stat.useItem.minecraft.wooden_pickaxe":92,"stat.mineBlock.iceandfire.chared_cobblestone":1,"stat.pickup.minecraft.reeds":20,"stat.pickup.minecraft.bed":10,"stat.pickup.minecraft.potato":66,"stat.entityKilledBy.Zombie":1,"stat.damageDealt":34082,"stat.craftItem.minecraft.glass":15,"stat.sleepInBed":35,"stat.craftItem.minecraft.baked_potato":13,"stat.killEntity.Silverfish":10,"stat.killEntity.Cow":38,"stat.killEntity.Pig":34,"stat.craftItem.minecraft.stone_shovel":3,"stat.walkOneCm":1706731,"stat.playerKills":1,"stat.useItem.minecraft.chest":17,"stat.pickup.minecraft.stick":3,"stat.pickup.minecraft.diamond_pickaxe":5,"stat.useItem.galacticraftcore.basic_block_core":2,"stat.pickup.galacticraftcore.basic_item":22,"stat.drop.ic2.resource":1,"stat.pickup.minecraft.stone":292,"stat.useItem.minecraft.spruce_stairs":12,"stat.pickup.minecraft.baked_potato":8,"stat.killEntity.if_troll":2,"stat.pickup.minecraft.cooked_beef":44,"stat.pickup.minecraft.gold_ingot":56,"stat.killEntity.Skeleton":24,"stat.mineBlock.minecraft.stonebrick":1,"stat.killEntity.Chicken":22,"stat.killEntity.Spider":6,"stat.mineBlock.minecraft.quartz_ore":153,"stat.killEntity.stymphalianbird":1,"stat.mobKills":237,"stat.pickup.minecraft.quartz":267,"stat.pickup.mcwdoors.spruce_glass_door":6,"stat.pickup.iceandfire.gorgon_head":1,"stat.drop.minecraft.written_book":1,"stat.pickup.minecraft.diamond":51,"stat.mineBlock.minecraft.leaves":49,"stat.pickup.minecraft.torch":75,"stat.useItem.chisel.cobblestone1":139,"stat.mineBlock.minecraft.redstone_ore":20,"stat.useItem.chisel.cobblestone2":28,"stat.pickup.astralsorcery.blockmarble":7,"stat.drop.minecraft.stone_axe":1,"stat.craftItem.minecraft.spruce_stairs":16,"stat.mineBlock.minecraft.stone":2001}