{"stat.walkOneCm":26048,"stat.craftItem.cfm.coffee_table_oak":1,"stat.pickup.minecraft.crafting_table":3,"stat.pickup.buildcraftlib.guide":2,"stat.craftItem.minecraft.crafting_table":1,"stat.pickup.minecraft.trapdoor":1,"stat.pickup.minecraft.log":18,"stat.pickup.minecraft.string":4,"stat.jump":64,"stat.fallOneCm":1045,"stat.useItem.minecraft.stone_axe":15,"stat.crouchOneCm":711,"stat.pickup.minecraft.spider_eye":1,"stat.pickup.minecraft.sapling":3,"stat.killEntity.Squid":1,"stat.pickup.minecraft.dirt":13,"stat.useItem.minecraft.dirt":7,"stat.sprintOneCm":12753,"stat.useItem.minecraft.stone_slab2":4,"stat.craftItem.minecraft.stick":12,"stat.craftingTableInteraction":8,"stat.pickup.minecraft.rotten_flesh":2,"stat.craftItem.minecraft.planks":20,"stat.craftItem.minecraft.stone_axe":1,"stat.pickup.minecraft.wooden_pickaxe":1,"stat.damageTaken":100,"stat.mineBlock.minecraft.crafting_table":1,"stat.killEntity.Spider":2,"stat.pickup.minecraft.stone_sword":2,"stat.craftItem.minecraft.stone_pickaxe":1,"stat.useItem.minecraft.wooden_pickaxe":27,"stat.pickup.minecraft.cobblestone":27,"stat.mobKills":4,"stat.mineBlock.minecraft.log":18,"stat.craftItem.minecraft.stone_sword":1,"stat.flyOneCm":11825,"stat.mineBlock.minecraft.planks":1,"stat.drop":2,"stat.mineBlock.minecraft.leaves":9,"stat.playOneMinute":17070,"stat.sneakTime":266,"stat.useItem.minecraft.stone_sword":17,"stat.damageDealt":772,"stat.killEntity.Zombie":1,"stat.timeSinceDeath":17070,"stat.drop.buildcraftlib.guide":2,"stat.mineBlock.minecraft.dirt":7,"stat.craftItem.minecraft.wooden_pickaxe":1,"stat.mineBlock.minecraft.stone":19}