{"stat.pickup.tconstruct.book":4,"stat.leaveGame":3,"stat.craftItem.minecraft.iron_axe":1,"stat.craftItem.botania.lexicon":1,"stat.useItem.minecraft.mutton":1,"stat.useItem.minecraft.planks":1,"stat.pickup.minecraft.glowstone_dust":2,"stat.pickup.minecraft.porkchop":50,"stat.mineBlock.astralsorcery.blockcustomflower":1,"stat.useItem.minecraft.water_bucket":7,"stat.pickup.minecraft.rotten_flesh":13,"stat.craftItem.minecraft.stone_axe":1,"stat.pickup.minecraft.bucket":1,"stat.craftItem.minecraft.stone_sword":2,"stat.entityKilledBy.firedragon":1,"stat.pickup.minecraft.brown_mushroom":5,"stat.pickup.iceandfire.ash":2,"stat.drop.buildcraftlib.guide":2,"stat.useItem.minecraft.iron_pickaxe":447,"stat.pickup.tconstruct.slime_sapling":2,"stat.craftItem.minecraft.wooden_pickaxe":1,"stat.pickup.astralsorcery.itemjournal":4,"stat.craftItem.cfm.coffee_table_oak":1,"stat.craftItem.minecraft.bed":1,"stat.mineBlock.chisel.marble2":5,"stat.furnaceInteraction":51,"stat.mineBlock.botania.flower":9,"stat.killEntity.ZombieVillager":1,"stat.pickup.iceandfire.dragon_skull":1,"stat.drop.iceandfire.dragonbone":4,"stat.pickup.minecraft.beef":23,"stat.pickup.minecraft.furnace":4,"stat.pickup.minecraft.iron_chestplate":2,"stat.mineBlock.iceandfire.ash":2,"stat.useItem.botania.petal":4,"stat.pickup.tconstruct.slime_dirt":35,"stat.useItem.minecraft.beef":1,"stat.mineBlock.tconstruct.slime_vine_purple_mid":2,"stat.deaths":6,"stat.pickup.minecraft.egg":1,"stat.playOneMinute":213743,"stat.craftItem.minecraft.iron_pickaxe":2,"stat.drop.minecraft.torch":1,"stat.pickup.chisel.marble2":6,"stat.mineBlock.minecraft.tallgrass":88,"stat.chestOpened":39,"stat.pickup.botania.mushroom":3,"stat.useItem.minecraft.stone":4,"stat.pickup.minecraft.iron_sword":3,"stat.pickup.minecraft.arrow":16,"stat.mineBlock.minecraft.ice":2,"stat.mineBlock.botania.mushroom":3,"stat.fallOneCm":75246,"stat.drop.minecraft.stone":1,"stat.pickup.botania.lexicon":1,"stat.drop.minecraft.stone_sword":1,"stat.crouchOneCm":43256,"stat.mineBlock.minecraft.chest":1,"stat.craftItem.minecraft.iron_ingot":32,"stat.craftingTableInteraction":41,"stat.mineBlock.ic2.resource":64,"stat.pickup.minecraft.wooden_pickaxe":2,"stat.useItem.minecraft.furnace":2,"stat.useItem.minecraft.reeds":1,"stat.pickup.minecraft.dye":285,"stat.pickup.minecraft.planks":127,"stat.pickup.minecraft.iron_leggings":7,"stat.pickup.chisel.limestone2":23,"stat.pickup.minecraft.wheat_seeds":16,"stat.mineBlock.minecraft.gravel":1,"stat.useItem.minecraft.stone_pickaxe":227,"stat.useItem.minecraft.stone_sword":91,"stat.pickup.iceandfire.dragon_stick":3,"stat.mineBlock.minecraft.dirt":31,"stat.drop.iceandfire.dragon_stick":1,"stat.useItem.minecraft.torch":58,"stat.drop.minecraft.rotten_flesh":2,"stat.pickup.minecraft.crafting_table":6,"stat.pickup.buildcraftlib.guide":2,"stat.useItem.minecraft.cobblestone":149,"stat.craftItem.minecraft.crafting_table":4,"stat.mineBlock.minecraft.double_plant":5,"stat.pickup.minecraft.log":127,"stat.mineBlock.galacticraftcore.basic_block_core":79,"stat.pickup.minecraft.iron_pickaxe":4,"stat.craftItem.minecraft.gold_ingot":9,"stat.pickup.minecraft.sapling":6,"stat.craftItem.minecraft.bucket":2,"stat.craftItem.minecraft.planks":108,"stat.useItem.minecraft.iron_sword":121,"stat.mineBlock.tconstruct.slime_grass":3,"stat.mineBlock.tconstruct.slime_vine_blue":1,"stat.pickup.minecraft.stone_sword":5,"stat.mineBlock.minecraft.log":46,"stat.pickup.iceandfire.dragonbone":4,"stat.sneakTime":14018,"stat.pickup.minecraft.wool":4,"stat.pickup.minecraft.stone_slab":4,"stat.pickup.minecraft.yellow_flower":1,"stat.pickup.minecraft.chest":1,"stat.drop.minecraft.stone_pickaxe":1,"stat.pickup.minecraft.bone":38,"stat.useItem.minecraft.iron_axe":3,"stat.drop.minecraft.glowstone_dust":2,"stat.mineBlock.minecraft.cobblestone":4,"stat.pickup.minecraft.stone_pickaxe":2,"stat.mineBlock.minecraft.yellow_flower":1,"stat.craftItem.botania.petal":12,"stat.swimOneCm":19589,"stat.climbOneCm":38,"stat.pickup.minecraft.cooked_porkchop":2,"stat.useItem.minecraft.dirt":21,"stat.useItem.minecraft.stone_slab2":37,"stat.pickup.forge.bucketfilled":1,"stat.pickup.minecraft.iron_boots":5,"stat.mineBlock.tconstruct.slime_vine_purple_end":1,"stat.craftItem.minecraft.furnace":1,"stat.useItem.minecraft.egg":1,"stat.craftItem.minecraft.stone_pickaxe":3,"stat.craftItem.minecraft.cooked_beef":12,"stat.pickup.minecraft.cobblestone":979,"stat.mineBlock.chisel.limestone2":15,"stat.flyOneCm":519141,"stat.useItem.chisel.limestone2":3,"stat.drop.minecraft.wheat_seeds":12,"stat.useItem.minecraft.cooked_beef":7,"stat.pickup.minecraft.redstone":5,"stat.mineBlock.minecraft.iron_ore":94,"stat.craftItem.minecraft.book":1,"stat.timeSinceDeath":11071,"stat.pickup.minecraft.mutton":26,"stat.killEntity.Bat":1,"stat.pickup.galacticraftcore.basic_block_core":216,"stat.useItem.minecraft.cooked_porkchop":4,"stat.pickup.minecraft.trapdoor":1,"stat.mineBlock.minecraft.coal_ore":172,"stat.killEntity.Creeper":6,"stat.pickup.minecraft.string":28,"stat.craftItem.tconstruct.slime_boots":1,"stat.craftItem.minecraft.stone_slab2":0,"stat.pickup.botania.petal":25,"stat.killEntity.Squid":1,"stat.sprintOneCm":232310,"stat.pickup.minecraft.paper":3,"stat.useItem.tconstruct.slime_dirt":1,"stat.craftItem.minecraft.stick":32,"stat.pickup.ic2.resource":132,"stat.mineBlock.minecraft.crafting_table":4,"stat.pickup.botania.flower":9,"stat.mineBlock.minecraft.planks":4,"stat.drop":58,"stat.killEntity.Sheep":4,"stat.pickup.minecraft.slime_ball":4,"stat.killEntity.Zombie":13,"stat.mineBlock.minecraft.gold_ore":22,"stat.diveOneCm":20207,"stat.craftItem.minecraft.slime_ball":4,"stat.mineBlock.botania.doubleflower2":1,"stat.mineBlock.botania.doubleflower1":1,"stat.drop.minecraft.wooden_pickaxe":2,"stat.pickup.minecraft.gravel":1,"stat.drop.minecraft.cooked_beef":7,"stat.craftItem.minecraft.cooked_porkchop":18,"stat.pickup.minecraft.stone_axe":2,"stat.mineBlock.tconstruct.slime_leaves":18,"stat.craftItem.botania.altar":1,"stat.mineBlock.tconstruct.slime_dirt":16,"stat.pickup.minecraft.diamond_sword":1,"stat.jump":2783,"stat.pickup.minecraft.coal":622,"stat.pickup.minecraft.iron_helmet":7,"stat.pickup.minecraft.iron_ingot":60,"stat.useItem.minecraft.stone_axe":48,"stat.drop.minecraft.diamond_sword":1,"stat.pickup.minecraft.gunpowder":9,"stat.pickup.minecraft.spider_eye":1,"stat.craftItem.minecraft.torch":68,"stat.pickup.minecraft.dirt":50,"stat.pickup.minecraft.iron_ore":103,"stat.pickup.tconstruct.slime_congealed":17,"stat.pickup.minecraft.gold_ore":70,"stat.mineBlock.minecraft.lapis_ore":10,"stat.pickup.minecraft.iron_axe":4,"stat.damageTaken":3228,"stat.pickup.minecraft.leather":9,"stat.mineBlock.minecraft.furnace":2,"stat.mineBlock.minecraft.torch":8,"stat.useItem.minecraft.wooden_pickaxe":27,"stat.drop.minecraft.water_bucket":1,"stat.pickup.minecraft.reeds":16,"stat.useItem.forge.bucketfilled":1,"stat.entityKilledBy.Zombie":1,"stat.pickup.botania.altar":2,"stat.damageDealt":8795,"stat.sleepInBed":5,"stat.killEntity.Cow":6,"stat.useItem.minecraft.crafting_table":1,"stat.killEntity.Pig":15,"stat.craftItem.minecraft.iron_sword":1,"stat.drop.botania.petal":10,"stat.craftItem.minecraft.stone_slab":6,"stat.walkOneCm":432577,"stat.pickup.minecraft.stick":9,"stat.mineBlock.botania.altar":1,"stat.pickup.galacticraftcore.basic_item":8,"stat.drop.ic2.resource":4,"stat.pickup.minecraft.stone":10,"stat.pickup.minecraft.ender_pearl":1,"stat.pickup.minecraft.cooked_beef":2,"stat.pickup.minecraft.gold_ingot":9,"stat.killEntity.Skeleton":4,"stat.drop.iceandfire.ash":1,"stat.killEntity.Spider":4,"stat.mobKills":54,"stat.pickup.minecraft.water_bucket":3,"stat.mineBlock.minecraft.leaves":27,"stat.pickup.minecraft.torch":114,"stat.mineBlock.minecraft.redstone_ore":1,"stat.drop.minecraft.stone_axe":1,"stat.drop.minecraft.arrow":4,"stat.mineBlock.minecraft.stone":212}