{"stat.chestOpened":1,"stat.pickup.minecraft.bone":2,"stat.drop.minecraft.glowstone_dust":2,"stat.mineBlock.minecraft.ice":2,"stat.pickup.minecraft.stone_axe":1,"stat.useItem.minecraft.mutton":1,"stat.jump":419,"stat.swimOneCm":1699,"stat.pickup.minecraft.coal":52,"stat.fallOneCm":10129,"stat.pickup.minecraft.glowstone_dust":2,"stat.useItem.minecraft.stone_axe":44,"stat.pickup.minecraft.porkchop":8,"stat.crouchOneCm":10027,"stat.pickup.minecraft.spider_eye":1,"stat.pickup.minecraft.dirt":21,"stat.useItem.minecraft.dirt":19,"stat.useItem.minecraft.stone_slab2":8,"stat.mineBlock.astralsorcery.blockcustomflower":1,"stat.craftingTableInteraction":11,"stat.pickup.minecraft.rotten_flesh":4,"stat.craftItem.minecraft.furnace":1,"stat.craftItem.minecraft.stone_axe":1,"stat.pickup.minecraft.wooden_pickaxe":1,"stat.damageTaken":300,"stat.pickup.minecraft.leather":2,"stat.craftItem.minecraft.stone_pickaxe":1,"stat.mineBlock.minecraft.furnace":1,"stat.useItem.minecraft.wooden_pickaxe":27,"stat.craftItem.minecraft.cooked_beef":10,"stat.pickup.minecraft.cobblestone":67,"stat.mineBlock.chisel.limestone2":4,"stat.craftItem.minecraft.stone_sword":1,"stat.pickup.chisel.limestone2":4,"stat.flyOneCm":66622,"stat.pickup.minecraft.wheat_seeds":1,"stat.drop.minecraft.wheat_seeds":1,"stat.useItem.minecraft.stone_pickaxe":105,"stat.useItem.minecraft.cooked_beef":4,"stat.useItem.minecraft.stone_sword":60,"stat.damageDealt":2310,"stat.timeSinceDeath":42783,"stat.drop.buildcraftlib.guide":2,"stat.killEntity.Cow":4,"stat.mineBlock.minecraft.dirt":15,"stat.craftItem.minecraft.wooden_pickaxe":1,"stat.killEntity.Pig":7,"stat.pickup.minecraft.mutton":1,"stat.walkOneCm":96193,"stat.craftItem.cfm.coffee_table_oak":1,"stat.drop.minecraft.rotten_flesh":2,"stat.pickup.minecraft.crafting_table":4,"stat.pickup.buildcraftlib.guide":2,"stat.craftItem.minecraft.crafting_table":2,"stat.furnaceInteraction":8,"stat.pickup.minecraft.trapdoor":1,"stat.mineBlock.minecraft.coal_ore":53,"stat.pickup.minecraft.log":47,"stat.pickup.minecraft.string":4,"stat.pickup.minecraft.beef":9,"stat.pickup.minecraft.furnace":1,"stat.craftItem.minecraft.stone_slab2":0,"stat.pickup.minecraft.stone":4,"stat.pickup.minecraft.sapling":3,"stat.killEntity.Squid":1,"stat.sprintOneCm":48512,"stat.pickup.minecraft.cooked_beef":2,"stat.craftItem.minecraft.stick":12,"stat.killEntity.Skeleton":1,"stat.craftItem.minecraft.planks":76,"stat.mineBlock.minecraft.crafting_table":2,"stat.killEntity.Spider":2,"stat.pickup.minecraft.stone_sword":2,"stat.mobKills":16,"stat.mineBlock.minecraft.log":46,"stat.mineBlock.minecraft.planks":1,"stat.drop":8,"stat.mineBlock.minecraft.leaves":12,"stat.playOneMinute":42783,"stat.killEntity.Sheep":1,"stat.sneakTime":3779,"stat.pickup.minecraft.wool":1,"stat.drop.minecraft.stone_axe":1,"stat.killEntity.Zombie":1,"stat.mineBlock.minecraft.stone":64,"stat.mineBlock.minecraft.tallgrass":16,"stat.diveOneCm":4454}