{"stat.drop.minecraft.stone_pickaxe":1,"stat.pickup.tconstruct.book":4,"stat.pickup.minecraft.bone":38,"stat.useItem.minecraft.iron_axe":3,"stat.leaveGame":2,"stat.drop.minecraft.glowstone_dust":2,"stat.mineBlock.minecraft.cobblestone":4,"stat.pickup.minecraft.stone_pickaxe":1,"stat.craftItem.minecraft.iron_axe":1,"stat.useItem.minecraft.mutton":1,"stat.swimOneCm":17790,"stat.useItem.minecraft.planks":1,"stat.pickup.minecraft.glowstone_dust":2,"stat.pickup.minecraft.cooked_porkchop":2,"stat.pickup.minecraft.porkchop":46,"stat.useItem.minecraft.dirt":21,"stat.useItem.minecraft.stone_slab2":29,"stat.mineBlock.astralsorcery.blockcustomflower":1,"stat.pickup.minecraft.iron_boots":5,"stat.useItem.minecraft.water_bucket":7,"stat.pickup.minecraft.rotten_flesh":13,"stat.craftItem.minecraft.furnace":1,"stat.craftItem.minecraft.stone_axe":1,"stat.pickup.minecraft.bucket":1,"stat.craftItem.minecraft.stone_pickaxe":2,"stat.craftItem.minecraft.cooked_beef":12,"stat.pickup.minecraft.cobblestone":919,"stat.mineBlock.chisel.limestone2":15,"stat.craftItem.minecraft.stone_sword":1,"stat.flyOneCm":292751,"stat.entityKilledBy.firedragon":1,"stat.pickup.minecraft.brown_mushroom":5,"stat.useItem.chisel.limestone2":3,"stat.drop.minecraft.wheat_seeds":1,"stat.useItem.minecraft.cooked_beef":7,"stat.pickup.minecraft.redstone":5,"stat.mineBlock.minecraft.iron_ore":86,"stat.timeSinceDeath":566,"stat.drop.buildcraftlib.guide":2,"stat.useItem.minecraft.iron_pickaxe":447,"stat.craftItem.minecraft.wooden_pickaxe":1,"stat.pickup.minecraft.mutton":26,"stat.pickup.astralsorcery.itemjournal":4,"stat.killEntity.Bat":1,"stat.craftItem.cfm.coffee_table_oak":1,"stat.craftItem.minecraft.bed":1,"stat.mineBlock.chisel.marble2":5,"stat.furnaceInteraction":33,"stat.pickup.galacticraftcore.basic_block_core":215,"stat.useItem.minecraft.cooked_porkchop":4,"stat.mineBlock.botania.flower":1,"stat.pickup.minecraft.trapdoor":1,"stat.killEntity.ZombieVillager":1,"stat.mineBlock.minecraft.coal_ore":172,"stat.killEntity.Creeper":6,"stat.pickup.minecraft.string":28,"stat.pickup.minecraft.beef":13,"stat.pickup.minecraft.furnace":4,"stat.craftItem.minecraft.stone_slab2":0,"stat.killEntity.Squid":1,"stat.sprintOneCm":154586,"stat.pickup.minecraft.iron_chestplate":2,"stat.craftItem.minecraft.stick":32,"stat.pickup.ic2.resource":120,"stat.mineBlock.minecraft.crafting_table":4,"stat.pickup.botania.flower":1,"stat.useItem.minecraft.beef":1,"stat.mineBlock.minecraft.planks":4,"stat.deaths":5,"stat.drop":26,"stat.playOneMinute":158100,"stat.killEntity.Sheep":4,"stat.craftItem.minecraft.iron_pickaxe":2,"stat.killEntity.Zombie":13,"stat.drop.minecraft.torch":1,"stat.pickup.chisel.marble2":6,"stat.mineBlock.minecraft.gold_ore":22,"stat.mineBlock.minecraft.tallgrass":21,"stat.diveOneCm":20207,"stat.chestOpened":11,"stat.pickup.botania.mushroom":3,"stat.useItem.minecraft.stone":4,"stat.drop.minecraft.wooden_pickaxe":2,"stat.pickup.minecraft.gravel":1,"stat.pickup.minecraft.iron_sword":3,"stat.pickup.minecraft.arrow":16,"stat.drop.minecraft.cooked_beef":7,"stat.craftItem.minecraft.cooked_porkchop":4,"stat.mineBlock.minecraft.ice":2,"stat.pickup.minecraft.stone_axe":2,"stat.mineBlock.botania.mushroom":3,"stat.jump":1867,"stat.pickup.minecraft.coal":622,"stat.pickup.minecraft.iron_helmet":6,"stat.fallOneCm":48027,"stat.pickup.minecraft.iron_ingot":60,"stat.drop.minecraft.stone":1,"stat.useItem.minecraft.stone_axe":48,"stat.drop.minecraft.stone_sword":1,"stat.pickup.minecraft.gunpowder":9,"stat.crouchOneCm":39948,"stat.mineBlock.minecraft.chest":1,"stat.pickup.minecraft.spider_eye":1,"stat.craftItem.minecraft.torch":68,"stat.craftItem.minecraft.iron_ingot":29,"stat.pickup.minecraft.dirt":48,"stat.craftingTableInteraction":28,"stat.pickup.minecraft.iron_ore":95,"stat.pickup.minecraft.gold_ore":70,"stat.mineBlock.minecraft.lapis_ore":10,"stat.mineBlock.ic2.resource":64,"stat.pickup.minecraft.iron_axe":4,"stat.pickup.minecraft.wooden_pickaxe":2,"stat.damageTaken":2245,"stat.pickup.minecraft.leather":4,"stat.mineBlock.minecraft.furnace":2,"stat.mineBlock.minecraft.torch":5,"stat.useItem.minecraft.wooden_pickaxe":27,"stat.useItem.minecraft.furnace":2,"stat.drop.minecraft.water_bucket":1,"stat.pickup.minecraft.dye":285,"stat.pickup.minecraft.planks":127,"stat.pickup.minecraft.iron_leggings":6,"stat.pickup.minecraft.reeds":16,"stat.pickup.chisel.limestone2":23,"stat.pickup.minecraft.wheat_seeds":2,"stat.entityKilledBy.Zombie":1,"stat.mineBlock.minecraft.gravel":1,"stat.useItem.minecraft.stone_pickaxe":204,"stat.useItem.minecraft.stone_sword":80,"stat.damageDealt":8485,"stat.sleepInBed":4,"stat.killEntity.Cow":4,"stat.mineBlock.minecraft.dirt":30,"stat.useItem.minecraft.crafting_table":1,"stat.killEntity.Pig":14,"stat.craftItem.minecraft.iron_sword":1,"stat.walkOneCm":358552,"stat.useItem.minecraft.torch":58,"stat.pickup.minecraft.stick":3,"stat.drop.minecraft.rotten_flesh":2,"stat.pickup.minecraft.crafting_table":6,"stat.pickup.buildcraftlib.guide":2,"stat.useItem.minecraft.cobblestone":75,"stat.craftItem.minecraft.crafting_table":4,"stat.mineBlock.minecraft.double_plant":1,"stat.pickup.minecraft.log":127,"stat.mineBlock.galacticraftcore.basic_block_core":79,"stat.pickup.minecraft.iron_pickaxe":4,"stat.pickup.galacticraftcore.basic_item":8,"stat.pickup.minecraft.stone":10,"stat.pickup.minecraft.sapling":5,"stat.pickup.minecraft.ender_pearl":1,"stat.pickup.minecraft.cooked_beef":2,"stat.killEntity.Skeleton":4,"stat.craftItem.minecraft.bucket":1,"stat.craftItem.minecraft.planks":108,"stat.useItem.minecraft.iron_sword":121,"stat.killEntity.Spider":4,"stat.pickup.minecraft.stone_sword":4,"stat.mobKills":51,"stat.mineBlock.minecraft.log":46,"stat.pickup.minecraft.water_bucket":3,"stat.mineBlock.minecraft.leaves":12,"stat.pickup.minecraft.torch":110,"stat.mineBlock.minecraft.redstone_ore":1,"stat.sneakTime":12896,"stat.pickup.minecraft.wool":4,"stat.drop.minecraft.stone_axe":1,"stat.drop.minecraft.arrow":4,"stat.mineBlock.minecraft.stone":208,"stat.pickup.minecraft.chest":1}