{"stats":{"minecraft:broken":{"minecraft:iron_shovel":1,"minecraft:stone_sword":1,"minecraft:shield":2,"minecraft:iron_axe":3,"minecraft:leather_boots":1,"minecraft:iron_pickaxe":2},"minecraft:mined":{"minecraft:tuff":2,"minecraft:spruce_planks":15,"minecraft:white_bed":6,"minecraft:oak_sapling":1,"minecraft:deepslate_diamond_ore":55,"minecraft:cobblestone_stairs":3,"minecraft:brewing_stand":1,"minecraft:grass_block":322,"minecraft:spruce_fence":6,"minecraft:spruce_leaves":112,"minecraft:large_fern":3,"minecraft:hay_block":16,"minecraft:tall_seagrass":1,"minecraft:raw_iron_block":1,"minecraft:spruce_sapling":2,"minecraft:furnace":7,"minecraft:iron_ore":185,"minecraft:cobbled_deepslate":13,"minecraft:andesite":9,"minecraft:stripped_spruce_log":8,"minecraft:pumpkin":10,"minecraft:deepslate_lapis_ore":23,"minecraft:deepslate_iron_ore":132,"minecraft:dirt_path":1,"minecraft:oak_stairs":44,"minecraft:stone":211,"minecraft:spruce_slab":8,"minecraft:deepslate_redstone_ore":13,"minecraft:glass_pane":4,"minecraft:kelp_plant":1,"minecraft:smoker":1,"minecraft:crafting_table":22,"minecraft:torch":23,"minecraft:short_grass":216,"minecraft:blast_furnace":2,"minecraft:poppy":1,"minecraft:tall_grass":6,"minecraft:cobblestone":29,"minecraft:deepslate_gold_ore":25,"minecraft:lapis_ore":3,"minecraft:oak_planks":132,"minecraft:sugar_cane":57,"minecraft:diorite":3,"minecraft:wall_torch":42,"minecraft:spruce_stairs":27,"minecraft:gray_wool":1,"minecraft:purple_bed":16,"minecraft:sweet_berry_bush":11,"minecraft:spruce_log":336,"minecraft:black_wool":1,"minecraft:oak_log":248,"minecraft:coal_ore":198,"minecraft:gravel":4,"minecraft:dirt":170,"minecraft:sand":19,"minecraft:oak_leaves":65,"minecraft:deepslate":66,"minecraft:fern":4},"minecraft:killed_by":{"minecraft:player":2,"minecraft:creeper":2,"minecraft:spider":1,"minecraft:drowned":2,"minecraft:skeleton":5,"minecraft:zombie":2},"minecraft:custom":{"minecraft:mob_kills":130,"minecraft:interact_with_crafting_table":90,"minecraft:leave_game":4,"minecraft:time_since_death":15899,"minecraft:climb_one_cm":3770,"minecraft:sprint_one_cm":1026653,"minecraft:walk_one_cm":1426846,"minecraft:damage_blocked_by_shield":10267,"minecraft:drop":57,"minecraft:talked_to_villager":7,"minecraft:play_time":401781,"minecraft:sneak_time":25858,"minecraft:deaths":15,"minecraft:walk_under_water_one_cm":22681,"minecraft:boat_one_cm":436597,"minecraft:jump":8011,"minecraft:interact_with_blast_furnace":10,"minecraft:walk_on_water_one_cm":38415,"minecraft:total_world_time":401781,"minecraft:interact_with_furnace":32,"minecraft:sleep_in_bed":19,"minecraft:time_since_rest":12062,"minecraft:damage_taken":8794,"minecraft:damage_dealt":21196,"minecraft:swim_one_cm":66546,"minecraft:fly_one_cm":1513506,"minecraft:open_chest":90,"minecraft:crouch_one_cm":78407,"minecraft:interact_with_smoker":13,"minecraft:fall_one_cm":210526},"minecraft:used":{"minecraft:stone_sword":271,"minecraft:iron_shovel":499,"minecraft:spruce_slab":67,"minecraft:chest":12,"minecraft:spruce_planks":221,"minecraft:shield":164,"minecraft:iron_sword":202,"minecraft:iron_chestplate":1,"minecraft:torch":333,"minecraft:brewing_stand":1,"minecraft:dirt":454,"minecraft:spruce_stairs":356,"minecraft:granite":1,"minecraft:spruce_fence":12,"minecraft:spruce_boat":5,"minecraft:lantern":11,"minecraft:iron_axe":799,"minecraft:oak_stairs":64,"minecraft:iron_helmet":1,"minecraft:beef":4,"minecraft:sweet_berries":17,"minecraft:oak_sapling":14,"minecraft:furnace":9,"minecraft:cooked_beef":28,"minecraft:cobbled_deepslate":57,"minecraft:cobblestone_stairs":48,"minecraft:oak_planks":712,"minecraft:stone_pickaxe":117,"minecraft:wooden_pickaxe":19,"minecraft:sugar_cane":65,"minecraft:leather_boots":1,"minecraft:sand":1,"minecraft:crafting_table":28,"minecraft:blast_furnace":2,"minecraft:white_bed":7,"minecraft:cod":1,"minecraft:spruce_log":131,"minecraft:smoker":2,"minecraft:oak_log":25,"minecraft:bread":44,"minecraft:iron_pickaxe":856,"minecraft:spruce_trapdoor":2,"minecraft:gravel":2,"minecraft:spruce_sapling":30,"minecraft:stone_axe":65,"minecraft:purple_bed":15,"minecraft:cobblestone":117,"minecraft:porkchop":2,"minecraft:cooked_porkchop":9,"minecraft:andesite":3,"minecraft:glass_pane":37,"minecraft:oak_boat":3},"minecraft:crafted":{"minecraft:oak_planks":796,"minecraft:raw_iron":9,"minecraft:iron_nugget":90,"minecraft:furnace":3,"minecraft:cobblestone_stairs":48,"minecraft:spruce_fence":9,"minecraft:glass_pane":48,"minecraft:glass":8,"minecraft:lantern":11,"minecraft:spruce_stairs":352,"minecraft:iron_axe":4,"minecraft:spruce_slab":60,"minecraft:stone_pickaxe":1,"minecraft:chest":12,"minecraft:spruce_boat":1,"minecraft:smoker":1,"minecraft:wheat":144,"minecraft:cooked_beef":55,"minecraft:crafting_table":8,"minecraft:spruce_planks":772,"minecraft:wooden_pickaxe":2,"minecraft:iron_sword":1,"minecraft:stone_axe":2,"minecraft:bread":48,"minecraft:air":0,"minecraft:oak_boat":2,"minecraft:shield":4,"minecraft:stick":84,"minecraft:iron_ingot":18,"minecraft:iron_pickaxe":4,"minecraft:oak_stairs":20,"minecraft:stone_sword":3,"minecraft:iron_shovel":2,"minecraft:white_bed":1,"minecraft:torch":256},"minecraft:dropped":{"minecraft:iron_ingot":13,"minecraft:wheat_seeds":11,"minecraft:cobblestone":2,"minecraft:leather":31,"minecraft:dirt":9,"minecraft:diorite":3,"minecraft:pumpkin":10,"minecraft:iron_axe":1,"minecraft:iron_shovel":2,"minecraft:string":2,"minecraft:spruce_sapling":1,"minecraft:gravel":13,"minecraft:kelp":5,"minecraft:iron_nugget":2,"minecraft:stone_sword":1,"minecraft:cobbled_deepslate":7,"minecraft:raw_copper":3,"minecraft:tuff":2,"minecraft:rotten_flesh":7,"minecraft:azure_bluet":1,"minecraft:poppy":1,"minecraft:hay_block":1,"minecraft:andesite":8,"minecraft:spider_eye":3,"minecraft:wooden_pickaxe":1},"minecraft:picked_up":{"minecraft:crafting_table":28,"minecraft:iron_chestplate":1,"minecraft:azure_bluet":1,"minecraft:oak_stairs":44,"minecraft:brewing_stand":1,"minecraft:shield":2,"minecraft:string":11,"minecraft:raw_copper":3,"minecraft:iron_axe":2,"minecraft:iron_shovel":1,"minecraft:cobbled_deepslate":111,"minecraft:spruce_planks":89,"minecraft:beef":109,"minecraft:oak_boat":1,"minecraft:poppy":1,"minecraft:iron_pickaxe":6,"minecraft:spruce_slab":8,"minecraft:sugar_cane":293,"minecraft:spruce_trapdoor":2,"minecraft:furnace":12,"minecraft:stick":41,"minecraft:raw_iron":480,"minecraft:torch":239,"minecraft:spruce_stairs":27,"minecraft:spruce_fence":6,"minecraft:porkchop":54,"minecraft:diorite":3,"minecraft:redstone":157,"minecraft:stone_sword":6,"minecraft:arrow":32,"minecraft:rotten_flesh":68,"minecraft:hay_block":17,"minecraft:mutton":51,"minecraft:cod":1,"minecraft:white_wool":21,"minecraft:cobblestone":412,"minecraft:cooked_beef":38,"minecraft:andesite":18,"minecraft:leather":67,"minecraft:smoker":2,"minecraft:potato":4,"minecraft:tuff":2,"minecraft:oak_log":296,"minecraft:gunpowder":5,"minecraft:cobblestone_stairs":3,"minecraft:lapis_lazuli":325,"minecraft:dirt":513,"minecraft:leather_boots":1,"minecraft:glass":10,"minecraft:bone":58,"minecraft:apple":14,"minecraft:kelp":5,"minecraft:bow":2,"minecraft:wheat_seeds":38,"minecraft:raw_gold":56,"minecraft:stone_pickaxe":3,"minecraft:iron_ingot":57,"minecraft:iron_sword":1,"minecraft:oak_planks":145,"minecraft:pumpkin":30,"minecraft:sweet_berries":94,"minecraft:raw_iron_block":1,"minecraft:gravel":17,"minecraft:sand":19,"minecraft:stripped_spruce_log":8,"minecraft:spruce_sapling":33,"minecraft:blast_furnace":2,"minecraft:white_bed":6,"minecraft:spruce_log":346,"minecraft:spider_eye":4,"minecraft:purple_bed":16,"minecraft:diamond":78,"minecraft:spruce_boat":3,"minecraft:stone_axe":2,"minecraft:iron_helmet":1,"minecraft:granite":3,"minecraft:gray_wool":1,"minecraft:bread":95,"minecraft:oak_sapling":15,"minecraft:black_wool":1,"minecraft:coal":581},"minecraft:killed":{"minecraft:spider":6,"minecraft:skeleton":22,"minecraft:pig":13,"minecraft:bat":1,"minecraft:creeper":4,"minecraft:sheep":8,"minecraft:zombie":39,"minecraft:cow":34}},"DataVersion":3953}