{"stat.pickup.iceandfire.fire_dragon_flesh":1,"stat.leaveGame":5,"stat.mineBlock.ic2.sapling":1,"stat.craftItem.botania.lexicon":1,"stat.mineBlock.astralsorcery.blockcustomflower":1,"stat.drop.minecraft.iron_sword":1,"stat.pickup.minecraft.rotten_flesh":48,"stat.craftItem.minecraft.stone_axe":3,"stat.pickup.minecraft.cobblestone_wall":3,"stat.pickup.minecraft.bucket":3,"stat.useItem.botania.flower":2,"stat.killEntity.Enderman":1,"stat.pickup.minecraft.brown_mushroom":7,"stat.useItem.minecraft.iron_pickaxe":969,"stat.craftItem.minecraft.wooden_pickaxe":1,"stat.pickup.minecraft.double_plant":2,"stat.craftItem.cfm.coffee_table_oak":1,"stat.craftItem.minecraft.bed":1,"stat.craftItem.minecraft.glass_pane":48,"stat.mineBlock.chisel.marble2":5,"stat.furnaceInteraction":145,"stat.mineBlock.botania.flower":62,"stat.killEntity.ZombieVillager":2,"stat.drop.iceandfire.dragonbone":4,"stat.pickup.iceandfire.manuscript":30,"stat.pickup.botania.livingwood":23,"stat.pickup.minecraft.beef":60,"stat.useItem.botania.spreader":1,"stat.pickup.ic2.misc_resource":1,"stat.mineBlock.astralsorcery.blockmarble":3,"stat.craftItem.botania.runealtar":1,"stat.useItem.botania.twigwand":1133,"stat.useItem.minecraft.beef":6,"stat.mineBlock.tconstruct.slime_vine_purple_mid":2,"stat.pickup.minecraft.lever":5,"stat.deaths":8,"stat.pickup.minecraft.egg":2,"stat.craftItem.minecraft.iron_pickaxe":5,"stat.drop.minecraft.torch":3,"stat.drop.minecraft.iron_ingot":5,"stat.pickup.chisel.marble2":6,"stat.mineBlock.minecraft.tallgrass":256,"stat.chestOpened":314,"stat.pickup.botania.mushroom":12,"stat.useItem.minecraft.stone":16,"stat.pickup.minecraft.iron_sword":6,"stat.pickup.minecraft.arrow":24,"stat.mineBlock.chisel.dirt":5,"stat.pickup.minecraft.gold_nugget":176,"stat.mineBlock.botania.mushroom":8,"stat.pickup.botania.lexicon":1,"stat.pickup.minecraft.carrot":6,"stat.drop.minecraft.stone_sword":1,"stat.crouchOneCm":133314,"stat.mineBlock.minecraft.chest":3,"stat.craftItem.minecraft.iron_ingot":158,"stat.craftingTableInteraction":126,"stat.pickup.iceandfire.silver_ore":20,"stat.mineBlock.chisel.glasspane":2,"stat.pickup.minecraft.wooden_pickaxe":2,"stat.useItem.minecraft.reeds":1,"stat.pickup.minecraft.dye":350,"stat.pickup.minecraft.planks":183,"stat.pickup.chisel.limestone2":23,"stat.pickup.minecraft.wheat_seeds":73,"stat.pickup.chisel.cobblestone":257,"stat.mineBlock.minecraft.glass":1,"stat.mineBlock.minecraft.dirt":602,"stat.useItem.minecraft.bread":32,"stat.mineBlock.iceandfire.silver_ore":1,"stat.drop.minecraft.rotten_flesh":12,"stat.craftItem.ironchest.iron_gold_chest_upgrade":1,"stat.useItem.minecraft.cobblestone":225,"stat.useItem.minecraft.gravel":48,"stat.mineBlock.minecraft.double_plant":8,"stat.pickup.chisel.glasspane":10,"stat.pickup.minecraft.iron_pickaxe":7,"stat.drop.minecraft.carrot":6,"stat.craftItem.minecraft.gold_ingot":40,"stat.craftItem.chisel.chisel_iron":5,"stat.useItem.minecraft.glass_pane":11,"stat.craftItem.minecraft.bucket":2,"stat.craftItem.minecraft.planks":740,"stat.useItem.minecraft.iron_sword":280,"stat.mineBlock.buildcraftfactory.mining_well":1,"stat.pickup.minecraft.stone_sword":5,"stat.mineBlock.minecraft.log":221,"stat.pickup.iceandfire.dragonbone":30,"stat.craftItem.minecraft.paper":3,"stat.drop.botania.twigwand":4,"stat.pickup.minecraft.red_flower":8,"stat.pickup.minecraft.wool":4,"stat.drop.botania.manaresource":1,"stat.pickup.ic2.ingot":4,"stat.useItem.minecraft.iron_axe":31,"stat.mineBlock.minecraft.cobblestone":28,"stat.pickup.minecraft.stone_pickaxe":4,"stat.pickup.minecraft.flint":29,"stat.mineBlock.minecraft.yellow_flower":7,"stat.mineBlock.chisel.cobblestone1":29,"stat.pickup.minecraft.cooked_porkchop":2,"stat.mineBlock.ironchest.iron_chest":4,"stat.useItem.minecraft.stone_slab2":162,"stat.pickup.minecraft.bow":1,"stat.pickup.forge.bucketfilled":1,"stat.pickup.minecraft.iron_boots":5,"stat.mineBlock.tconstruct.slime_vine_purple_end":1,"stat.mineBlock.chisel.cobblestone":189,"stat.craftItem.minecraft.furnace":5,"stat.craftItem.minecraft.lapis_block":7,"stat.useItem.minecraft.egg":2,"stat.pickup.iceandfire.chain_link":8,"stat.craftItem.minecraft.cooked_beef":33,"stat.mineBlock.minecraft.clay":41,"stat.flyOneCm":1697917,"stat.useItem.botania.livingwood":4,"stat.timeSinceDeath":229723,"stat.mineBlock.botania.livingwood":13,"stat.killEntity.Bat":1,"stat.craftItem.tconstruct.seared":7,"stat.mineBlock.minecraft.coal_ore":229,"stat.killEntity.Creeper":19,"stat.pickup.botania.manaresource":3,"stat.pickup.minecraft.string":34,"stat.killEntity.Squid":1,"stat.sprintOneCm":828090,"stat.pickup.ic2.resource":154,"stat.drop.tconstruct.slime_congealed":6,"stat.killEntity.Zombie":35,"stat.pickup.iceandfire.chared_dirt":57,"stat.mineBlock.minecraft.gold_ore":22,"stat.diveOneCm":60356,"stat.craftItem.minecraft.slime_ball":4,"stat.pickup.minecraft.wheat":1,"stat.pickup.iceandfire.dragonscales_bronze":32,"stat.craftItem.minecraft.cooked_porkchop":18,"stat.pickup.minecraft.stone_axe":2,"stat.mineBlock.tconstruct.slime_leaves":18,"stat.craftItem.botania.altar":1,"stat.pickup.minecraft.obsidian":12,"stat.mineBlock.botania.spreader":7,"stat.jump":7862,"stat.pickup.minecraft.coal":767,"stat.pickup.minecraft.iron_ingot":80,"stat.craftItem.minecraft.lever":1,"stat.drop.minecraft.diamond_sword":1,"stat.pickup.iceandfire.chared_gravel":33,"stat.pickup.minecraft.gunpowder":24,"stat.craftItem.minecraft.torch":136,"stat.pickup.ic2.crafting":1,"stat.pickup.minecraft.dirt":1005,"stat.useItem.minecraft.glass":5,"stat.pickup.minecraft.stone_shovel":2,"stat.pickup.minecraft.gold_ore":95,"stat.mineBlock.minecraft.lapis_ore":10,"stat.pickup.minecraft.iron_axe":4,"stat.mineBlock.minecraft.glass_pane":12,"stat.damageTaken":5663,"stat.mineBlock.minecraft.torch":63,"stat.mineBlock.minecraft.red_flower":9,"stat.pickup.ic2.rubber_wood":26,"stat.pickup.minecraft.bed":3,"stat.pickup.botania.spreader":7,"stat.useItem.forge.bucketfilled":3,"stat.entityKilledBy.Zombie":1,"stat.pickup.botania.altar":4,"stat.drop.botania.petal":30,"stat.craftItem.minecraft.stone_slab":6,"stat.useItem.minecraft.chest":22,"stat.drop.ic2.resource":4,"stat.killEntity.if_troll":1,"stat.pickup.minecraft.ender_pearl":2,"stat.pickup.minecraft.cooked_beef":2,"stat.pickup.botania.managlass":1,"stat.mobKills":139,"stat.craftItem.botania.spreader":2,"stat.useItem.minecraft.cobblestone_wall":20,"stat.pickup.minecraft.torch":221,"stat.mineBlock.astralsorcery.blockcustomsandore":3,"stat.drop.minecraft.stone_axe":1,"stat.drop.minecraft.arrow":5,"stat.pickup.botania.livingrock":7,"stat.pickup.tconstruct.book":5,"stat.useItem.chisel.glasspane":30,"stat.craftItem.minecraft.iron_axe":2,"stat.mineBlock.ic2.rubber_wood":15,"stat.pickup.minecraft.lapis_block":30,"stat.useItem.minecraft.mutton":1,"stat.useItem.minecraft.planks":197,"stat.pickup.minecraft.golden_boots":1,"stat.pickup.minecraft.glowstone_dust":2,"stat.pickup.minecraft.porkchop":82,"stat.useItem.minecraft.water_bucket":44,"stat.pickup.minecraft.sand":51,"stat.pickup.iceandfire.bestiary":1,"stat.pickup.iceandfire.troll_leather_forest":3,"stat.craftItem.minecraft.cobblestone_wall":30,"stat.pickup.chisel.cobblestone1":28,"stat.craftItem.minecraft.stone_sword":2,"stat.entityKilledBy.firedragon":1,"stat.mineBlock.minecraft.sand":24,"stat.pickup.iceandfire.ash":14,"stat.drop.buildcraftlib.guide":2,"stat.pickup.tconstruct.slime_sapling":2,"stat.mineBlock.chisel.planks-spruce":2,"stat.pickup.astralsorcery.itemjournal":4,"stat.entityKilledBy.if_troll":2,"stat.pickup.iceandfire.dragon_skull":1,"stat.pickup.minecraft.furnace":4,"stat.pickup.minecraft.iron_chestplate":6,"stat.useItem.minecraft.stone_stairs":16,"stat.pickup.minecraft.skull":2,"stat.mineBlock.iceandfire.ash":2,"stat.useItem.botania.petal":6,"stat.pickup.minecraft.stone_stairs":4,"stat.useItem.ic2.sapling":1,"stat.pickup.tconstruct.slime_dirt":54,"stat.pickup.ironchest.iron_chest":4,"stat.playOneMinute":684492,"stat.pickup.chisel.dirt":38,"stat.mineBlock.botania.specialflower":2,"stat.mineBlock.minecraft.ice":2,"stat.useItem.mcwdoors.spruce_glass_door":1,"stat.pickup.buildcraftfactory.mining_well":1,"stat.useItem.minecraft.experience_bottle":4,"stat.fallOneCm":92015,"stat.drop.minecraft.stone":1,"stat.drop.minecraft.dye":1,"stat.craftItem.minecraft.chest":24,"stat.mineBlock.minecraft.lever":3,"stat.pickup.minecraft.red_mushroom":2,"stat.mineBlock.botania.livingrock":7,"stat.mineBlock.ic2.resource":72,"stat.craftItem.botania.monocle":1,"stat.useItem.minecraft.furnace":5,"stat.craftItem.tconstruct.materials":30,"stat.pickup.minecraft.iron_leggings":9,"stat.mineBlock.botania.pool":4,"stat.pickup.botania.twigwand":5,"stat.mineBlock.minecraft.gravel":114,"stat.useItem.minecraft.stone_pickaxe":599,"stat.useItem.chisel.planks-spruce":191,"stat.useItem.minecraft.stone_sword":214,"stat.pickup.iceandfire.dragon_stick":3,"stat.drop.iceandfire.dragon_stick":1,"stat.pickup.botania.specialflower":8,"stat.useItem.minecraft.torch":171,"stat.drop.botania.flower":3,"stat.craftItem.minecraft.stone_stairs":16,"stat.useItem.ironchest.iron_chest":2,"stat.pickup.minecraft.crafting_table":8,"stat.useItem.minecraft.log":14,"stat.pickup.buildcraftlib.guide":2,"stat.craftItem.minecraft.crafting_table":7,"stat.pickup.minecraft.log":301,"stat.mineBlock.galacticraftcore.basic_block_core":113,"stat.pickup.chisel.planks-spruce":2,"stat.pickup.minecraft.sapling":14,"stat.craftItem.iceandfire.bestiary":1,"stat.drop.minecraft.bow":1,"stat.mineBlock.iceandfire.goldpile":8,"stat.mineBlock.tconstruct.slime_grass":3,"stat.useItem.chisel.dirt":30,"stat.mineBlock.tconstruct.slime_vine_blue":1,"stat.pickup.tconstruct.slime_boots":2,"stat.sneakTime":39508,"stat.mineBlock.minecraft.cobblestone_wall":3,"stat.pickup.ic2.sapling":6,"stat.drop.botania.mushroom":3,"stat.craftItem.botania.twigwand":1,"stat.pickup.minecraft.stone_slab":4,"stat.pickup.minecraft.yellow_flower":8,"stat.pickup.minecraft.chest":3,"stat.craftItem.iceandfire.lectern":1,"stat.drop.minecraft.stone_pickaxe":1,"stat.pickup.minecraft.bone":40,"stat.craftItem.mcwdoors.spruce_glass_door":3,"stat.drop.minecraft.glowstone_dust":2,"stat.craftItem.botania.petal":44,"stat.swimOneCm":56852,"stat.climbOneCm":38,"stat.useItem.minecraft.dirt":785,"stat.useItem.minecraft.iron_ore":1,"stat.drop.minecraft.ender_pearl":1,"stat.craftItem.minecraft.stone_pickaxe":5,"stat.pickup.minecraft.cobblestone":1532,"stat.mineBlock.chisel.limestone2":15,"stat.useItem.minecraft.stone_shovel":657,"stat.useItem.chisel.cobblestone":1226,"stat.useItem.chisel.limestone2":3,"stat.craftItem.ic2.ingot":64,"stat.drop.minecraft.wheat_seeds":20,"stat.useItem.minecraft.cooked_beef":16,"stat.pickup.minecraft.redstone":98,"stat.mineBlock.minecraft.iron_ore":132,"stat.craftItem.minecraft.book":2,"stat.pickup.minecraft.mutton":26,"stat.drop.minecraft.golden_boots":1,"stat.pickup.minecraft.stonebrick":2,"stat.pickup.galacticraftcore.basic_block_core":296,"stat.drop.minecraft.dirt":2,"stat.useItem.minecraft.cooked_porkchop":4,"stat.pickup.minecraft.trapdoor":1,"stat.craftItem.tconstruct.soil":40,"stat.craftItem.tconstruct.slime_boots":1,"stat.craftItem.minecraft.stone_slab2":0,"stat.pickup.botania.petal":29,"stat.craftItem.botania.manaresource":3,"stat.pickup.minecraft.paper":3,"stat.useItem.tconstruct.slime_dirt":19,"stat.craftItem.minecraft.stick":80,"stat.craftItem.minecraft.stone":14,"stat.mineBlock.minecraft.crafting_table":6,"stat.pickup.botania.flower":66,"stat.mineBlock.minecraft.planks":29,"stat.drop":135,"stat.killEntity.Sheep":4,"stat.pickup.minecraft.slime_ball":6,"stat.craftItem.minecraft.clay":39,"stat.mineBlock.botania.doubleflower2":1,"stat.mineBlock.botania.doubleflower1":1,"stat.drop.minecraft.wooden_pickaxe":2,"stat.pickup.minecraft.gravel":99,"stat.drop.minecraft.cooked_beef":7,"stat.killEntity.Slime":1,"stat.mineBlock.tconstruct.slime_dirt":35,"stat.pickup.minecraft.diamond_sword":1,"stat.pickup.minecraft.iron_helmet":11,"stat.useItem.minecraft.stone_axe":290,"stat.pickup.minecraft.spider_eye":2,"stat.drop.minecraft.glass":1,"stat.pickup.minecraft.iron_ore":141,"stat.pickup.tconstruct.slime_congealed":29,"stat.mineBlock.minecraft.stone_stairs":4,"stat.pickup.minecraft.leather":33,"stat.mineBlock.minecraft.furnace":2,"stat.useItem.minecraft.wooden_pickaxe":27,"stat.drop.minecraft.water_bucket":1,"stat.pickup.minecraft.reeds":44,"stat.pickup.tconstruct.materials":24,"stat.damageDealt":23101,"stat.craftItem.minecraft.glass":32,"stat.sleepInBed":15,"stat.useItem.ic2.resource":1,"stat.killEntity.Cow":27,"stat.useItem.minecraft.crafting_table":1,"stat.killEntity.Pig":27,"stat.craftItem.minecraft.iron_sword":2,"stat.craftItem.minecraft.stone_shovel":5,"stat.walkOneCm":1694534,"stat.pickup.minecraft.stick":22,"stat.pickup.minecraft.clay_ball":276,"stat.mineBlock.botania.altar":3,"stat.pickup.galacticraftcore.basic_item":41,"stat.pickup.minecraft.stone":47,"stat.pickup.minecraft.gold_ingot":9,"stat.killEntity.Skeleton":8,"stat.drop.iceandfire.ash":1,"stat.killEntity.Spider":12,"stat.craftItem.ironchest.wood_iron_chest_upgrade":2,"stat.pickup.minecraft.bread":37,"stat.pickup.astralsorcery.itemcraftingcomponent":24,"stat.pickup.minecraft.water_bucket":3,"stat.pickup.botania.pool":4,"stat.mineBlock.minecraft.leaves":89,"stat.useItem.chisel.cobblestone1":188,"stat.mineBlock.minecraft.redstone_ore":8,"stat.craftItem.galacticraftcore.basic_item":97,"stat.mineBlock.minecraft.stone":676}