{"stats":{"minecraft:broken":{"minecraft:iron_shovel":1,"minecraft:chainmail_boots":1,"minecraft:wooden_pickaxe":1,"minecraft:stone_pickaxe":3,"minecraft:diamond_pickaxe":3,"minecraft:stone_axe":1,"minecraft:iron_sword":1,"minecraft:iron_pickaxe":1},"minecraft:mined":{"minecraft:tuff":514,"minecraft:spruce_planks":1,"minecraft:white_bed":4,"minecraft:mossy_cobblestone":21,"minecraft:deepslate_diamond_ore":63,"minecraft:oak_door":4,"minecraft:granite":27,"minecraft:grass_block":10,"minecraft:hay_block":38,"minecraft:redstone_ore":1,"minecraft:mossy_cobblestone_slab":6,"minecraft:furnace":2,"minecraft:iron_ore":3,"minecraft:cobbled_deepslate":3,"minecraft:andesite":11,"minecraft:pumpkin":1,"minecraft:deepslate_lapis_ore":23,"minecraft:nether_brick_fence":11,"minecraft:cobblestone_slab":10,"minecraft:deepslate_iron_ore":16,"minecraft:oak_stairs":1,"minecraft:stone":445,"minecraft:deepslate_redstone_ore":147,"minecraft:soul_sand":1,"minecraft:soul_fire":5,"minecraft:oak_fence":5,"minecraft:crafting_table":12,"minecraft:torch":30,"minecraft:short_grass":26,"minecraft:poppy":1,"minecraft:chest":3,"minecraft:stone_slab":2,"minecraft:spruce_wall_sign":1,"minecraft:tall_grass":2,"minecraft:cobblestone":81,"minecraft:deepslate_gold_ore":30,"minecraft:oak_planks":1,"minecraft:sugar_cane":293,"minecraft:wall_torch":32,"minecraft:diorite":39,"minecraft:birch_planks":5,"minecraft:birch_log":12,"minecraft:coal_ore":82,"minecraft:oak_log":58,"minecraft:gravel":91,"minecraft:dirt":17,"minecraft:netherrack":28,"minecraft:oak_leaves":14,"minecraft:deepslate":3350},"minecraft:killed_by":{"minecraft:ghast":1,"minecraft:player":2,"minecraft:zombie":2},"minecraft:custom":{"minecraft:interact_with_anvil":1,"minecraft:mob_kills":825,"minecraft:interact_with_crafting_table":64,"minecraft:leave_game":8,"minecraft:time_since_death":474157,"minecraft:climb_one_cm":428,"minecraft:sprint_one_cm":1067333,"minecraft:damage_blocked_by_shield":1935,"minecraft:walk_one_cm":1467763,"minecraft:drop":100,"minecraft:talked_to_villager":5,"minecraft:play_time":524952,"minecraft:sneak_time":18518,"minecraft:deaths":5,"minecraft:walk_under_water_one_cm":73342,"minecraft:boat_one_cm":7214,"minecraft:jump":9146,"minecraft:interact_with_blast_furnace":3,"minecraft:walk_on_water_one_cm":202238,"minecraft:enchant_item":31,"minecraft:total_world_time":524952,"minecraft:interact_with_furnace":73,"minecraft:tune_noteblock":1,"minecraft:interact_with_grindstone":31,"minecraft:sleep_in_bed":13,"minecraft:time_since_rest":127050,"minecraft:damage_taken":6010,"minecraft:damage_dealt":21107,"minecraft:player_kills":1,"minecraft:swim_one_cm":1057,"minecraft:fly_one_cm":1685183,"minecraft:open_chest":243,"minecraft:crouch_one_cm":47225,"minecraft:fall_one_cm":150301,"minecraft:interact_with_smoker":7},"minecraft:used":{"minecraft:oak_fence":4,"minecraft:nether_brick_fence":14,"minecraft:iron_shovel":4,"minecraft:poppy":1,"minecraft:chest":5,"minecraft:shield":39,"minecraft:stone":1,"minecraft:iron_sword":251,"minecraft:rotten_flesh":1,"minecraft:netherrack":4,"minecraft:oak_door":4,"minecraft:torch":303,"minecraft:dirt":47,"minecraft:carrot":1,"minecraft:granite":3,"minecraft:lava_bucket":3,"minecraft:mossy_cobblestone_slab":12,"minecraft:hay_block":3,"minecraft:furnace":5,"minecraft:egg":4,"minecraft:cooked_beef":19,"minecraft:cobbled_deepslate":57,"minecraft:golden_boots":1,"minecraft:cooked_mutton":13,"minecraft:water_bucket":21,"minecraft:birch_planks":10,"minecraft:stone_pickaxe":314,"minecraft:wooden_pickaxe":38,"minecraft:cobblestone_slab":15,"minecraft:spruce_sign":2,"minecraft:sugar_cane":43,"minecraft:mossy_cobblestone":16,"minecraft:sand":3,"minecraft:crafting_table":13,"minecraft:white_bed":4,"minecraft:diamond_pickaxe":4371,"minecraft:black_wool":1,"minecraft:bread":98,"minecraft:iron_pickaxe":250,"minecraft:stone_slab":4,"minecraft:gravel":49,"minecraft:stone_axe":185,"minecraft:diamond_sword":283,"minecraft:cobblestone":64,"minecraft:porkchop":6,"minecraft:grindstone":1,"minecraft:cooked_porkchop":1,"minecraft:andesite":11,"minecraft:bucket":25},"minecraft:crafted":{"minecraft:grindstone":1,"minecraft:oak_door":3,"minecraft:oak_planks":124,"minecraft:cobblestone_slab":12,"minecraft:furnace":3,"minecraft:stone":3,"minecraft:nether_brick":19,"minecraft:cooked_mutton":12,"minecraft:diamond_helmet":1,"minecraft:diamond_leggings":1,"minecraft:stone_pickaxe":2,"minecraft:mossy_cobblestone_slab":6,"minecraft:chest":2,"minecraft:diamond_boots":1,"minecraft:wheat":342,"minecraft:cooked_beef":19,"minecraft:diamond_sword":3,"minecraft:crafting_table":2,"minecraft:wooden_pickaxe":1,"minecraft:iron_sword":1,"minecraft:nether_bricks":4,"minecraft:nether_brick_fence":6,"minecraft:birch_planks":48,"minecraft:stone_axe":3,"minecraft:air":0,"minecraft:bread":116,"minecraft:diamond_pickaxe":4,"minecraft:shield":1,"minecraft:stick":116,"minecraft:stone_slab":12,"minecraft:iron_ingot":25,"minecraft:iron_pickaxe":1,"minecraft:gold_ingot":8,"minecraft:white_bed":1,"minecraft:torch":252,"minecraft:diamond_chestplate":1},"minecraft:dropped":{"minecraft:water_bucket":1,"minecraft:golden_boots":1,"minecraft:bread":1,"minecraft:iron_sword":1,"minecraft:stripped_spruce_log":1,"minecraft:wheat_seeds":4,"minecraft:mossy_cobblestone":2,"minecraft:cobblestone":56,"minecraft:granite":44,"minecraft:leather_helmet":3,"minecraft:flint":4,"minecraft:deepslate_brick_stairs":1,"minecraft:mossy_cobblestone_slab":3,"minecraft:torch":1,"minecraft:crimson_roots":1,"minecraft:iron_leggings":1,"minecraft:oak_stairs":1,"minecraft:iron_pickaxe":1,"minecraft:redstone":203,"minecraft:oak_door":1,"minecraft:gravel":65,"minecraft:stone_axe":1,"minecraft:sugar_cane":105,"minecraft:iron_nugget":2,"minecraft:cobbled_deepslate":18,"minecraft:tuff":162,"minecraft:wheat":2,"minecraft:birch_sapling":1,"minecraft:raw_iron":2,"minecraft:rotten_flesh":595,"minecraft:diamond_sword":1,"minecraft:poppy":1,"minecraft:leather_chestplate":1,"minecraft:diamond_pickaxe":2,"minecraft:leather_boots":2,"minecraft:chainmail_boots":1,"minecraft:oak_sapling":6,"minecraft:leather_leggings":3,"minecraft:spider_eye":1,"minecraft:netherrack":3},"minecraft:picked_up":{"minecraft:crafting_table":15,"minecraft:chainmail_boots":3,"minecraft:chicken":1,"minecraft:nether_brick_fence":10,"minecraft:stone_slab":2,"minecraft:leather_leggings":4,"minecraft:diamond_sword":1,"minecraft:wooden_pickaxe":1,"minecraft:oak_stairs":3,"minecraft:string":13,"minecraft:iron_leggings":2,"minecraft:iron_shovel":4,"minecraft:cobbled_deepslate":2802,"minecraft:spruce_planks":1,"minecraft:beef":39,"minecraft:cobblestone_slab":11,"minecraft:iron_nugget":6,"minecraft:poppy":4,"minecraft:iron_pickaxe":1,"minecraft:sugar_cane":527,"minecraft:chest":3,"minecraft:birch_sapling":3,"minecraft:furnace":2,"minecraft:egg":5,"minecraft:golden_helmet":2,"minecraft:stick":28,"minecraft:raw_iron":27,"minecraft:stone":6,"minecraft:oak_door":6,"minecraft:oak_fence":5,"minecraft:torch":73,"minecraft:porkchop":16,"minecraft:diorite":39,"minecraft:carrot":10,"minecraft:redstone":490,"minecraft:golden_chestplate":1,"minecraft:arrow":3,"minecraft:rotten_flesh":1227,"minecraft:hay_block":41,"minecraft:deepslate_brick_stairs":2,"minecraft:mutton":30,"minecraft:white_wool":17,"minecraft:cobblestone":502,"minecraft:birch_log":12,"minecraft:mossy_cobblestone_slab":9,"minecraft:leather_chestplate":3,"minecraft:feather":2,"minecraft:water_bucket":1,"minecraft:andesite":15,"minecraft:leather":16,"minecraft:golden_leggings":1,"minecraft:potato":6,"minecraft:birch_planks":6,"minecraft:flint":4,"minecraft:tuff":162,"minecraft:oak_log":67,"minecraft:chainmail_chestplate":3,"minecraft:golden_boots":4,"minecraft:gunpowder":5,"minecraft:lapis_lazuli":194,"minecraft:dirt":132,"minecraft:leather_boots":2,"minecraft:cooked_mutton":1,"minecraft:bone":10,"minecraft:wheat_seeds":5,"minecraft:raw_gold":49,"minecraft:iron_ingot":8,"minecraft:stone_pickaxe":2,"minecraft:iron_sword":1,"minecraft:oak_planks":27,"minecraft:soul_sand":3,"minecraft:cooked_porkchop":1,"minecraft:pumpkin":3,"minecraft:quartz":17,"minecraft:gravel":114,"minecraft:sand":8,"minecraft:stripped_spruce_log":1,"minecraft:spruce_sapling":10,"minecraft:white_bed":3,"minecraft:spider_eye":11,"minecraft:mossy_cobblestone":21,"minecraft:leather_helmet":4,"minecraft:diamond":91,"minecraft:stone_axe":1,"minecraft:chainmail_leggings":1,"minecraft:granite":47,"minecraft:spruce_sign":2,"minecraft:bread":27,"minecraft:oak_sapling":16,"minecraft:netherrack":82,"minecraft:black_wool":1,"minecraft:coal":147,"minecraft:crimson_roots":1,"minecraft:diamond_pickaxe":3},"minecraft:killed":{"minecraft:spider":10,"minecraft:skeleton":5,"minecraft:chicken":1,"minecraft:drowned":3,"minecraft:pig":4,"minecraft:hoglin":2,"minecraft:creeper":3,"minecraft:sheep":12,"minecraft:zombie":769,"minecraft:enderman":1,"minecraft:cow":9}},"DataVersion":3953}