{"stats":{"minecraft:broken":{"minecraft:iron_shovel":1,"minecraft:chainmail_boots":1,"minecraft:wooden_pickaxe":1,"minecraft:stone_pickaxe":3,"minecraft:shield":1,"minecraft:diamond_pickaxe":3,"minecraft:stone_axe":1,"minecraft:iron_sword":1,"minecraft:iron_pickaxe":1,"minecraft:fishing_rod":1},"minecraft:mined":{"minecraft:spruce_planks":1,"minecraft:tuff":514,"minecraft:white_bed":4,"minecraft:mossy_cobblestone":21,"minecraft:oak_door":4,"minecraft:deepslate_diamond_ore":63,"minecraft:granite":27,"minecraft:grass_block":10,"minecraft:hay_block":38,"minecraft:oak_trapdoor":2,"minecraft:redstone_ore":1,"minecraft:mossy_cobblestone_slab":7,"minecraft:furnace":2,"minecraft:iron_ore":3,"minecraft:cobbled_deepslate":3,"minecraft:andesite":12,"minecraft:pumpkin":1,"minecraft:deepslate_lapis_ore":23,"minecraft:nether_brick_fence":12,"minecraft:cobblestone_slab":11,"minecraft:deepslate_iron_ore":16,"minecraft:oak_stairs":1,"minecraft:stone":451,"minecraft:deepslate_redstone_ore":147,"minecraft:soul_sand":1,"minecraft:soul_fire":5,"minecraft:oak_fence":5,"minecraft:crafting_table":13,"minecraft:torch":32,"minecraft:short_grass":27,"minecraft:poppy":1,"minecraft:chest":3,"minecraft:stone_slab":4,"minecraft:spruce_wall_sign":1,"minecraft:tall_grass":2,"minecraft:cobblestone":83,"minecraft:deepslate_gold_ore":30,"minecraft:oak_planks":1,"minecraft:sugar_cane":321,"minecraft:wall_torch":39,"minecraft:diorite":39,"minecraft:birch_planks":5,"minecraft:birch_log":12,"minecraft:coal_ore":82,"minecraft:oak_log":58,"minecraft:gravel":91,"minecraft:dirt":17,"minecraft:netherrack":28,"minecraft:oak_leaves":17,"minecraft:deepslate":3350},"minecraft:killed_by":{"minecraft:ghast":1,"minecraft:player":2,"minecraft:zombie":2},"minecraft:custom":{"minecraft:interact_with_anvil":4,"minecraft:mob_kills":1153,"minecraft:interact_with_crafting_table":73,"minecraft:leave_game":12,"minecraft:time_since_death":613636,"minecraft:climb_one_cm":428,"minecraft:sprint_one_cm":1233805,"minecraft:damage_blocked_by_shield":2205,"minecraft:walk_one_cm":1830701,"minecraft:drop":213,"minecraft:play_noteblock":2,"minecraft:talked_to_villager":5,"minecraft:play_time":664431,"minecraft:sneak_time":21368,"minecraft:deaths":5,"minecraft:walk_under_water_one_cm":74006,"minecraft:boat_one_cm":45354,"minecraft:jump":10504,"minecraft:interact_with_blast_furnace":3,"minecraft:walk_on_water_one_cm":224799,"minecraft:enchant_item":40,"minecraft:total_world_time":664431,"minecraft:interact_with_furnace":78,"minecraft:tune_noteblock":1786,"minecraft:interact_with_grindstone":48,"minecraft:sleep_in_bed":17,"minecraft:time_since_rest":19775,"minecraft:damage_taken":6979,"minecraft:damage_dealt":25834,"minecraft:player_kills":1,"minecraft:swim_one_cm":1583,"minecraft:fly_one_cm":1966443,"minecraft:open_chest":285,"minecraft:crouch_one_cm":54321,"minecraft:fall_one_cm":168333,"minecraft:fish_caught":67,"minecraft:interact_with_smoker":7},"minecraft:used":{"minecraft:nether_brick_fence":16,"minecraft:iron_shovel":4,"minecraft:poppy":1,"minecraft:chest":5,"minecraft:shield":48,"minecraft:stone":2,"minecraft:iron_sword":251,"minecraft:rotten_flesh":1,"minecraft:netherrack":4,"minecraft:oak_door":5,"minecraft:torch":314,"minecraft:dirt":47,"minecraft:carrot":2,"minecraft:salmon_bucket":2,"minecraft:granite":3,"minecraft:lava_bucket":3,"minecraft:mossy_cobblestone_slab":12,"minecraft:hay_block":3,"minecraft:furnace":5,"minecraft:egg":4,"minecraft:cooked_beef":19,"minecraft:cobbled_deepslate":57,"minecraft:golden_boots":1,"minecraft:cooked_mutton":13,"minecraft:water_bucket":21,"minecraft:birch_planks":10,"minecraft:stone_pickaxe":314,"minecraft:wooden_pickaxe":38,"minecraft:sugar_cane":43,"minecraft:spruce_sign":2,"minecraft:cobblestone_slab":15,"minecraft:mossy_cobblestone":16,"minecraft:sand":3,"minecraft:crafting_table":14,"minecraft:white_bed":4,"minecraft:black_wool":1,"minecraft:diamond_pickaxe":4385,"minecraft:bread":129,"minecraft:iron_pickaxe":250,"minecraft:stone_slab":14,"minecraft:gravel":49,"minecraft:stone_axe":188,"minecraft:diamond_sword":404,"minecraft:fishing_rod":192,"minecraft:cobblestone":65,"minecraft:porkchop":6,"minecraft:grindstone":2,"minecraft:cooked_porkchop":1,"minecraft:andesite":11,"minecraft:bucket":27,"minecraft:oak_trapdoor":2,"minecraft:oak_fence":4,"minecraft:oak_boat":1},"minecraft:crafted":{"minecraft:grindstone":2,"minecraft:oak_door":3,"minecraft:oak_planks":124,"minecraft:cobblestone_slab":12,"minecraft:fishing_rod":2,"minecraft:furnace":3,"minecraft:stone":3,"minecraft:nether_brick":19,"minecraft:cooked_mutton":12,"minecraft:diamond_helmet":1,"minecraft:diamond_leggings":1,"minecraft:stone_pickaxe":2,"minecraft:mossy_cobblestone_slab":6,"minecraft:chest":2,"minecraft:diamond_boots":1,"minecraft:wheat":342,"minecraft:cooked_beef":19,"minecraft:diamond_sword":3,"minecraft:crafting_table":2,"minecraft:wooden_pickaxe":1,"minecraft:iron_sword":1,"minecraft:nether_bricks":4,"minecraft:nether_brick_fence":6,"minecraft:bucket":1,"minecraft:birch_planks":48,"minecraft:stone_axe":3,"minecraft:air":0,"minecraft:bread":116,"minecraft:oak_boat":1,"minecraft:diamond_pickaxe":4,"minecraft:shield":2,"minecraft:stick":116,"minecraft:stone_slab":24,"minecraft:iron_ingot":25,"minecraft:iron_pickaxe":1,"minecraft:gold_ingot":49,"minecraft:white_bed":1,"minecraft:torch":252,"minecraft:diamond_chestplate":1},"minecraft:dropped":{"minecraft:water_bucket":1,"minecraft:golden_boots":1,"minecraft:bread":1,"minecraft:iron_sword":1,"minecraft:stripped_spruce_log":1,"minecraft:wheat_seeds":5,"minecraft:mossy_cobblestone":2,"minecraft:ender_pearl":2,"minecraft:poisonous_potato":1,"minecraft:feather":8,"minecraft:cobblestone":56,"minecraft:granite":44,"minecraft:tropical_fish":2,"minecraft:chainmail_helmet":1,"minecraft:leather_helmet":3,"minecraft:flint":4,"minecraft:pufferfish":12,"minecraft:dirt":12,"minecraft:deepslate_brick_stairs":1,"minecraft:mossy_cobblestone_slab":4,"minecraft:torch":1,"minecraft:crimson_roots":1,"minecraft:iron_leggings":1,"minecraft:oak_stairs":1,"minecraft:iron_pickaxe":1,"minecraft:iron_shovel":2,"minecraft:chainmail_leggings":3,"minecraft:tripwire_hook":1,"minecraft:fishing_rod":2,"minecraft:bone":1,"minecraft:redstone":203,"minecraft:oak_door":1,"minecraft:gravel":65,"minecraft:stone_axe":1,"minecraft:sugar_cane":105,"minecraft:iron_nugget":2,"minecraft:cobbled_deepslate":18,"minecraft:nether_brick":1,"minecraft:tuff":162,"minecraft:wheat":2,"minecraft:birch_sapling":1,"minecraft:raw_iron":2,"minecraft:chicken":2,"minecraft:rotten_flesh":1362,"minecraft:stone_slab":2,"minecraft:chainmail_chestplate":3,"minecraft:diamond_sword":2,"minecraft:poppy":1,"minecraft:leather_chestplate":13,"minecraft:potato":4,"minecraft:cobblestone_slab":1,"minecraft:stone":3,"minecraft:shield":1,"minecraft:golden_leggings":1,"minecraft:diamond_pickaxe":2,"minecraft:leather_boots":5,"minecraft:oak_sapling":7,"minecraft:chainmail_boots":1,"minecraft:leather_leggings":3,"minecraft:spider_eye":2,"minecraft:netherrack":3},"minecraft:picked_up":{"minecraft:fishing_rod":2,"minecraft:crafting_table":16,"minecraft:chainmail_boots":3,"minecraft:chicken":3,"minecraft:nether_brick_fence":12,"minecraft:leather_leggings":4,"minecraft:stone_slab":4,"minecraft:diamond_sword":2,"minecraft:wooden_pickaxe":1,"minecraft:oak_stairs":3,"minecraft:shield":1,"minecraft:oak_trapdoor":2,"minecraft:string":16,"minecraft:iron_leggings":2,"minecraft:pufferfish":12,"minecraft:iron_shovel":6,"minecraft:cobbled_deepslate":2802,"minecraft:spruce_planks":1,"minecraft:beef":39,"minecraft:oak_boat":1,"minecraft:cobblestone_slab":12,"minecraft:iron_nugget":6,"minecraft:poppy":4,"minecraft:iron_pickaxe":1,"minecraft:sugar_cane":580,"minecraft:chest":3,"minecraft:birch_sapling":3,"minecraft:egg":5,"minecraft:phantom_membrane":9,"minecraft:furnace":2,"minecraft:golden_helmet":2,"minecraft:raw_iron":27,"minecraft:stick":29,"minecraft:stone":14,"minecraft:oak_door":6,"minecraft:oak_fence":5,"minecraft:torch":82,"minecraft:porkchop":17,"minecraft:diorite":39,"minecraft:carrot":17,"minecraft:redstone":490,"minecraft:golden_chestplate":2,"minecraft:arrow":6,"minecraft:rotten_flesh":1751,"minecraft:tropical_fish":2,"minecraft:hay_block":41,"minecraft:saddle":1,"minecraft:deepslate_brick_stairs":2,"minecraft:mutton":30,"minecraft:cod":34,"minecraft:white_wool":17,"minecraft:cobblestone":503,"minecraft:birch_log":12,"minecraft:mossy_cobblestone_slab":10,"minecraft:leather_chestplate":13,"minecraft:feather":14,"minecraft:andesite":16,"minecraft:tripwire_hook":1,"minecraft:water_bucket":1,"minecraft:salmon":17,"minecraft:leather":16,"minecraft:golden_leggings":4,"minecraft:potato":10,"minecraft:birch_planks":6,"minecraft:flint":4,"minecraft:tuff":162,"minecraft:oak_log":67,"minecraft:chainmail_chestplate":5,"minecraft:golden_boots":4,"minecraft:gunpowder":12,"minecraft:lapis_lazuli":194,"minecraft:dirt":144,"minecraft:name_tag":1,"minecraft:cooked_mutton":1,"minecraft:leather_boots":5,"minecraft:bone":16,"minecraft:bow":1,"minecraft:wheat_seeds":6,"minecraft:raw_gold":49,"minecraft:iron_ingot":9,"minecraft:stone_pickaxe":2,"minecraft:oak_planks":27,"minecraft:iron_sword":1,"minecraft:soul_sand":3,"minecraft:cooked_porkchop":1,"minecraft:pumpkin":3,"minecraft:quartz":17,"minecraft:poisonous_potato":1,"minecraft:gravel":114,"minecraft:sand":25,"minecraft:stripped_spruce_log":1,"minecraft:spruce_sapling":10,"minecraft:ink_sac":5,"minecraft:white_bed":3,"minecraft:spider_eye":12,"minecraft:mossy_cobblestone":21,"minecraft:leather_helmet":4,"minecraft:diamond":91,"minecraft:stone_axe":1,"minecraft:chainmail_leggings":3,"minecraft:granite":47,"minecraft:spruce_sign":2,"minecraft:chainmail_helmet":1,"minecraft:bread":27,"minecraft:oak_sapling":17,"minecraft:netherrack":82,"minecraft:black_wool":1,"minecraft:coal":147,"minecraft:crimson_roots":1,"minecraft:diamond_pickaxe":3,"minecraft:ender_pearl":3},"minecraft:killed":{"minecraft:spider":12,"minecraft:phantom":5,"minecraft:skeleton":7,"minecraft:chicken":2,"minecraft:drowned":3,"minecraft:pig":5,"minecraft:hoglin":2,"minecraft:creeper":5,"minecraft:squid":1,"minecraft:sheep":12,"minecraft:zombie":1082,"minecraft:enderman":2,"minecraft:cow":9}},"DataVersion":3953}