{"stats":{"minecraft:crafted":{"minecraft:grindstone":2,"minecraft:smooth_stone":2,"minecraft:oak_planks":176,"minecraft:cobblestone_slab":12,"minecraft:oak_sign":9,"minecraft:stone":3,"minecraft:nether_brick":19,"minecraft:cooked_mutton":18,"minecraft:glass":64,"minecraft:diamond_helmet":1,"minecraft:diamond_leggings":1,"minecraft:bow":3,"minecraft:mossy_cobblestone_slab":6,"minecraft:chest":4,"minecraft:cooked_porkchop":9,"minecraft:crafting_table":2,"minecraft:spruce_planks":8,"minecraft:wooden_pickaxe":1,"minecraft:nether_brick_fence":6,"minecraft:birch_planks":48,"minecraft:diamond_pickaxe":4,"minecraft:shield":3,"minecraft:stick":132,"minecraft:stone_slab":24,"minecraft:iron_ingot":25,"minecraft:iron_pickaxe":1,"minecraft:gold_ingot":69,"minecraft:oak_door":3,"minecraft:fishing_rod":2,"minecraft:furnace":3,"minecraft:stone_pickaxe":2,"minecraft:diamond_boots":1,"minecraft:wheat":441,"minecraft:cooked_beef":19,"minecraft:diamond_sword":3,"minecraft:iron_sword":1,"minecraft:nether_bricks":4,"minecraft:bucket":1,"minecraft:stone_axe":3,"minecraft:bread":149,"minecraft:air":0,"minecraft:oak_boat":1,"minecraft:white_bed":1,"minecraft:note_block":5,"minecraft:torch":252,"minecraft:diamond_chestplate":1},"minecraft:broken":{"minecraft:iron_shovel":1,"minecraft:chainmail_boots":1,"minecraft:stone_pickaxe":3,"minecraft:diamond_pickaxe":3,"minecraft:stone_axe":1,"minecraft:iron_sword":1,"minecraft:fishing_rod":2,"minecraft:wooden_pickaxe":1,"minecraft:shield":1,"minecraft:iron_pickaxe":1},"minecraft:mined":{"minecraft:spruce_planks":1,"minecraft:white_bed":4,"minecraft:granite":27,"minecraft:grass_block":10,"minecraft:magma_block":67,"minecraft:mossy_cobblestone_slab":7,"minecraft:iron_ore":3,"minecraft:cobbled_deepslate":3,"minecraft:turtle_egg":1,"minecraft:pumpkin":1,"minecraft:deepslate_lapis_ore":23,"minecraft:oak_stairs":1,"minecraft:deepslate_redstone_ore":147,"minecraft:blackstone":7,"minecraft:soul_fire":5,"minecraft:torch":33,"minecraft:note_block":5,"minecraft:poppy":2,"minecraft:chest":3,"minecraft:spruce_wall_sign":1,"minecraft:glass":2,"minecraft:nether_quartz_ore":123,"minecraft:cobblestone":86,"minecraft:sugar_cane":321,"minecraft:oak_planks":1,"minecraft:wall_torch":41,"minecraft:birch_log":12,"minecraft:oak_log":58,"minecraft:dirt":20,"minecraft:netherrack":3183,"minecraft:oak_leaves":20,"minecraft:deepslate":3350,"minecraft:nether_gold_ore":20,"minecraft:tuff":514,"minecraft:mossy_cobblestone":21,"minecraft:deepslate_diamond_ore":63,"minecraft:oak_door":4,"minecraft:hay_block":49,"minecraft:redstone_ore":1,"minecraft:oak_trapdoor":2,"minecraft:furnace":2,"minecraft:andesite":14,"minecraft:nether_brick_fence":12,"minecraft:deepslate_iron_ore":16,"minecraft:cobblestone_slab":11,"minecraft:stone":457,"minecraft:glass_pane":2,"minecraft:soul_sand":1,"minecraft:oak_fence":5,"minecraft:crafting_table":14,"minecraft:short_grass":49,"minecraft:stone_slab":4,"minecraft:tall_grass":2,"minecraft:deepslate_gold_ore":30,"minecraft:diorite":39,"minecraft:birch_planks":5,"minecraft:white_wall_banner":3,"minecraft:coal_ore":82,"minecraft:gravel":91},"minecraft:dropped":{"minecraft:iron_sword":1,"minecraft:ender_pearl":2,"minecraft:leather":1,"minecraft:leather_helmet":3,"minecraft:cod":7,"minecraft:flint":4,"minecraft:dirt":12,"minecraft:crimson_roots":1,"minecraft:iron_pickaxe":1,"minecraft:fishing_rod":3,"minecraft:bone":1,"minecraft:oak_door":1,"minecraft:gravel":65,"minecraft:stone_axe":1,"minecraft:sugar_cane":105,"minecraft:iron_nugget":2,"minecraft:cobbled_deepslate":18,"minecraft:nether_brick":1,"minecraft:birch_sapling":1,"minecraft:wheat":2,"minecraft:rotten_flesh":1405,"minecraft:salmon":2,"minecraft:carrot":6,"minecraft:chainmail_chestplate":3,"minecraft:poppy":1,"minecraft:leather_chestplate":13,"minecraft:leather_boots":5,"minecraft:chainmail_boots":1,"minecraft:leather_leggings":3,"minecraft:glass":65,"minecraft:netherrack":394,"minecraft:golden_boots":1,"minecraft:water_bucket":1,"minecraft:bread":1,"minecraft:stripped_spruce_log":1,"minecraft:wheat_seeds":12,"minecraft:mossy_cobblestone":2,"minecraft:poisonous_potato":1,"minecraft:feather":8,"minecraft:cobblestone":57,"minecraft:granite":44,"minecraft:tropical_fish":6,"minecraft:chainmail_helmet":1,"minecraft:pufferfish":15,"minecraft:deepslate_brick_stairs":1,"minecraft:mossy_cobblestone_slab":4,"minecraft:torch":1,"minecraft:iron_leggings":1,"minecraft:oak_stairs":1,"minecraft:chainmail_leggings":3,"minecraft:iron_shovel":2,"minecraft:tripwire_hook":1,"minecraft:dandelion":1,"minecraft:redstone":203,"minecraft:tuff":162,"minecraft:raw_iron":2,"minecraft:chicken":2,"minecraft:stone_slab":2,"minecraft:oak_sign":3,"minecraft:diamond_sword":2,"minecraft:potato":4,"minecraft:cobblestone_slab":1,"minecraft:stone":3,"minecraft:shield":1,"minecraft:diamond_pickaxe":2,"minecraft:golden_leggings":1,"minecraft:oak_sapling":7,"minecraft:spider_eye":7},"minecraft:custom":{"minecraft:interact_with_crafting_table":86,"minecraft:leave_game":14,"minecraft:time_since_death":739090,"minecraft:sprint_one_cm":1541650,"minecraft:damage_blocked_by_shield":2880,"minecraft:drop":247,"minecraft:play_noteblock":342,"minecraft:talked_to_villager":5,"minecraft:play_time":789885,"minecraft:deaths":5,"minecraft:jump":12658,"minecraft:interact_with_brewingstand":1,"minecraft:walk_on_water_one_cm":232789,"minecraft:enchant_item":43,"minecraft:interact_with_furnace":103,"minecraft:sleep_in_bed":24,"minecraft:damage_dealt":32988,"minecraft:player_kills":1,"minecraft:crouch_one_cm":76273,"minecraft:interact_with_smoker":10,"minecraft:inspect_dispenser":3,"minecraft:mob_kills":1234,"minecraft:interact_with_anvil":8,"minecraft:climb_one_cm":428,"minecraft:walk_one_cm":2245473,"minecraft:sneak_time":27076,"minecraft:walk_under_water_one_cm":82340,"minecraft:boat_one_cm":45354,"minecraft:interact_with_blast_furnace":6,"minecraft:total_world_time":789885,"minecraft:tune_noteblock":2676,"minecraft:interact_with_stonecutter":1,"minecraft:interact_with_grindstone":50,"minecraft:time_since_rest":57395,"minecraft:damage_taken":7840,"minecraft:swim_one_cm":1583,"minecraft:fly_one_cm":2455277,"minecraft:open_chest":350,"minecraft:fish_caught":96,"minecraft:fall_one_cm":210785},"minecraft:killed":{"minecraft:spider":17,"minecraft:skeleton":12,"minecraft:chicken":3,"minecraft:pig":5,"minecraft:zombie_villager":1,"minecraft:creeper":7,"minecraft:sheep":12,"minecraft:pillager":10,"minecraft:zombie":1136,"minecraft:cow":9,"minecraft:phantom":5,"minecraft:drowned":3,"minecraft:hoglin":2,"minecraft:squid":1,"minecraft:enderman":3},"minecraft:picked_up":{"minecraft:chainmail_boots":3,"minecraft:nether_brick_fence":12,"minecraft:stone_slab":4,"minecraft:diamond_sword":2,"minecraft:oak_stairs":3,"minecraft:potion":3,"minecraft:turtle_egg":1,"minecraft:string":30,"minecraft:iron_leggings":2,"minecraft:pufferfish":15,"minecraft:cobbled_deepslate":2802,"minecraft:spruce_planks":1,"minecraft:cobblestone_slab":12,"minecraft:iron_pickaxe":1,"minecraft:furnace":2,"minecraft:golden_helmet":2,"minecraft:stick":29,"minecraft:oak_fence":5,"minecraft:torch":84,"minecraft:porkchop":17,"minecraft:diorite":39,"minecraft:golden_chestplate":2,"minecraft:nether_gold_ore":20,"minecraft:rotten_flesh":1896,"minecraft:tropical_fish":6,"minecraft:deepslate_brick_stairs":2,"minecraft:cod":52,"minecraft:cobblestone":507,"minecraft:nautilus_shell":1,"minecraft:birch_log":12,"minecraft:leather_chestplate":13,"minecraft:magma_block":12,"minecraft:mossy_cobblestone_slab":10,"minecraft:feather":17,"minecraft:water_bucket":1,"minecraft:andesite":17,"minecraft:golden_leggings":4,"minecraft:potato":10,"minecraft:flint":4,"minecraft:tuff":162,"minecraft:lapis_lazuli":194,"minecraft:dirt":173,"minecraft:name_tag":1,"minecraft:leather_boots":6,"minecraft:glass":2,"minecraft:bone":27,"minecraft:bow":2,"minecraft:wheat_seeds":13,"minecraft:raw_gold":49,"minecraft:oak_planks":27,"minecraft:cooked_porkchop":1,"minecraft:poisonous_potato":1,"minecraft:sand":25,"minecraft:stripped_spruce_log":1,"minecraft:ink_sac":5,"minecraft:mossy_cobblestone":21,"minecraft:diamond":91,"minecraft:granite":47,"minecraft:spruce_sign":2,"minecraft:chainmail_helmet":1,"minecraft:bread":27,"minecraft:oak_sapling":17,"minecraft:netherrack":414,"minecraft:crimson_roots":1,"minecraft:diamond_pickaxe":3,"minecraft:fishing_rod":3,"minecraft:crafting_table":17,"minecraft:ominous_bottle":1,"minecraft:chicken":4,"minecraft:nether_wart":1,"minecraft:leather_leggings":5,"minecraft:wooden_pickaxe":1,"minecraft:shield":1,"minecraft:oak_trapdoor":2,"minecraft:iron_shovel":6,"minecraft:glass_pane":2,"minecraft:beef":39,"minecraft:oak_boat":1,"minecraft:poppy":5,"minecraft:iron_nugget":6,"minecraft:sugar_cane":580,"minecraft:chest":3,"minecraft:birch_sapling":3,"minecraft:phantom_membrane":9,"minecraft:egg":5,"minecraft:raw_iron":27,"minecraft:stone":21,"minecraft:oak_door":6,"minecraft:note_block":5,"minecraft:carrot":29,"minecraft:redstone":490,"minecraft:arrow":21,"minecraft:hay_block":52,"minecraft:saddle":1,"minecraft:mutton":30,"minecraft:white_wool":17,"minecraft:tripwire_hook":1,"minecraft:salmon":21,"minecraft:leather":17,"minecraft:birch_planks":6,"minecraft:oak_log":67,"minecraft:chainmail_chestplate":5,"minecraft:golden_boots":4,"minecraft:gunpowder":16,"minecraft:white_banner":3,"minecraft:cooked_mutton":1,"minecraft:iron_ingot":10,"minecraft:stone_pickaxe":2,"minecraft:soul_sand":3,"minecraft:iron_sword":1,"minecraft:nether_quartz_ore":3,"minecraft:pumpkin":3,"minecraft:quartz":259,"minecraft:dandelion":1,"minecraft:gravel":114,"minecraft:spruce_sapling":10,"minecraft:white_bed":5,"minecraft:spruce_log":2,"minecraft:spider_eye":17,"minecraft:leather_helmet":5,"minecraft:stone_axe":1,"minecraft:chainmail_leggings":3,"minecraft:black_wool":1,"minecraft:coal":147,"minecraft:ender_pearl":3},"minecraft:killed_by":{"minecraft:ghast":1,"minecraft:zombie":2,"minecraft:player":2},"minecraft:used":{"minecraft:nether_brick_fence":16,"minecraft:iron_shovel":4,"minecraft:poppy":2,"minecraft:chest":7,"minecraft:shield":59,"minecraft:stone":2,"minecraft:iron_sword":251,"minecraft:rotten_flesh":1,"minecraft:carrot":13,"minecraft:glass":1,"minecraft:lava_bucket":3,"minecraft:mossy_cobblestone_slab":12,"minecraft:bow":1,"minecraft:hay_block":3,"minecraft:furnace":5,"minecraft:egg":4,"minecraft:golden_boots":1,"minecraft:stone_pickaxe":314,"minecraft:wooden_pickaxe":38,"minecraft:sugar_cane":43,"minecraft:sand":3,"minecraft:note_block":10,"minecraft:bread":163,"minecraft:gravel":49,"minecraft:diamond_sword":508,"minecraft:grindstone":2,"minecraft:andesite":12,"minecraft:oak_boat":1,"minecraft:experience_bottle":2,"minecraft:oak_fence":4,"minecraft:oak_trapdoor":2,"minecraft:netherrack":102,"minecraft:oak_door":5,"minecraft:torch":324,"minecraft:dirt":76,"minecraft:nether_quartz_ore":3,"minecraft:salmon_bucket":2,"minecraft:granite":3,"minecraft:goat_horn":6,"minecraft:cooked_beef":19,"minecraft:cobbled_deepslate":57,"minecraft:cooked_mutton":13,"minecraft:water_bucket":21,"minecraft:birch_planks":10,"minecraft:spruce_sign":2,"minecraft:cobblestone_slab":15,"minecraft:mossy_cobblestone":16,"minecraft:crafting_table":16,"minecraft:white_bed":6,"minecraft:black_wool":1,"minecraft:diamond_pickaxe":7774,"minecraft:iron_pickaxe":250,"minecraft:stone_slab":14,"minecraft:stone_axe":197,"minecraft:fishing_rod":338,"minecraft:cobblestone":67,"minecraft:porkchop":6,"minecraft:cooked_porkchop":1,"minecraft:bucket":28,"minecraft:glass_pane":2}},"DataVersion":3953}