{"stats":{"minecraft:used":{"minecraft:water_bucket":7,"minecraft:iron_shovel":4,"minecraft:stone_pickaxe":314,"minecraft:wooden_pickaxe":38,"minecraft:sugar_cane":2,"minecraft:rotten_flesh":1,"minecraft:torch":25,"minecraft:sand":3,"minecraft:crafting_table":6,"minecraft:white_bed":3,"minecraft:granite":3,"minecraft:diamond_pickaxe":6,"minecraft:black_wool":1,"minecraft:bread":45,"minecraft:iron_pickaxe":17,"minecraft:mossy_cobblestone_slab":1,"minecraft:gravel":1,"minecraft:stone_axe":70,"minecraft:cobblestone":7,"minecraft:furnace":2,"minecraft:porkchop":1,"minecraft:andesite":10,"minecraft:bucket":7,"minecraft:egg":1},"minecraft:picked_up":{"minecraft:crafting_table":8,"minecraft:water_bucket":1,"minecraft:andesite":10,"minecraft:leather":14,"minecraft:wooden_pickaxe":1,"minecraft:oak_stairs":3,"minecraft:oak_log":28,"minecraft:dirt":49,"minecraft:iron_shovel":2,"minecraft:bone":4,"minecraft:spruce_planks":1,"minecraft:beef":38,"minecraft:stone_pickaxe":2,"minecraft:poppy":3,"minecraft:iron_nugget":6,"minecraft:chest":2,"minecraft:sugar_cane":168,"minecraft:oak_planks":27,"minecraft:soul_sand":2,"minecraft:furnace":2,"minecraft:egg":2,"minecraft:raw_iron":3,"minecraft:stick":17,"minecraft:pumpkin":3,"minecraft:torch":15,"minecraft:gravel":1,"minecraft:porkchop":3,"minecraft:sand":8,"minecraft:stripped_spruce_log":1,"minecraft:spruce_sapling":10,"minecraft:white_bed":3,"minecraft:spider_eye":2,"minecraft:mossy_cobblestone":19,"minecraft:rotten_flesh":20,"minecraft:stone_axe":1,"minecraft:hay_block":7,"minecraft:granite":20,"minecraft:bread":27,"minecraft:netherrack":3,"minecraft:oak_sapling":6,"minecraft:deepslate_brick_stairs":2,"minecraft:black_wool":1,"minecraft:mutton":24,"minecraft:coal":106,"minecraft:white_wool":12,"minecraft:cobblestone":234,"minecraft:diamond_pickaxe":1},"minecraft:dropped":{"minecraft:bread":1,"minecraft:stripped_spruce_log":1,"minecraft:sugar_cane":105,"minecraft:iron_nugget":2,"minecraft:wheat":2,"minecraft:cobblestone":56,"minecraft:poppy":1,"minecraft:deepslate_brick_stairs":1,"minecraft:oak_sapling":3,"minecraft:oak_stairs":1,"minecraft:spider_eye":1,"minecraft:netherrack":3},"minecraft:killed":{"minecraft:pig":1,"minecraft:spider":2,"minecraft:sheep":7,"minecraft:skeleton":1,"minecraft:zombie":6,"minecraft:cow":8},"minecraft:custom":{"minecraft:interact_with_furnace":20,"minecraft:mob_kills":28,"minecraft:interact_with_crafting_table":11,"minecraft:time_since_death":32971,"minecraft:sleep_in_bed":5,"minecraft:climb_one_cm":428,"minecraft:time_since_rest":33025,"minecraft:sprint_one_cm":258850,"minecraft:damage_taken":3176,"minecraft:walk_one_cm":240841,"minecraft:drop":15,"minecraft:damage_dealt":3932,"minecraft:swim_one_cm":304,"minecraft:fly_one_cm":479708,"minecraft:open_chest":42,"minecraft:crouch_one_cm":6211,"minecraft:play_time":83766,"minecraft:deaths":5,"minecraft:sneak_time":1931,"minecraft:walk_under_water_one_cm":5253,"minecraft:jump":2220,"minecraft:interact_with_blast_furnace":1,"minecraft:walk_on_water_one_cm":73214,"minecraft:total_world_time":83766,"minecraft:interact_with_smoker":1,"minecraft:fall_one_cm":58212},"minecraft:mined":{"minecraft:spruce_planks":1,"minecraft:white_bed":4,"minecraft:mossy_cobblestone":19,"minecraft:soul_fire":5,"minecraft:crafting_table":5,"minecraft:torch":3,"minecraft:granite":22,"minecraft:short_grass":11,"minecraft:grass_block":1,"minecraft:poppy":1,"minecraft:chest":2,"minecraft:cobblestone":50,"minecraft:sugar_cane":99,"minecraft:oak_planks":1,"minecraft:wall_torch":6,"minecraft:hay_block":7,"minecraft:furnace":2,"minecraft:iron_ore":3,"minecraft:andesite":7,"minecraft:pumpkin":1,"minecraft:oak_log":19,"minecraft:coal_ore":62,"minecraft:oak_stairs":1,"minecraft:gravel":1,"minecraft:stone":170,"minecraft:netherrack":17,"minecraft:oak_leaves":7},"minecraft:killed_by":{"minecraft:ghast":1,"minecraft:player":2,"minecraft:zombie":2},"minecraft:crafted":{"minecraft:cooked_beef":19,"minecraft:oak_planks":72,"minecraft:crafting_table":2,"minecraft:wooden_pickaxe":1,"minecraft:furnace":1,"minecraft:stone_axe":1,"minecraft:cooked_mutton":12,"minecraft:air":0,"minecraft:bread":23,"minecraft:stick":8,"minecraft:mossy_cobblestone_slab":6,"minecraft:iron_pickaxe":1,"minecraft:iron_ingot":3,"minecraft:stone_pickaxe":2,"minecraft:torch":24,"minecraft:wheat":63},"minecraft:broken":{"minecraft:stone_pickaxe":3,"minecraft:iron_shovel":1,"minecraft:wooden_pickaxe":1}},"DataVersion":3953}