{"stats":{"minecraft:used":{"minecraft:oak_fence":2,"minecraft:iron_shovel":4,"minecraft:chest":2,"minecraft:iron_sword":5,"minecraft:rotten_flesh":1,"minecraft:torch":77,"minecraft:granite":3,"minecraft:lava_bucket":3,"minecraft:mossy_cobblestone_slab":9,"minecraft:furnace":3,"minecraft:egg":2,"minecraft:cooked_beef":3,"minecraft:cobbled_deepslate":5,"minecraft:water_bucket":21,"minecraft:stone_pickaxe":314,"minecraft:wooden_pickaxe":38,"minecraft:spruce_sign":2,"minecraft:sugar_cane":7,"minecraft:mossy_cobblestone":16,"minecraft:sand":3,"minecraft:crafting_table":8,"minecraft:white_bed":4,"minecraft:diamond_pickaxe":127,"minecraft:black_wool":1,"minecraft:bread":56,"minecraft:iron_pickaxe":250,"minecraft:gravel":10,"minecraft:stone_axe":82,"minecraft:cobblestone":47,"minecraft:cooked_porkchop":1,"minecraft:porkchop":1,"minecraft:bucket":25,"minecraft:andesite":11},"minecraft:picked_up":{"minecraft:crafting_table":10,"minecraft:wooden_pickaxe":1,"minecraft:oak_stairs":3,"minecraft:iron_shovel":2,"minecraft:cobbled_deepslate":138,"minecraft:spruce_planks":1,"minecraft:beef":38,"minecraft:iron_nugget":6,"minecraft:poppy":3,"minecraft:iron_pickaxe":1,"minecraft:sugar_cane":336,"minecraft:chest":2,"minecraft:egg":3,"minecraft:furnace":2,"minecraft:stick":17,"minecraft:raw_iron":11,"minecraft:oak_fence":2,"minecraft:torch":23,"minecraft:porkchop":3,"minecraft:diorite":39,"minecraft:redstone":72,"minecraft:rotten_flesh":30,"minecraft:hay_block":7,"minecraft:deepslate_brick_stairs":2,"minecraft:mutton":24,"minecraft:cobblestone":336,"minecraft:white_wool":12,"minecraft:mossy_cobblestone_slab":6,"minecraft:water_bucket":1,"minecraft:andesite":11,"minecraft:leather":14,"minecraft:tuff":1,"minecraft:oak_log":28,"minecraft:gunpowder":2,"minecraft:dirt":54,"minecraft:cooked_mutton":1,"minecraft:bone":4,"minecraft:raw_gold":1,"minecraft:stone_pickaxe":2,"minecraft:soul_sand":2,"minecraft:oak_planks":27,"minecraft:cooked_porkchop":1,"minecraft:pumpkin":3,"minecraft:gravel":10,"minecraft:sand":8,"minecraft:stripped_spruce_log":1,"minecraft:spruce_sapling":10,"minecraft:white_bed":3,"minecraft:spider_eye":2,"minecraft:mossy_cobblestone":21,"minecraft:stone_axe":1,"minecraft:granite":47,"minecraft:spruce_sign":2,"minecraft:bread":27,"minecraft:oak_sapling":6,"minecraft:black_wool":1,"minecraft:netherrack":3,"minecraft:coal":106,"minecraft:diamond_pickaxe":1},"minecraft:dropped":{"minecraft:bread":1,"minecraft:stripped_spruce_log":1,"minecraft:mossy_cobblestone":2,"minecraft:cobblestone":56,"minecraft:granite":44,"minecraft:deepslate_brick_stairs":1,"minecraft:mossy_cobblestone_slab":3,"minecraft:torch":1,"minecraft:oak_stairs":1,"minecraft:iron_pickaxe":1,"minecraft:sugar_cane":105,"minecraft:iron_nugget":2,"minecraft:wheat":2,"minecraft:rotten_flesh":2,"minecraft:poppy":1,"minecraft:oak_sapling":3,"minecraft:spider_eye":1,"minecraft:netherrack":3},"minecraft:killed":{"minecraft:spider":2,"minecraft:skeleton":1,"minecraft:pig":1,"minecraft:creeper":1,"minecraft:sheep":7,"minecraft:zombie":14,"minecraft:cow":8},"minecraft:custom":{"minecraft:mob_kills":38,"minecraft:interact_with_crafting_table":18,"minecraft:time_since_death":92971,"minecraft:climb_one_cm":428,"minecraft:sprint_one_cm":348097,"minecraft:walk_one_cm":394832,"minecraft:drop":23,"minecraft:play_time":143766,"minecraft:deaths":5,"minecraft:sneak_time":5135,"minecraft:walk_under_water_one_cm":68627,"minecraft:jump":2979,"minecraft:interact_with_blast_furnace":1,"minecraft:walk_on_water_one_cm":141435,"minecraft:total_world_time":143766,"minecraft:interact_with_furnace":27,"minecraft:sleep_in_bed":6,"minecraft:time_since_rest":8591,"minecraft:damage_taken":3827,"minecraft:damage_dealt":5226,"minecraft:fly_one_cm":576830,"minecraft:swim_one_cm":304,"minecraft:player_kills":1,"minecraft:open_chest":56,"minecraft:crouch_one_cm":10165,"minecraft:interact_with_smoker":1,"minecraft:fall_one_cm":74261},"minecraft:mined":{"minecraft:tuff":1,"minecraft:spruce_planks":1,"minecraft:white_bed":4,"minecraft:mossy_cobblestone":21,"minecraft:granite":27,"minecraft:grass_block":1,"minecraft:hay_block":7,"minecraft:redstone_ore":1,"minecraft:mossy_cobblestone_slab":3,"minecraft:furnace":2,"minecraft:iron_ore":3,"minecraft:andesite":7,"minecraft:pumpkin":1,"minecraft:deepslate_iron_ore":8,"minecraft:cobblestone_slab":1,"minecraft:oak_stairs":1,"minecraft:stone":254,"minecraft:deepslate_redstone_ore":17,"minecraft:soul_fire":5,"minecraft:oak_fence":2,"minecraft:crafting_table":7,"minecraft:torch":3,"minecraft:short_grass":12,"minecraft:poppy":1,"minecraft:chest":2,"minecraft:spruce_wall_sign":1,"minecraft:cobblestone":74,"minecraft:deepslate_gold_ore":1,"minecraft:oak_planks":1,"minecraft:sugar_cane":191,"minecraft:diorite":39,"minecraft:wall_torch":9,"minecraft:coal_ore":62,"minecraft:oak_log":19,"minecraft:gravel":10,"minecraft:dirt":5,"minecraft:netherrack":17,"minecraft:oak_leaves":7,"minecraft:deepslate":144},"minecraft:crafted":{"minecraft:oak_planks":72,"minecraft:cobblestone_slab":6,"minecraft:furnace":2,"minecraft:cooked_mutton":12,"minecraft:stone_pickaxe":2,"minecraft:mossy_cobblestone_slab":6,"minecraft:wheat":63,"minecraft:cooked_beef":19,"minecraft:crafting_table":2,"minecraft:wooden_pickaxe":1,"minecraft:iron_sword":1,"minecraft:stone_axe":1,"minecraft:bread":23,"minecraft:air":0,"minecraft:shield":1,"minecraft:stick":36,"minecraft:iron_ingot":7,"minecraft:iron_pickaxe":1,"minecraft:white_bed":1,"minecraft:torch":84},"minecraft:killed_by":{"minecraft:ghast":1,"minecraft:player":2,"minecraft:zombie":2},"minecraft:broken":{"minecraft:iron_shovel":1,"minecraft:wooden_pickaxe":1,"minecraft:stone_pickaxe":3,"minecraft:stone_axe":1,"minecraft:iron_pickaxe":1}},"DataVersion":3953}