{"stats":{"minecraft:crafted":{"minecraft:grindstone":1,"minecraft:oak_door":3,"minecraft:oak_planks":124,"minecraft:cobblestone_slab":12,"minecraft:furnace":3,"minecraft:stone":3,"minecraft:cooked_mutton":12,"minecraft:stone_pickaxe":2,"minecraft:mossy_cobblestone_slab":6,"minecraft:chest":2,"minecraft:wheat":63,"minecraft:cooked_beef":19,"minecraft:crafting_table":2,"minecraft:wooden_pickaxe":1,"minecraft:iron_sword":1,"minecraft:birch_planks":48,"minecraft:stone_axe":2,"minecraft:air":0,"minecraft:bread":23,"minecraft:diamond_pickaxe":2,"minecraft:shield":1,"minecraft:stick":112,"minecraft:stone_slab":6,"minecraft:iron_pickaxe":1,"minecraft:iron_ingot":11,"minecraft:white_bed":1,"minecraft:torch":228},"minecraft:picked_up":{"minecraft:crafting_table":11,"minecraft:chicken":1,"minecraft:wooden_pickaxe":1,"minecraft:oak_stairs":3,"minecraft:iron_leggings":1,"minecraft:iron_shovel":2,"minecraft:cobbled_deepslate":1549,"minecraft:spruce_planks":1,"minecraft:beef":38,"minecraft:iron_nugget":6,"minecraft:poppy":3,"minecraft:iron_pickaxe":1,"minecraft:sugar_cane":338,"minecraft:chest":3,"minecraft:birch_sapling":3,"minecraft:furnace":2,"minecraft:egg":5,"minecraft:golden_helmet":2,"minecraft:stick":28,"minecraft:raw_iron":13,"minecraft:oak_door":2,"minecraft:oak_fence":2,"minecraft:torch":59,"minecraft:porkchop":3,"minecraft:diorite":39,"minecraft:carrot":3,"minecraft:redstone":290,"minecraft:rotten_flesh":177,"minecraft:hay_block":10,"minecraft:deepslate_brick_stairs":2,"minecraft:mutton":24,"minecraft:cobblestone":344,"minecraft:white_wool":12,"minecraft:birch_log":12,"minecraft:leather_chestplate":1,"minecraft:mossy_cobblestone_slab":6,"minecraft:feather":2,"minecraft:water_bucket":1,"minecraft:andesite":13,"minecraft:leather":14,"minecraft:golden_leggings":1,"minecraft:flint":1,"minecraft:tuff":86,"minecraft:oak_log":67,"minecraft:golden_boots":1,"minecraft:gunpowder":2,"minecraft:lapis_lazuli":110,"minecraft:dirt":70,"minecraft:cooked_mutton":1,"minecraft:bone":4,"minecraft:wheat_seeds":2,"minecraft:raw_gold":12,"minecraft:iron_ingot":2,"minecraft:stone_pickaxe":2,"minecraft:oak_planks":27,"minecraft:soul_sand":2,"minecraft:cooked_porkchop":1,"minecraft:pumpkin":3,"minecraft:gravel":79,"minecraft:sand":8,"minecraft:stripped_spruce_log":1,"minecraft:spruce_sapling":10,"minecraft:white_bed":3,"minecraft:leather_helmet":1,"minecraft:spider_eye":2,"minecraft:mossy_cobblestone":21,"minecraft:diamond":30,"minecraft:stone_axe":1,"minecraft:granite":47,"minecraft:spruce_sign":2,"minecraft:bread":27,"minecraft:oak_sapling":16,"minecraft:netherrack":3,"minecraft:black_wool":1,"minecraft:coal":106,"minecraft:diamond_pickaxe":2},"minecraft:custom":{"minecraft:mob_kills":178,"minecraft:interact_with_crafting_table":33,"minecraft:leave_game":2,"minecraft:time_since_death":215986,"minecraft:climb_one_cm":428,"minecraft:sprint_one_cm":563844,"minecraft:walk_one_cm":805434,"minecraft:damage_blocked_by_shield":135,"minecraft:drop":40,"minecraft:play_time":266781,"minecraft:deaths":5,"minecraft:sneak_time":8516,"minecraft:walk_under_water_one_cm":69562,"minecraft:jump":4763,"minecraft:interact_with_blast_furnace":1,"minecraft:walk_on_water_one_cm":148697,"minecraft:enchant_item":8,"minecraft:total_world_time":266781,"minecraft:interact_with_furnace":36,"minecraft:interact_with_grindstone":9,"minecraft:sleep_in_bed":8,"minecraft:time_since_rest":9426,"minecraft:damage_taken":4515,"minecraft:damage_dealt":8098,"minecraft:swim_one_cm":304,"minecraft:fly_one_cm":848102,"minecraft:player_kills":1,"minecraft:open_chest":123,"minecraft:crouch_one_cm":18861,"minecraft:interact_with_smoker":2,"minecraft:fall_one_cm":88490},"minecraft:broken":{"minecraft:iron_shovel":1,"minecraft:chainmail_boots":1,"minecraft:wooden_pickaxe":1,"minecraft:stone_pickaxe":3,"minecraft:diamond_pickaxe":2,"minecraft:stone_axe":1,"minecraft:iron_pickaxe":1},"minecraft:mined":{"minecraft:tuff":459,"minecraft:spruce_planks":1,"minecraft:white_bed":4,"minecraft:mossy_cobblestone":21,"minecraft:deepslate_diamond_ore":30,"minecraft:oak_door":2,"minecraft:granite":27,"minecraft:grass_block":4,"minecraft:hay_block":7,"minecraft:redstone_ore":1,"minecraft:mossy_cobblestone_slab":3,"minecraft:furnace":2,"minecraft:iron_ore":3,"minecraft:cobbled_deepslate":2,"minecraft:andesite":9,"minecraft:pumpkin":1,"minecraft:deepslate_lapis_ore":17,"minecraft:deepslate_iron_ore":9,"minecraft:cobblestone_slab":1,"minecraft:oak_stairs":1,"minecraft:stone":258,"minecraft:deepslate_redstone_ore":91,"minecraft:soul_fire":5,"minecraft:oak_fence":2,"minecraft:crafting_table":8,"minecraft:torch":22,"minecraft:short_grass":15,"minecraft:poppy":1,"minecraft:chest":3,"minecraft:spruce_wall_sign":1,"minecraft:cobblestone":78,"minecraft:deepslate_gold_ore":12,"minecraft:sugar_cane":193,"minecraft:oak_planks":1,"minecraft:diorite":39,"minecraft:wall_torch":26,"minecraft:birch_log":12,"minecraft:oak_log":58,"minecraft:coal_ore":62,"minecraft:gravel":61,"minecraft:dirt":5,"minecraft:netherrack":17,"minecraft:oak_leaves":14,"minecraft:deepslate":1981},"minecraft:killed":{"minecraft:spider":4,"minecraft:skeleton":1,"minecraft:chicken":1,"minecraft:pig":1,"minecraft:creeper":1,"minecraft:sheep":7,"minecraft:zombie":151,"minecraft:cow":8},"minecraft:used":{"minecraft:oak_fence":2,"minecraft:iron_shovel":4,"minecraft:shield":3,"minecraft:chest":5,"minecraft:iron_sword":130,"minecraft:rotten_flesh":1,"minecraft:oak_door":3,"minecraft:torch":223,"minecraft:dirt":3,"minecraft:granite":3,"minecraft:lava_bucket":3,"minecraft:mossy_cobblestone_slab":9,"minecraft:hay_block":3,"minecraft:furnace":5,"minecraft:egg":4,"minecraft:cooked_beef":18,"minecraft:cobbled_deepslate":27,"minecraft:water_bucket":21,"minecraft:stone_pickaxe":314,"minecraft:wooden_pickaxe":38,"minecraft:cobblestone_slab":4,"minecraft:spruce_sign":2,"minecraft:sugar_cane":36,"minecraft:mossy_cobblestone":16,"minecraft:sand":3,"minecraft:crafting_table":9,"minecraft:white_bed":4,"minecraft:diamond_pickaxe":2576,"minecraft:black_wool":1,"minecraft:bread":56,"minecraft:iron_pickaxe":250,"minecraft:gravel":49,"minecraft:stone_axe":134,"minecraft:cobblestone":47,"minecraft:grindstone":1,"minecraft:porkchop":1,"minecraft:cooked_porkchop":1,"minecraft:andesite":11,"minecraft:bucket":25},"minecraft:dropped":{"minecraft:water_bucket":1,"minecraft:bread":1,"minecraft:stripped_spruce_log":1,"minecraft:wheat_seeds":2,"minecraft:mossy_cobblestone":2,"minecraft:cobblestone":56,"minecraft:granite":44,"minecraft:flint":1,"minecraft:deepslate_brick_stairs":1,"minecraft:mossy_cobblestone_slab":3,"minecraft:torch":1,"minecraft:oak_stairs":1,"minecraft:iron_pickaxe":1,"minecraft:redstone":192,"minecraft:gravel":30,"minecraft:sugar_cane":105,"minecraft:iron_nugget":2,"minecraft:cobbled_deepslate":14,"minecraft:tuff":86,"minecraft:birch_sapling":1,"minecraft:wheat":2,"minecraft:raw_iron":2,"minecraft:rotten_flesh":2,"minecraft:poppy":1,"minecraft:diamond_pickaxe":1,"minecraft:oak_sapling":6,"minecraft:spider_eye":1,"minecraft:netherrack":3},"minecraft:killed_by":{"minecraft:ghast":1,"minecraft:player":2,"minecraft:zombie":2}},"DataVersion":3953}