{"stats":{"minecraft:broken":{"minecraft:shield":3,"minecraft:stone_axe":1,"minecraft:iron_sword":2,"minecraft:iron_pickaxe":3},"minecraft:mined":{"minecraft:spruce_planks":90,"minecraft:white_bed":1,"minecraft:deepslate_diamond_ore":42,"minecraft:spruce_trapdoor":4,"minecraft:cave_vines_plant":1,"minecraft:granite":9,"minecraft:grass_block":80,"minecraft:spruce_leaves":235,"minecraft:moss_block":2,"minecraft:spawner":1,"minecraft:large_fern":3,"minecraft:redstone_ore":6,"minecraft:carrots":42,"minecraft:spruce_sapling":7,"minecraft:furnace":3,"minecraft:iron_ore":120,"minecraft:cobbled_deepslate":23,"minecraft:andesite":14,"minecraft:deepslate_lapis_ore":27,"minecraft:big_dripleaf_stem":1,"minecraft:dirt_path":3,"minecraft:cave_vines":4,"minecraft:deepslate_iron_ore":32,"minecraft:vine":3,"minecraft:rail":20,"minecraft:stone":228,"minecraft:podzol":2,"minecraft:deepslate_redstone_ore":32,"minecraft:flowering_azalea":4,"minecraft:crafting_table":5,"minecraft:torch":4,"minecraft:short_grass":117,"minecraft:chest":2,"minecraft:copper_ore":2,"minecraft:glass":1,"minecraft:tall_grass":31,"minecraft:cobblestone":4,"minecraft:deepslate_gold_ore":67,"minecraft:lapis_ore":6,"minecraft:oak_planks":11,"minecraft:sugar_cane":44,"minecraft:big_dripleaf":2,"minecraft:wall_torch":7,"minecraft:diorite":2,"minecraft:birch_planks":5,"minecraft:spruce_log":227,"minecraft:oak_log":5,"minecraft:coal_ore":104,"minecraft:gravel":52,"minecraft:sand":217,"minecraft:dirt":41,"minecraft:cobweb":60,"minecraft:gold_ore":4,"minecraft:chipped_anvil":1,"minecraft:deepslate":220,"minecraft:fern":1},"minecraft:killed_by":{"minecraft:creeper":1,"minecraft:zombie":1},"minecraft:custom":{"minecraft:interact_with_anvil":3,"minecraft:mob_kills":324,"minecraft:interact_with_crafting_table":111,"minecraft:leave_game":2,"minecraft:time_since_death":337027,"minecraft:climb_one_cm":20,"minecraft:sprint_one_cm":697364,"minecraft:walk_one_cm":1178594,"minecraft:damage_blocked_by_shield":9808,"minecraft:drop":68,"minecraft:play_time":361468,"minecraft:sneak_time":32343,"minecraft:deaths":2,"minecraft:walk_under_water_one_cm":6155,"minecraft:boat_one_cm":10397,"minecraft:jump":5978,"minecraft:interact_with_blast_furnace":7,"minecraft:walk_on_water_one_cm":42228,"minecraft:enchant_item":4,"minecraft:total_world_time":361468,"minecraft:interact_with_furnace":115,"minecraft:interact_with_cartography_table":7,"minecraft:interact_with_stonecutter":1,"minecraft:sleep_in_bed":9,"minecraft:time_since_rest":5385,"minecraft:damage_taken":5716,"minecraft:damage_dealt":29670,"minecraft:player_kills":1,"minecraft:swim_one_cm":22582,"minecraft:fly_one_cm":1017662,"minecraft:open_chest":146,"minecraft:crouch_one_cm":87414,"minecraft:fall_one_cm":133824,"minecraft:interact_with_smoker":7,"minecraft:horse_one_cm":3146},"minecraft:used":{"minecraft:moss_block":1,"minecraft:stone_sword":7,"minecraft:spruce_slab":4,"minecraft:chest":11,"minecraft:spruce_planks":241,"minecraft:shield":156,"minecraft:iron_sword":440,"minecraft:stone":2,"minecraft:rotten_flesh":3,"minecraft:iron_chestplate":1,"minecraft:torch":240,"minecraft:dirt":133,"minecraft:anvil":1,"minecraft:carrot":43,"minecraft:diamond_helmet":1,"minecraft:axolotl_bucket":3,"minecraft:spruce_boat":1,"minecraft:glass":57,"minecraft:lava_bucket":6,"minecraft:chipped_anvil":1,"minecraft:item_frame":5,"minecraft:diamond_chestplate":1,"minecraft:bow":37,"minecraft:furnace":10,"minecraft:egg":3,"minecraft:cooked_beef":5,"minecraft:cobbled_deepslate":205,"minecraft:iron_leggings":1,"minecraft:water_bucket":20,"minecraft:diamond_boots":1,"minecraft:spruce_door":1,"minecraft:baked_potato":29,"minecraft:birch_planks":1,"minecraft:oak_planks":9,"minecraft:cartography_table":1,"minecraft:sugar_cane":29,"minecraft:diamond_axe":303,"minecraft:fletching_table":1,"minecraft:stonecutter":1,"minecraft:crafting_table":15,"minecraft:white_bed":1,"minecraft:painting":1,"minecraft:spruce_log":77,"minecraft:deepslate_brick_stairs":3,"minecraft:diamond_pickaxe":7,"minecraft:black_wool":1,"minecraft:diamond_shovel":368,"minecraft:iron_pickaxe":965,"minecraft:bread":72,"minecraft:map":2,"minecraft:spruce_trapdoor":10,"minecraft:gravel":322,"minecraft:spruce_sapling":61,"minecraft:stone_axe":115,"minecraft:diamond_sword":187,"minecraft:cobblestone":94,"minecraft:cooked_porkchop":8,"minecraft:bucket":31,"minecraft:diamond_leggings":1,"minecraft:gray_wool":1,"minecraft:bone_meal":39},"minecraft:dropped":{"minecraft:moss_block":1,"minecraft:birch_planks":4,"minecraft:wheat_seeds":29,"minecraft:lapis_lazuli":64,"minecraft:glow_ink_sac":2,"minecraft:crafting_table":1,"minecraft:oak_fence":12,"minecraft:iron_helmet":1,"minecraft:granite":3,"minecraft:rail":1,"minecraft:flint":1,"minecraft:stick":4,"minecraft:dirt":4,"minecraft:diorite":2,"minecraft:mutton":3,"minecraft:iron_leggings":1,"minecraft:sugar":21,"minecraft:iron_pickaxe":2,"minecraft:iron_shovel":1,"minecraft:string":3,"minecraft:spruce_sapling":18,"minecraft:bone":2,"minecraft:gravel":1,"minecraft:furnace":1,"minecraft:sugar_cane":1,"minecraft:stone_sword":2,"minecraft:rotten_flesh":87,"minecraft:oak_planks":1,"minecraft:iron_boots":1,"minecraft:potato":1,"minecraft:spruce_boat":2,"minecraft:shield":1,"minecraft:spruce_planks":5,"minecraft:iron_chestplate":1,"minecraft:chainmail_boots":1,"minecraft:spider_eye":1,"minecraft:arrow":2,"minecraft:egg":1},"minecraft:crafted":{"minecraft:oak_planks":20,"minecraft:furnace":8,"minecraft:stone":5,"minecraft:bone_meal":39,"minecraft:diamond_shovel":1,"minecraft:glass":57,"minecraft:diamond_leggings":1,"minecraft:diamond_helmet":1,"minecraft:bow":1,"minecraft:iron_boots":1,"minecraft:iron_hoe":1,"minecraft:spruce_slab":6,"minecraft:chest":9,"minecraft:diamond_boots":1,"minecraft:spruce_boat":1,"minecraft:cooked_beef":29,"minecraft:sugar":21,"minecraft:item_frame":2,"minecraft:diamond_sword":1,"minecraft:cooked_porkchop":8,"minecraft:diamond_axe":1,"minecraft:map":2,"minecraft:crafting_table":11,"minecraft:spruce_planks":404,"minecraft:iron_helmet":1,"minecraft:baked_potato":29,"minecraft:iron_sword":2,"minecraft:spruce_door":3,"minecraft:fletching_table":1,"minecraft:bucket":2,"minecraft:stone_axe":1,"minecraft:painting":1,"minecraft:air":0,"minecraft:cartography_table":1,"minecraft:dispenser":1,"minecraft:spruce_trapdoor":6,"minecraft:charcoal":8,"minecraft:iron_chestplate":1,"minecraft:white_wool":1,"minecraft:book":2,"minecraft:paper":24,"minecraft:diamond_pickaxe":1,"minecraft:shield":4,"minecraft:stick":124,"minecraft:iron_ingot":197,"minecraft:compass":2,"minecraft:iron_pickaxe":4,"minecraft:iron_block":3,"minecraft:stone_sword":2,"minecraft:stonecutter":1,"minecraft:gold_ingot":71,"minecraft:iron_leggings":1,"minecraft:anvil":1,"minecraft:torch":288,"minecraft:lapis_block":16,"minecraft:diamond_chestplate":1},"minecraft:picked_up":{"minecraft:crafting_table":6,"minecraft:chainmail_boots":1,"minecraft:chicken":2,"minecraft:shield":1,"minecraft:string":75,"minecraft:item_frame":3,"minecraft:iron_shovel":1,"minecraft:cobbled_deepslate":245,"minecraft:bucket":1,"minecraft:spruce_planks":83,"minecraft:beef":6,"minecraft:iron_pickaxe":3,"minecraft:sugar_cane":70,"minecraft:chest":2,"minecraft:spruce_trapdoor":4,"minecraft:furnace":4,"minecraft:egg":4,"minecraft:golden_helmet":1,"minecraft:stick":25,"minecraft:raw_iron":174,"minecraft:big_dripleaf":4,"minecraft:oak_fence":12,"minecraft:torch":18,"minecraft:porkchop":1,"minecraft:diorite":2,"minecraft:carrot":138,"minecraft:redstone":163,"minecraft:stone_sword":3,"minecraft:arrow":40,"minecraft:rotten_flesh":240,"minecraft:deepslate_brick_stairs":3,"minecraft:glow_berries":13,"minecraft:mutton":3,"minecraft:rail":21,"minecraft:cobblestone":247,"minecraft:glow_ink_sac":2,"minecraft:leather":10,"minecraft:potato":2,"minecraft:filled_map":1,"minecraft:birch_planks":5,"minecraft:flint":4,"minecraft:oak_log":5,"minecraft:golden_boots":1,"minecraft:gunpowder":6,"minecraft:lapis_lazuli":210,"minecraft:dirt":152,"minecraft:bone":32,"minecraft:chipped_anvil":1,"minecraft:bow":2,"minecraft:wheat_seeds":52,"minecraft:raw_gold":71,"minecraft:iron_ingot":14,"minecraft:moss_block":2,"minecraft:oak_planks":20,"minecraft:flowering_azalea":4,"minecraft:book":1,"minecraft:cooked_porkchop":5,"minecraft:dandelion":2,"minecraft:gravel":329,"minecraft:lava_bucket":1,"minecraft:sand":217,"minecraft:spruce_sapling":75,"minecraft:white_bed":1,"minecraft:spruce_log":221,"minecraft:spider_eye":3,"minecraft:diamond_shovel":2,"minecraft:sugar":21,"minecraft:spruce_boat":2,"minecraft:diamond":42,"minecraft:stone_axe":2,"minecraft:granite":3,"minecraft:gray_wool":1,"minecraft:bread":80,"minecraft:black_wool":1,"minecraft:coal":173},"minecraft:killed":{"minecraft:cave_spider":4,"minecraft:spider":16,"minecraft:horse":1,"minecraft:skeleton":30,"minecraft:chicken":2,"minecraft:pig":1,"minecraft:zombie_villager":2,"minecraft:bat":2,"minecraft:creeper":9,"minecraft:sheep":3,"minecraft:zombie":238,"minecraft:enderman":1,"minecraft:cow":4}},"DataVersion":3953}