{"stats":{"minecraft:used":{"minecraft:stone_sword":7,"minecraft:oak_planks":6,"minecraft:torch":12,"minecraft:crafting_table":3,"minecraft:deepslate_brick_stairs":3,"minecraft:black_wool":1,"minecraft:lava_bucket":3,"minecraft:bread":1,"minecraft:iron_pickaxe":88,"minecraft:stone_axe":10,"minecraft:cobblestone":5,"minecraft:furnace":1,"minecraft:cooked_porkchop":6,"minecraft:bucket":4,"minecraft:gray_wool":1},"minecraft:picked_up":{"minecraft:crafting_table":3,"minecraft:oak_log":5,"minecraft:dirt":4,"minecraft:bone":2,"minecraft:wheat_seeds":18,"minecraft:bucket":1,"minecraft:iron_ingot":10,"minecraft:iron_pickaxe":2,"minecraft:sugar_cane":21,"minecraft:oak_planks":14,"minecraft:furnace":2,"minecraft:stick":1,"minecraft:raw_iron":22,"minecraft:cooked_porkchop":5,"minecraft:torch":6,"minecraft:lava_bucket":1,"minecraft:porkchop":1,"minecraft:stone_sword":3,"minecraft:arrow":6,"minecraft:rotten_flesh":2,"minecraft:sugar":21,"minecraft:stone_axe":2,"minecraft:gray_wool":1,"minecraft:bread":80,"minecraft:deepslate_brick_stairs":3,"minecraft:black_wool":1,"minecraft:mutton":3,"minecraft:coal":106,"minecraft:cobblestone":51},"minecraft:dropped":{"minecraft:wheat_seeds":14,"minecraft:mutton":3,"minecraft:sugar":21},"minecraft:killed":{"minecraft:pig":1,"minecraft:sheep":2,"minecraft:zombie":2},"minecraft:custom":{"minecraft:interact_with_furnace":5,"minecraft:mob_kills":6,"minecraft:interact_with_crafting_table":13,"minecraft:time_since_death":2430,"minecraft:time_since_rest":2456,"minecraft:sprint_one_cm":86048,"minecraft:damage_taken":1132,"minecraft:walk_one_cm":84009,"minecraft:drop":9,"minecraft:damage_dealt":907,"minecraft:swim_one_cm":4719,"minecraft:fly_one_cm":98191,"minecraft:open_chest":10,"minecraft:crouch_one_cm":6637,"minecraft:play_time":26871,"minecraft:deaths":2,"minecraft:sneak_time":2365,"minecraft:walk_under_water_one_cm":184,"minecraft:boat_one_cm":10354,"minecraft:jump":591,"minecraft:interact_with_blast_furnace":1,"minecraft:walk_on_water_one_cm":4237,"minecraft:interact_with_smoker":1,"minecraft:total_world_time":26871,"minecraft:fall_one_cm":17143},"minecraft:mined":{"minecraft:crafting_table":2,"minecraft:torch":2,"minecraft:short_grass":30,"minecraft:grass_block":2,"minecraft:tall_grass":3,"minecraft:cobblestone":1,"minecraft:oak_planks":5,"minecraft:sugar_cane":8,"minecraft:wall_torch":3,"minecraft:large_fern":2,"minecraft:furnace":1,"minecraft:iron_ore":13,"minecraft:oak_log":5,"minecraft:coal_ore":41,"minecraft:dirt":2,"minecraft:stone":30,"minecraft:fern":1},"minecraft:killed_by":{"minecraft:creeper":1,"minecraft:zombie":1},"minecraft:crafted":{"minecraft:sugar":21,"minecraft:oak_planks":20,"minecraft:cooked_porkchop":8,"minecraft:crafting_table":2,"minecraft:furnace":1,"minecraft:bucket":1,"minecraft:stone_axe":1,"minecraft:air":0,"minecraft:stick":20,"minecraft:iron_ingot":4,"minecraft:iron_pickaxe":1,"minecraft:stone_sword":2,"minecraft:torch":56}},"DataVersion":3953}