{"stats":{"minecraft:used":{"minecraft:water_bucket":2,"minecraft:stone_sword":7,"minecraft:oak_planks":6,"minecraft:shield":28,"minecraft:iron_sword":67,"minecraft:iron_chestplate":1,"minecraft:torch":74,"minecraft:crafting_table":7,"minecraft:deepslate_brick_stairs":3,"minecraft:black_wool":1,"minecraft:lava_bucket":4,"minecraft:bread":16,"minecraft:iron_pickaxe":412,"minecraft:stone_axe":91,"minecraft:cobblestone":83,"minecraft:furnace":3,"minecraft:cooked_porkchop":8,"minecraft:bucket":8,"minecraft:gray_wool":1,"minecraft:iron_leggings":1},"minecraft:picked_up":{"minecraft:crafting_table":5,"minecraft:potato":1,"minecraft:flint":1,"minecraft:oak_log":5,"minecraft:lapis_lazuli":137,"minecraft:string":18,"minecraft:dirt":4,"minecraft:bone":7,"minecraft:wheat_seeds":20,"minecraft:cobbled_deepslate":32,"minecraft:raw_gold":23,"minecraft:bucket":1,"minecraft:iron_ingot":10,"minecraft:iron_pickaxe":2,"minecraft:moss_block":1,"minecraft:sugar_cane":21,"minecraft:flowering_azalea":4,"minecraft:oak_planks":14,"minecraft:furnace":4,"minecraft:stick":2,"minecraft:raw_iron":144,"minecraft:cooked_porkchop":5,"minecraft:big_dripleaf":4,"minecraft:torch":8,"minecraft:gravel":1,"minecraft:lava_bucket":1,"minecraft:porkchop":1,"minecraft:diorite":1,"minecraft:spruce_log":50,"minecraft:redstone":67,"minecraft:spider_eye":1,"minecraft:stone_sword":3,"minecraft:arrow":15,"minecraft:rotten_flesh":10,"minecraft:sugar":21,"minecraft:stone_axe":2,"minecraft:granite":3,"minecraft:gray_wool":1,"minecraft:bread":80,"minecraft:glow_berries":12,"minecraft:deepslate_brick_stairs":3,"minecraft:black_wool":1,"minecraft:mutton":3,"minecraft:coal":136,"minecraft:rail":20,"minecraft:cobblestone":119},"minecraft:dropped":{"minecraft:gravel":1,"minecraft:wheat_seeds":16,"minecraft:stone_sword":2,"minecraft:rotten_flesh":9,"minecraft:granite":3,"minecraft:stick":2,"minecraft:flint":1,"minecraft:potato":1,"minecraft:dirt":4,"minecraft:mutton":3,"minecraft:spider_eye":1,"minecraft:arrow":2,"minecraft:sugar":21,"minecraft:string":1,"minecraft:bone":2},"minecraft:killed":{"minecraft:pig":1,"minecraft:spider":2,"minecraft:bat":1,"minecraft:skeleton":5,"minecraft:sheep":2,"minecraft:zombie":8},"minecraft:custom":{"minecraft:interact_with_furnace":27,"minecraft:mob_kills":24,"minecraft:interact_with_crafting_table":36,"minecraft:time_since_death":50430,"minecraft:climb_one_cm":20,"minecraft:time_since_rest":50456,"minecraft:sprint_one_cm":166382,"minecraft:damage_taken":1983,"minecraft:walk_one_cm":234151,"minecraft:damage_blocked_by_shield":1606,"minecraft:drop":28,"minecraft:damage_dealt":3887,"minecraft:swim_one_cm":5170,"minecraft:fly_one_cm":157447,"minecraft:open_chest":10,"minecraft:crouch_one_cm":30171,"minecraft:play_time":74871,"minecraft:deaths":2,"minecraft:sneak_time":11015,"minecraft:walk_under_water_one_cm":3265,"minecraft:boat_one_cm":10354,"minecraft:jump":1405,"minecraft:interact_with_blast_furnace":1,"minecraft:walk_on_water_one_cm":18930,"minecraft:interact_with_smoker":1,"minecraft:total_world_time":74871,"minecraft:fall_one_cm":35450},"minecraft:mined":{"minecraft:deepslate_redstone_ore":11,"minecraft:flowering_azalea":4,"minecraft:crafting_table":4,"minecraft:torch":2,"minecraft:cave_vines_plant":1,"minecraft:granite":3,"minecraft:short_grass":30,"minecraft:grass_block":2,"minecraft:tall_grass":3,"minecraft:cobblestone":3,"minecraft:deepslate_gold_ore":19,"minecraft:spruce_leaves":20,"minecraft:lapis_ore":5,"minecraft:moss_block":1,"minecraft:oak_planks":5,"minecraft:sugar_cane":8,"minecraft:diorite":1,"minecraft:wall_torch":3,"minecraft:big_dripleaf":2,"minecraft:large_fern":3,"minecraft:redstone_ore":6,"minecraft:furnace":3,"minecraft:iron_ore":105,"minecraft:spruce_log":52,"minecraft:deepslate_lapis_ore":17,"minecraft:big_dripleaf_stem":1,"minecraft:vine":3,"minecraft:cave_vines":4,"minecraft:deepslate_iron_ore":14,"minecraft:oak_log":5,"minecraft:coal_ore":70,"minecraft:rail":20,"minecraft:gravel":2,"minecraft:dirt":2,"minecraft:cobweb":17,"minecraft:stone":94,"minecraft:gold_ore":4,"minecraft:deepslate":33,"minecraft:fern":1},"minecraft:killed_by":{"minecraft:creeper":1,"minecraft:zombie":1},"minecraft:crafted":{"minecraft:sugar":21,"minecraft:oak_planks":20,"minecraft:cooked_porkchop":8,"minecraft:crafting_table":4,"minecraft:spruce_planks":32,"minecraft:iron_helmet":1,"minecraft:iron_sword":1,"minecraft:furnace":1,"minecraft:bucket":2,"minecraft:stone_axe":1,"minecraft:air":0,"minecraft:iron_boots":1,"minecraft:iron_chestplate":1,"minecraft:shield":1,"minecraft:stick":56,"minecraft:iron_ingot":45,"minecraft:iron_pickaxe":2,"minecraft:stone_sword":2,"minecraft:iron_leggings":1,"minecraft:torch":144},"minecraft:broken":{"minecraft:iron_pickaxe":1}},"DataVersion":3953}