{"stats":{"minecraft:broken":{"minecraft:shield":3,"minecraft:stone_axe":1,"minecraft:iron_sword":2,"minecraft:iron_pickaxe":3},"minecraft:mined":{"minecraft:farmland":2,"minecraft:spruce_planks":94,"minecraft:white_bed":1,"minecraft:deepslate_diamond_ore":42,"minecraft:spruce_trapdoor":4,"minecraft:cave_vines_plant":1,"minecraft:granite":9,"minecraft:grass_block":405,"minecraft:spruce_leaves":238,"minecraft:moss_block":2,"minecraft:spawner":1,"minecraft:large_fern":3,"minecraft:redstone_ore":6,"minecraft:carrots":50,"minecraft:spruce_sapling":8,"minecraft:furnace":3,"minecraft:iron_ore":120,"minecraft:cobbled_deepslate":23,"minecraft:andesite":14,"minecraft:deepslate_lapis_ore":27,"minecraft:big_dripleaf_stem":1,"minecraft:cobblestone_slab":1,"minecraft:dirt_path":3,"minecraft:cave_vines":4,"minecraft:deepslate_iron_ore":32,"minecraft:vine":3,"minecraft:rail":20,"minecraft:stone":228,"minecraft:podzol":2,"minecraft:deepslate_redstone_ore":32,"minecraft:flowering_azalea":4,"minecraft:dandelion":1,"minecraft:crafting_table":5,"minecraft:torch":4,"minecraft:short_grass":175,"minecraft:chest":4,"minecraft:copper_ore":2,"minecraft:glass":1,"minecraft:tall_grass":36,"minecraft:cobblestone":7,"minecraft:deepslate_gold_ore":67,"minecraft:lapis_ore":6,"minecraft:oak_planks":22,"minecraft:sugar_cane":58,"minecraft:big_dripleaf":2,"minecraft:wall_torch":7,"minecraft:diorite":2,"minecraft:birch_planks":5,"minecraft:cobblestone_wall":8,"minecraft:spruce_log":233,"minecraft:oak_log":105,"minecraft:coal_ore":104,"minecraft:gravel":52,"minecraft:sand":217,"minecraft:dirt":78,"minecraft:cobweb":60,"minecraft:oak_leaves":2,"minecraft:gold_ore":4,"minecraft:chipped_anvil":1,"minecraft:deepslate":220,"minecraft:fern":1},"minecraft:killed_by":{"minecraft:creeper":1,"minecraft:zombie":1},"minecraft:custom":{"minecraft:interact_with_anvil":3,"minecraft:mob_kills":374,"minecraft:interact_with_crafting_table":123,"minecraft:leave_game":2,"minecraft:time_since_death":397027,"minecraft:climb_one_cm":20,"minecraft:sprint_one_cm":779666,"minecraft:walk_one_cm":1467268,"minecraft:damage_blocked_by_shield":10078,"minecraft:drop":68,"minecraft:play_time":421468,"minecraft:sneak_time":39799,"minecraft:deaths":2,"minecraft:walk_under_water_one_cm":8018,"minecraft:boat_one_cm":10397,"minecraft:jump":6597,"minecraft:interact_with_blast_furnace":7,"minecraft:walk_on_water_one_cm":50961,"minecraft:enchant_item":4,"minecraft:total_world_time":421468,"minecraft:interact_with_furnace":115,"minecraft:interact_with_cartography_table":7,"minecraft:interact_with_stonecutter":6,"minecraft:sleep_in_bed":13,"minecraft:time_since_rest":11699,"minecraft:damage_taken":6321,"minecraft:damage_dealt":38945,"minecraft:player_kills":1,"minecraft:swim_one_cm":23852,"minecraft:fly_one_cm":1125707,"minecraft:open_chest":163,"minecraft:crouch_one_cm":121755,"minecraft:fall_one_cm":146081,"minecraft:interact_with_smoker":7,"minecraft:horse_one_cm":3146},"minecraft:used":{"minecraft:moss_block":1,"minecraft:stone_sword":7,"minecraft:spruce_slab":4,"minecraft:chest":15,"minecraft:spruce_planks":296,"minecraft:shield":161,"minecraft:iron_sword":440,"minecraft:stone":2,"minecraft:rotten_flesh":3,"minecraft:iron_chestplate":1,"minecraft:torch":240,"minecraft:dirt":407,"minecraft:anvil":1,"minecraft:hopper":8,"minecraft:cobblestone_wall":27,"minecraft:carrot":122,"minecraft:diamond_helmet":1,"minecraft:axolotl_bucket":3,"minecraft:iron_hoe":82,"minecraft:spruce_boat":1,"minecraft:glass":57,"minecraft:lava_bucket":6,"minecraft:chipped_anvil":1,"minecraft:item_frame":5,"minecraft:diamond_chestplate":1,"minecraft:bow":37,"minecraft:furnace":10,"minecraft:egg":4,"minecraft:cooked_beef":13,"minecraft:cobbled_deepslate":205,"minecraft:iron_leggings":1,"minecraft:water_bucket":32,"minecraft:diamond_boots":1,"minecraft:spruce_door":1,"minecraft:baked_potato":29,"minecraft:birch_planks":1,"minecraft:oak_planks":145,"minecraft:cartography_table":1,"minecraft:cobblestone_slab":28,"minecraft:sugar_cane":56,"minecraft:diamond_axe":430,"minecraft:fletching_table":1,"minecraft:stonecutter":1,"minecraft:crafting_table":15,"minecraft:white_bed":1,"minecraft:painting":1,"minecraft:spruce_log":77,"minecraft:deepslate_brick_stairs":3,"minecraft:oak_log":11,"minecraft:diamond_pickaxe":19,"minecraft:black_wool":1,"minecraft:diamond_shovel":724,"minecraft:iron_pickaxe":965,"minecraft:bread":72,"minecraft:map":2,"minecraft:spruce_pressure_plate":1,"minecraft:spruce_trapdoor":10,"minecraft:gravel":322,"minecraft:spruce_sapling":62,"minecraft:stone_axe":115,"minecraft:diamond_sword":309,"minecraft:cobblestone":108,"minecraft:cooked_porkchop":8,"minecraft:bucket":43,"minecraft:diamond_leggings":1,"minecraft:gray_wool":1,"minecraft:bone_meal":39},"minecraft:dropped":{"minecraft:moss_block":1,"minecraft:birch_planks":4,"minecraft:wheat_seeds":29,"minecraft:lapis_lazuli":64,"minecraft:glow_ink_sac":2,"minecraft:crafting_table":1,"minecraft:oak_fence":12,"minecraft:iron_helmet":1,"minecraft:granite":3,"minecraft:rail":1,"minecraft:flint":1,"minecraft:stick":4,"minecraft:dirt":4,"minecraft:diorite":2,"minecraft:mutton":3,"minecraft:iron_leggings":1,"minecraft:sugar":21,"minecraft:iron_pickaxe":2,"minecraft:iron_shovel":1,"minecraft:string":3,"minecraft:spruce_sapling":18,"minecraft:bone":2,"minecraft:gravel":1,"minecraft:furnace":1,"minecraft:sugar_cane":1,"minecraft:stone_sword":2,"minecraft:rotten_flesh":87,"minecraft:oak_planks":1,"minecraft:iron_boots":1,"minecraft:potato":1,"minecraft:spruce_boat":2,"minecraft:shield":1,"minecraft:spruce_planks":5,"minecraft:iron_chestplate":1,"minecraft:chainmail_boots":1,"minecraft:spider_eye":1,"minecraft:arrow":2,"minecraft:egg":1},"minecraft:crafted":{"minecraft:oak_planks":376,"minecraft:cobblestone_slab":38,"minecraft:furnace":8,"minecraft:stone":5,"minecraft:bone_meal":39,"minecraft:diamond_shovel":1,"minecraft:spruce_pressure_plate":1,"minecraft:hopper":8,"minecraft:glass":57,"minecraft:diamond_leggings":1,"minecraft:diamond_helmet":1,"minecraft:bow":1,"minecraft:iron_boots":1,"minecraft:iron_hoe":1,"minecraft:spruce_slab":6,"minecraft:chest":19,"minecraft:diamond_boots":1,"minecraft:spruce_boat":1,"minecraft:cooked_beef":29,"minecraft:sugar":21,"minecraft:item_frame":2,"minecraft:diamond_sword":1,"minecraft:cooked_porkchop":8,"minecraft:diamond_axe":1,"minecraft:map":2,"minecraft:crafting_table":11,"minecraft:spruce_planks":568,"minecraft:iron_helmet":1,"minecraft:baked_potato":29,"minecraft:iron_sword":2,"minecraft:spruce_door":3,"minecraft:fletching_table":1,"minecraft:bucket":2,"minecraft:stone_axe":1,"minecraft:painting":1,"minecraft:air":0,"minecraft:cartography_table":1,"minecraft:dispenser":1,"minecraft:spruce_trapdoor":6,"minecraft:charcoal":8,"minecraft:iron_chestplate":1,"minecraft:white_wool":1,"minecraft:book":2,"minecraft:paper":24,"minecraft:diamond_pickaxe":2,"minecraft:shield":4,"minecraft:stick":124,"minecraft:iron_ingot":197,"minecraft:compass":2,"minecraft:iron_pickaxe":4,"minecraft:iron_block":3,"minecraft:stone_sword":2,"minecraft:stonecutter":1,"minecraft:gold_ingot":71,"minecraft:iron_leggings":1,"minecraft:anvil":1,"minecraft:torch":288,"minecraft:lapis_block":16,"minecraft:diamond_chestplate":1},"minecraft:picked_up":{"minecraft:crafting_table":6,"minecraft:chainmail_boots":1,"minecraft:chicken":2,"minecraft:shield":1,"minecraft:string":79,"minecraft:item_frame":3,"minecraft:iron_shovel":1,"minecraft:cobbled_deepslate":245,"minecraft:bucket":1,"minecraft:spruce_planks":87,"minecraft:beef":6,"minecraft:cobblestone_slab":1,"minecraft:iron_pickaxe":3,"minecraft:sugar_cane":97,"minecraft:chest":4,"minecraft:spruce_trapdoor":4,"minecraft:furnace":4,"minecraft:egg":5,"minecraft:golden_helmet":1,"minecraft:stick":25,"minecraft:raw_iron":174,"minecraft:big_dripleaf":4,"minecraft:oak_fence":12,"minecraft:torch":18,"minecraft:porkchop":1,"minecraft:diorite":2,"minecraft:carrot":184,"minecraft:redstone":163,"minecraft:golden_chestplate":1,"minecraft:stone_sword":3,"minecraft:arrow":43,"minecraft:rotten_flesh":268,"minecraft:deepslate_brick_stairs":3,"minecraft:glow_berries":13,"minecraft:mutton":3,"minecraft:rail":21,"minecraft:cobblestone":250,"minecraft:cooked_beef":4,"minecraft:glow_ink_sac":2,"minecraft:leather":14,"minecraft:golden_leggings":1,"minecraft:potato":2,"minecraft:filled_map":1,"minecraft:birch_planks":5,"minecraft:flint":4,"minecraft:oak_log":105,"minecraft:cobblestone_wall":8,"minecraft:golden_boots":1,"minecraft:gunpowder":7,"minecraft:lapis_lazuli":210,"minecraft:dirt":541,"minecraft:bone":36,"minecraft:chipped_anvil":1,"minecraft:bow":2,"minecraft:wheat_seeds":65,"minecraft:raw_gold":71,"minecraft:iron_ingot":14,"minecraft:moss_block":2,"minecraft:oak_planks":30,"minecraft:flowering_azalea":4,"minecraft:book":1,"minecraft:cooked_porkchop":5,"minecraft:dandelion":2,"minecraft:gravel":329,"minecraft:lava_bucket":1,"minecraft:sand":217,"minecraft:spruce_sapling":78,"minecraft:grass_block":1,"minecraft:white_bed":1,"minecraft:spruce_log":227,"minecraft:spider_eye":4,"minecraft:diamond_shovel":2,"minecraft:sugar":21,"minecraft:spruce_boat":2,"minecraft:diamond":42,"minecraft:stone_axe":2,"minecraft:granite":3,"minecraft:baked_potato":1,"minecraft:gray_wool":1,"minecraft:oak_sapling":1,"minecraft:bread":80,"minecraft:black_wool":1,"minecraft:coal":173},"minecraft:killed":{"minecraft:cave_spider":4,"minecraft:spider":20,"minecraft:horse":4,"minecraft:skeleton":33,"minecraft:chicken":2,"minecraft:pig":1,"minecraft:zombie_villager":3,"minecraft:bat":2,"minecraft:creeper":11,"minecraft:sheep":3,"minecraft:zombie":269,"minecraft:enderman":2,"minecraft:cow":6}},"DataVersion":3953}