{"stats":{"minecraft:crafted":{"minecraft:oak_planks":20,"minecraft:furnace":8,"minecraft:stone":5,"minecraft:bone_meal":39,"minecraft:diamond_shovel":1,"minecraft:diamond_helmet":1,"minecraft:diamond_leggings":1,"minecraft:bow":1,"minecraft:iron_boots":1,"minecraft:spruce_slab":6,"minecraft:chest":9,"minecraft:diamond_boots":1,"minecraft:spruce_boat":1,"minecraft:sugar":21,"minecraft:item_frame":2,"minecraft:diamond_sword":1,"minecraft:cooked_porkchop":8,"minecraft:diamond_axe":1,"minecraft:map":2,"minecraft:crafting_table":11,"minecraft:spruce_planks":376,"minecraft:iron_helmet":1,"minecraft:baked_potato":29,"minecraft:iron_sword":2,"minecraft:fletching_table":1,"minecraft:bucket":2,"minecraft:cartography_table":1,"minecraft:stone_axe":1,"minecraft:painting":1,"minecraft:air":0,"minecraft:spruce_trapdoor":6,"minecraft:white_wool":1,"minecraft:book":2,"minecraft:iron_chestplate":1,"minecraft:paper":24,"minecraft:diamond_pickaxe":1,"minecraft:shield":4,"minecraft:stick":124,"minecraft:compass":2,"minecraft:iron_ingot":197,"minecraft:iron_pickaxe":4,"minecraft:iron_block":3,"minecraft:stone_sword":2,"minecraft:iron_leggings":1,"minecraft:gold_ingot":64,"minecraft:stonecutter":1,"minecraft:anvil":1,"minecraft:torch":288,"minecraft:lapis_block":16,"minecraft:diamond_chestplate":1},"minecraft:picked_up":{"minecraft:crafting_table":6,"minecraft:chainmail_boots":1,"minecraft:chicken":2,"minecraft:shield":1,"minecraft:string":73,"minecraft:item_frame":3,"minecraft:iron_shovel":1,"minecraft:cobbled_deepslate":245,"minecraft:bucket":1,"minecraft:spruce_planks":55,"minecraft:beef":6,"minecraft:iron_pickaxe":3,"minecraft:sugar_cane":70,"minecraft:chest":1,"minecraft:egg":4,"minecraft:spruce_trapdoor":4,"minecraft:furnace":4,"minecraft:golden_helmet":1,"minecraft:stick":19,"minecraft:raw_iron":174,"minecraft:big_dripleaf":4,"minecraft:oak_fence":12,"minecraft:torch":18,"minecraft:porkchop":1,"minecraft:diorite":2,"minecraft:carrot":138,"minecraft:redstone":163,"minecraft:stone_sword":3,"minecraft:arrow":39,"minecraft:rotten_flesh":232,"minecraft:deepslate_brick_stairs":3,"minecraft:glow_berries":13,"minecraft:mutton":3,"minecraft:rail":21,"minecraft:cobblestone":247,"minecraft:glow_ink_sac":2,"minecraft:leather":8,"minecraft:filled_map":1,"minecraft:potato":2,"minecraft:birch_planks":5,"minecraft:flint":4,"minecraft:oak_log":5,"minecraft:golden_boots":1,"minecraft:gunpowder":2,"minecraft:lapis_lazuli":210,"minecraft:dirt":100,"minecraft:chipped_anvil":1,"minecraft:bone":31,"minecraft:bow":2,"minecraft:wheat_seeds":31,"minecraft:raw_gold":71,"minecraft:iron_ingot":14,"minecraft:moss_block":2,"minecraft:flowering_azalea":4,"minecraft:oak_planks":20,"minecraft:book":1,"minecraft:cooked_porkchop":5,"minecraft:sand":217,"minecraft:dandelion":2,"minecraft:gravel":329,"minecraft:lava_bucket":1,"minecraft:spruce_sapling":57,"minecraft:white_bed":1,"minecraft:spruce_log":117,"minecraft:spider_eye":3,"minecraft:diamond_shovel":2,"minecraft:sugar":21,"minecraft:spruce_boat":2,"minecraft:diamond":42,"minecraft:stone_axe":2,"minecraft:granite":3,"minecraft:gray_wool":1,"minecraft:bread":80,"minecraft:black_wool":1,"minecraft:coal":173},"minecraft:custom":{"minecraft:interact_with_anvil":3,"minecraft:mob_kills":312,"minecraft:interact_with_crafting_table":105,"minecraft:leave_game":1,"minecraft:time_since_death":295537,"minecraft:climb_one_cm":20,"minecraft:sprint_one_cm":635730,"minecraft:walk_one_cm":1016033,"minecraft:damage_blocked_by_shield":9418,"minecraft:drop":67,"minecraft:play_time":319978,"minecraft:sneak_time":28712,"minecraft:deaths":2,"minecraft:walk_under_water_one_cm":6155,"minecraft:boat_one_cm":10397,"minecraft:jump":5379,"minecraft:interact_with_blast_furnace":7,"minecraft:walk_on_water_one_cm":42171,"minecraft:enchant_item":4,"minecraft:total_world_time":319978,"minecraft:interact_with_furnace":62,"minecraft:interact_with_cartography_table":7,"minecraft:interact_with_stonecutter":1,"minecraft:sleep_in_bed":5,"minecraft:time_since_rest":25502,"minecraft:damage_taken":5351,"minecraft:damage_dealt":27202,"minecraft:player_kills":1,"minecraft:swim_one_cm":22582,"minecraft:fly_one_cm":913578,"minecraft:open_chest":103,"minecraft:crouch_one_cm":75789,"minecraft:interact_with_smoker":7,"minecraft:fall_one_cm":122341,"minecraft:horse_one_cm":3146},"minecraft:broken":{"minecraft:shield":3,"minecraft:stone_axe":1,"minecraft:iron_sword":2,"minecraft:iron_pickaxe":3},"minecraft:mined":{"minecraft:spruce_planks":60,"minecraft:white_bed":1,"minecraft:deepslate_diamond_ore":42,"minecraft:spruce_trapdoor":4,"minecraft:cave_vines_plant":1,"minecraft:granite":9,"minecraft:grass_block":49,"minecraft:spruce_leaves":197,"minecraft:moss_block":2,"minecraft:spawner":1,"minecraft:large_fern":3,"minecraft:redstone_ore":6,"minecraft:spruce_sapling":3,"minecraft:carrots":42,"minecraft:furnace":3,"minecraft:iron_ore":120,"minecraft:cobbled_deepslate":23,"minecraft:andesite":14,"minecraft:deepslate_lapis_ore":27,"minecraft:big_dripleaf_stem":1,"minecraft:dirt_path":1,"minecraft:cave_vines":4,"minecraft:deepslate_iron_ore":32,"minecraft:vine":3,"minecraft:rail":20,"minecraft:stone":228,"minecraft:podzol":2,"minecraft:deepslate_redstone_ore":32,"minecraft:flowering_azalea":4,"minecraft:crafting_table":5,"minecraft:torch":4,"minecraft:short_grass":78,"minecraft:chest":1,"minecraft:tall_grass":21,"minecraft:copper_ore":2,"minecraft:cobblestone":4,"minecraft:lapis_ore":6,"minecraft:deepslate_gold_ore":67,"minecraft:sugar_cane":44,"minecraft:oak_planks":11,"minecraft:diorite":2,"minecraft:wall_torch":7,"minecraft:big_dripleaf":2,"minecraft:birch_planks":5,"minecraft:spruce_log":121,"minecraft:oak_log":5,"minecraft:coal_ore":104,"minecraft:gravel":52,"minecraft:sand":217,"minecraft:dirt":13,"minecraft:cobweb":60,"minecraft:chipped_anvil":1,"minecraft:gold_ore":4,"minecraft:deepslate":220,"minecraft:fern":1},"minecraft:killed":{"minecraft:cave_spider":4,"minecraft:spider":15,"minecraft:skeleton":29,"minecraft:chicken":2,"minecraft:pig":1,"minecraft:zombie_villager":2,"minecraft:bat":2,"minecraft:creeper":5,"minecraft:sheep":3,"minecraft:zombie":233,"minecraft:cow":4,"minecraft:enderman":1},"minecraft:used":{"minecraft:moss_block":1,"minecraft:stone_sword":7,"minecraft:spruce_slab":4,"minecraft:chest":8,"minecraft:spruce_planks":187,"minecraft:shield":145,"minecraft:stone":2,"minecraft:iron_sword":440,"minecraft:iron_chestplate":1,"minecraft:torch":240,"minecraft:dirt":92,"minecraft:anvil":1,"minecraft:carrot":42,"minecraft:diamond_helmet":1,"minecraft:axolotl_bucket":1,"minecraft:spruce_boat":1,"minecraft:lava_bucket":6,"minecraft:chipped_anvil":1,"minecraft:item_frame":5,"minecraft:diamond_chestplate":1,"minecraft:bow":33,"minecraft:furnace":10,"minecraft:egg":3,"minecraft:cobbled_deepslate":205,"minecraft:iron_leggings":1,"minecraft:water_bucket":2,"minecraft:diamond_boots":1,"minecraft:cartography_table":1,"minecraft:birch_planks":1,"minecraft:baked_potato":29,"minecraft:oak_planks":9,"minecraft:fletching_table":1,"minecraft:sugar_cane":29,"minecraft:stonecutter":1,"minecraft:diamond_axe":137,"minecraft:crafting_table":15,"minecraft:painting":1,"minecraft:white_bed":1,"minecraft:deepslate_brick_stairs":3,"minecraft:spruce_log":23,"minecraft:diamond_pickaxe":7,"minecraft:black_wool":1,"minecraft:diamond_shovel":326,"minecraft:bread":72,"minecraft:map":2,"minecraft:iron_pickaxe":965,"minecraft:spruce_trapdoor":10,"minecraft:spruce_sapling":43,"minecraft:gravel":322,"minecraft:stone_axe":115,"minecraft:diamond_sword":155,"minecraft:cobblestone":94,"minecraft:cooked_porkchop":8,"minecraft:bucket":11,"minecraft:bone_meal":39,"minecraft:diamond_leggings":1,"minecraft:gray_wool":1},"minecraft:dropped":{"minecraft:moss_block":1,"minecraft:birch_planks":4,"minecraft:wheat_seeds":19,"minecraft:lapis_lazuli":64,"minecraft:glow_ink_sac":2,"minecraft:crafting_table":1,"minecraft:oak_fence":12,"minecraft:iron_helmet":1,"minecraft:granite":3,"minecraft:rail":1,"minecraft:stick":4,"minecraft:flint":1,"minecraft:dirt":4,"minecraft:diorite":2,"minecraft:mutton":3,"minecraft:iron_leggings":1,"minecraft:sugar":21,"minecraft:iron_pickaxe":2,"minecraft:iron_shovel":1,"minecraft:string":3,"minecraft:spruce_sapling":18,"minecraft:bone":2,"minecraft:gravel":1,"minecraft:furnace":1,"minecraft:sugar_cane":1,"minecraft:stone_sword":2,"minecraft:rotten_flesh":87,"minecraft:oak_planks":1,"minecraft:iron_boots":1,"minecraft:potato":1,"minecraft:spruce_boat":2,"minecraft:shield":1,"minecraft:spruce_planks":5,"minecraft:iron_chestplate":1,"minecraft:chainmail_boots":1,"minecraft:spider_eye":1,"minecraft:arrow":2,"minecraft:egg":1},"minecraft:killed_by":{"minecraft:creeper":1,"minecraft:zombie":1}},"DataVersion":3953}