{"stats":{"minecraft:used":{"minecraft:stone_sword":7,"minecraft:shield":109,"minecraft:iron_sword":264,"minecraft:iron_chestplate":1,"minecraft:torch":177,"minecraft:lava_bucket":5,"minecraft:bow":2,"minecraft:furnace":3,"minecraft:cobbled_deepslate":55,"minecraft:iron_leggings":1,"minecraft:water_bucket":2,"minecraft:oak_planks":6,"minecraft:crafting_table":9,"minecraft:deepslate_brick_stairs":3,"minecraft:black_wool":1,"minecraft:bread":46,"minecraft:iron_pickaxe":635,"minecraft:stone_axe":94,"minecraft:cobblestone":94,"minecraft:cooked_porkchop":8,"minecraft:bucket":9,"minecraft:gray_wool":1},"minecraft:picked_up":{"minecraft:crafting_table":5,"minecraft:chainmail_boots":1,"minecraft:string":44,"minecraft:cobbled_deepslate":177,"minecraft:bucket":1,"minecraft:spruce_planks":2,"minecraft:iron_pickaxe":2,"minecraft:sugar_cane":21,"minecraft:furnace":4,"minecraft:raw_iron":150,"minecraft:stick":2,"minecraft:big_dripleaf":4,"minecraft:oak_fence":10,"minecraft:torch":9,"minecraft:porkchop":1,"minecraft:diorite":2,"minecraft:redstone":108,"minecraft:stone_sword":3,"minecraft:arrow":24,"minecraft:rotten_flesh":31,"minecraft:deepslate_brick_stairs":3,"minecraft:glow_berries":12,"minecraft:mutton":3,"minecraft:rail":20,"minecraft:cobblestone":120,"minecraft:glow_ink_sac":2,"minecraft:potato":1,"minecraft:flint":1,"minecraft:oak_log":5,"minecraft:lapis_lazuli":137,"minecraft:dirt":4,"minecraft:bone":16,"minecraft:bow":2,"minecraft:wheat_seeds":20,"minecraft:raw_gold":54,"minecraft:iron_ingot":13,"minecraft:moss_block":1,"minecraft:oak_planks":15,"minecraft:flowering_azalea":4,"minecraft:cooked_porkchop":5,"minecraft:gravel":1,"minecraft:lava_bucket":1,"minecraft:spruce_log":50,"minecraft:spider_eye":1,"minecraft:sugar":21,"minecraft:diamond":26,"minecraft:stone_axe":2,"minecraft:granite":3,"minecraft:gray_wool":1,"minecraft:bread":80,"minecraft:black_wool":1,"minecraft:coal":136},"minecraft:dropped":{"minecraft:moss_block":1,"minecraft:wheat_seeds":16,"minecraft:oak_fence":3,"minecraft:granite":3,"minecraft:stick":3,"minecraft:flint":1,"minecraft:dirt":4,"minecraft:diorite":1,"minecraft:mutton":3,"minecraft:sugar":21,"minecraft:string":1,"minecraft:bone":2,"minecraft:gravel":1,"minecraft:stone_sword":2,"minecraft:rotten_flesh":9,"minecraft:potato":1,"minecraft:spruce_planks":2,"minecraft:spider_eye":1,"minecraft:arrow":2},"minecraft:killed":{"minecraft:spider":9,"minecraft:skeleton":13,"minecraft:pig":1,"minecraft:zombie_villager":1,"minecraft:bat":1,"minecraft:sheep":2,"minecraft:zombie":41},"minecraft:custom":{"minecraft:mob_kills":75,"minecraft:interact_with_crafting_table":39,"minecraft:time_since_death":98430,"minecraft:climb_one_cm":20,"minecraft:sprint_one_cm":307500,"minecraft:walk_one_cm":448779,"minecraft:damage_blocked_by_shield":6154,"minecraft:drop":33,"minecraft:sneak_time":16649,"minecraft:play_time":122871,"minecraft:deaths":2,"minecraft:walk_under_water_one_cm":3265,"minecraft:boat_one_cm":10354,"minecraft:jump":2296,"minecraft:interact_with_blast_furnace":1,"minecraft:walk_on_water_one_cm":19593,"minecraft:total_world_time":122871,"minecraft:interact_with_furnace":27,"minecraft:time_since_rest":98456,"minecraft:damage_taken":3272,"minecraft:damage_dealt":12811,"minecraft:swim_one_cm":5170,"minecraft:fly_one_cm":321490,"minecraft:open_chest":10,"minecraft:crouch_one_cm":44341,"minecraft:interact_with_smoker":1,"minecraft:fall_one_cm":56002},"minecraft:mined":{"minecraft:deepslate_diamond_ore":26,"minecraft:cave_vines_plant":1,"minecraft:granite":3,"minecraft:grass_block":2,"minecraft:spruce_leaves":20,"minecraft:moss_block":1,"minecraft:large_fern":3,"minecraft:redstone_ore":6,"minecraft:furnace":3,"minecraft:iron_ore":105,"minecraft:cobbled_deepslate":11,"minecraft:deepslate_lapis_ore":17,"minecraft:big_dripleaf_stem":1,"minecraft:cave_vines":4,"minecraft:deepslate_iron_ore":21,"minecraft:vine":3,"minecraft:rail":20,"minecraft:stone":94,"minecraft:deepslate_redstone_ore":20,"minecraft:flowering_azalea":4,"minecraft:crafting_table":4,"minecraft:torch":2,"minecraft:short_grass":30,"minecraft:tall_grass":4,"minecraft:cobblestone":4,"minecraft:lapis_ore":5,"minecraft:deepslate_gold_ore":50,"minecraft:sugar_cane":8,"minecraft:oak_planks":5,"minecraft:diorite":1,"minecraft:wall_torch":4,"minecraft:big_dripleaf":2,"minecraft:spruce_log":52,"minecraft:coal_ore":70,"minecraft:oak_log":5,"minecraft:gravel":4,"minecraft:dirt":2,"minecraft:cobweb":35,"minecraft:gold_ore":4,"minecraft:deepslate":171,"minecraft:fern":1},"minecraft:killed_by":{"minecraft:creeper":1,"minecraft:zombie":1},"minecraft:crafted":{"minecraft:oak_planks":20,"minecraft:furnace":1,"minecraft:bow":1,"minecraft:iron_boots":1,"minecraft:sugar":21,"minecraft:cooked_porkchop":8,"minecraft:crafting_table":5,"minecraft:spruce_planks":56,"minecraft:iron_helmet":1,"minecraft:iron_sword":2,"minecraft:bucket":2,"minecraft:stone_axe":1,"minecraft:air":0,"minecraft:iron_chestplate":1,"minecraft:shield":3,"minecraft:stick":72,"minecraft:iron_ingot":45,"minecraft:iron_pickaxe":3,"minecraft:stone_sword":2,"minecraft:iron_leggings":1,"minecraft:torch":232},"minecraft:broken":{"minecraft:shield":2,"minecraft:iron_sword":1,"minecraft:iron_pickaxe":2}},"DataVersion":3953}