{"stats":{"minecraft:used":{"minecraft:black_wool":1,"minecraft:cooked_porkchop":2,"minecraft:gray_wool":1},"minecraft:picked_up":{"minecraft:porkchop":1,"minecraft:oak_log":5,"minecraft:wheat_seeds":4,"minecraft:iron_ingot":6,"minecraft:gray_wool":1,"minecraft:black_wool":1,"minecraft:sugar_cane":21,"minecraft:deepslate_brick_stairs":3,"minecraft:mutton":3},"minecraft:dropped":{"minecraft:mutton":3},"minecraft:killed":{"minecraft:sheep":2,"minecraft:pig":1},"minecraft:custom":{"minecraft:time_since_rest":8871,"minecraft:interact_with_furnace":2,"minecraft:sprint_one_cm":36046,"minecraft:damage_taken":95,"minecraft:walk_one_cm":23099,"minecraft:mob_kills":3,"minecraft:drop":3,"minecraft:damage_dealt":227,"minecraft:swim_one_cm":2543,"minecraft:interact_with_crafting_table":5,"minecraft:fly_one_cm":42218,"minecraft:open_chest":8,"minecraft:crouch_one_cm":487,"minecraft:play_time":8871,"minecraft:sneak_time":248,"minecraft:walk_under_water_one_cm":158,"minecraft:jump":227,"minecraft:interact_with_blast_furnace":1,"minecraft:walk_on_water_one_cm":1810,"minecraft:time_since_death":8871,"minecraft:total_world_time":8871,"minecraft:interact_with_smoker":1,"minecraft:fall_one_cm":5923},"minecraft:mined":{"minecraft:short_grass":26,"minecraft:oak_log":5,"minecraft:tall_grass":3,"minecraft:sugar_cane":8,"minecraft:oak_planks":1},"minecraft:crafted":{"minecraft:sugar":21,"minecraft:oak_planks":20,"minecraft:cooked_porkchop":8,"minecraft:stick":4,"minecraft:iron_pickaxe":1,"minecraft:bucket":1,"minecraft:air":0}},"DataVersion":3953}