{"stats":{"minecraft:crafted":{"minecraft:oak_planks":20,"minecraft:furnace":4,"minecraft:bone_meal":39,"minecraft:diamond_helmet":1,"minecraft:diamond_leggings":1,"minecraft:bow":1,"minecraft:iron_boots":1,"minecraft:chest":1,"minecraft:diamond_boots":1,"minecraft:spruce_boat":1,"minecraft:sugar":21,"minecraft:diamond_sword":1,"minecraft:cooked_porkchop":8,"minecraft:diamond_axe":1,"minecraft:crafting_table":9,"minecraft:spruce_planks":108,"minecraft:iron_helmet":1,"minecraft:baked_potato":29,"minecraft:iron_sword":2,"minecraft:bucket":2,"minecraft:stone_axe":1,"minecraft:air":0,"minecraft:spruce_trapdoor":2,"minecraft:book":2,"minecraft:iron_chestplate":1,"minecraft:paper":6,"minecraft:diamond_pickaxe":1,"minecraft:shield":4,"minecraft:stick":96,"minecraft:iron_ingot":197,"minecraft:iron_pickaxe":4,"minecraft:iron_block":3,"minecraft:stone_sword":2,"minecraft:iron_leggings":1,"minecraft:gold_ingot":64,"minecraft:anvil":1,"minecraft:torch":288,"minecraft:lapis_block":16,"minecraft:diamond_chestplate":1},"minecraft:picked_up":{"minecraft:crafting_table":6,"minecraft:chainmail_boots":1,"minecraft:chicken":2,"minecraft:shield":1,"minecraft:string":67,"minecraft:iron_shovel":1,"minecraft:cobbled_deepslate":241,"minecraft:bucket":1,"minecraft:spruce_planks":5,"minecraft:beef":6,"minecraft:iron_pickaxe":3,"minecraft:sugar_cane":50,"minecraft:egg":4,"minecraft:spruce_trapdoor":3,"minecraft:furnace":4,"minecraft:golden_helmet":1,"minecraft:stick":3,"minecraft:raw_iron":174,"minecraft:big_dripleaf":4,"minecraft:oak_fence":12,"minecraft:torch":15,"minecraft:porkchop":1,"minecraft:diorite":2,"minecraft:carrot":137,"minecraft:redstone":163,"minecraft:stone_sword":3,"minecraft:arrow":32,"minecraft:rotten_flesh":201,"minecraft:deepslate_brick_stairs":3,"minecraft:glow_berries":13,"minecraft:mutton":3,"minecraft:rail":21,"minecraft:cobblestone":244,"minecraft:glow_ink_sac":2,"minecraft:leather":8,"minecraft:potato":2,"minecraft:birch_planks":5,"minecraft:flint":1,"minecraft:oak_log":5,"minecraft:lapis_lazuli":210,"minecraft:dirt":4,"minecraft:chipped_anvil":1,"minecraft:bone":24,"minecraft:bow":2,"minecraft:wheat_seeds":23,"minecraft:raw_gold":71,"minecraft:iron_ingot":13,"minecraft:moss_block":2,"minecraft:flowering_azalea":4,"minecraft:oak_planks":20,"minecraft:cooked_porkchop":5,"minecraft:gravel":2,"minecraft:lava_bucket":1,"minecraft:spruce_sapling":25,"minecraft:white_bed":1,"minecraft:spruce_log":81,"minecraft:spider_eye":1,"minecraft:sugar":21,"minecraft:spruce_boat":2,"minecraft:diamond":42,"minecraft:stone_axe":2,"minecraft:granite":3,"minecraft:gray_wool":1,"minecraft:bread":80,"minecraft:black_wool":1,"minecraft:coal":173},"minecraft:custom":{"minecraft:interact_with_anvil":3,"minecraft:mob_kills":261,"minecraft:interact_with_crafting_table":66,"minecraft:leave_game":1,"minecraft:time_since_death":229537,"minecraft:climb_one_cm":20,"minecraft:sprint_one_cm":547199,"minecraft:walk_one_cm":744821,"minecraft:damage_blocked_by_shield":8982,"minecraft:drop":66,"minecraft:play_time":253978,"minecraft:sneak_time":25742,"minecraft:deaths":2,"minecraft:walk_under_water_one_cm":6155,"minecraft:boat_one_cm":10397,"minecraft:jump":4295,"minecraft:interact_with_blast_furnace":7,"minecraft:walk_on_water_one_cm":40311,"minecraft:enchant_item":4,"minecraft:total_world_time":253978,"minecraft:interact_with_furnace":53,"minecraft:sleep_in_bed":2,"minecraft:time_since_rest":6563,"minecraft:damage_taken":4603,"minecraft:damage_dealt":17983,"minecraft:player_kills":1,"minecraft:swim_one_cm":22582,"minecraft:fly_one_cm":706312,"minecraft:open_chest":72,"minecraft:crouch_one_cm":63715,"minecraft:interact_with_smoker":7,"minecraft:fall_one_cm":103125,"minecraft:horse_one_cm":3146},"minecraft:broken":{"minecraft:shield":3,"minecraft:stone_axe":1,"minecraft:iron_sword":2,"minecraft:iron_pickaxe":3},"minecraft:mined":{"minecraft:white_bed":1,"minecraft:deepslate_diamond_ore":42,"minecraft:spruce_trapdoor":3,"minecraft:cave_vines_plant":1,"minecraft:granite":9,"minecraft:grass_block":3,"minecraft:spruce_leaves":151,"minecraft:moss_block":2,"minecraft:spawner":1,"minecraft:large_fern":3,"minecraft:redstone_ore":6,"minecraft:carrots":42,"minecraft:furnace":3,"minecraft:iron_ore":120,"minecraft:cobbled_deepslate":19,"minecraft:andesite":14,"minecraft:deepslate_lapis_ore":27,"minecraft:big_dripleaf_stem":1,"minecraft:cave_vines":4,"minecraft:deepslate_iron_ore":32,"minecraft:vine":3,"minecraft:rail":20,"minecraft:stone":225,"minecraft:podzol":2,"minecraft:deepslate_redstone_ore":32,"minecraft:flowering_azalea":4,"minecraft:crafting_table":5,"minecraft:torch":3,"minecraft:short_grass":44,"minecraft:tall_grass":7,"minecraft:copper_ore":2,"minecraft:cobblestone":4,"minecraft:lapis_ore":6,"minecraft:deepslate_gold_ore":67,"minecraft:sugar_cane":26,"minecraft:oak_planks":11,"minecraft:diorite":2,"minecraft:wall_torch":5,"minecraft:big_dripleaf":2,"minecraft:birch_planks":5,"minecraft:spruce_log":84,"minecraft:oak_log":5,"minecraft:coal_ore":104,"minecraft:gravel":11,"minecraft:dirt":7,"minecraft:cobweb":60,"minecraft:chipped_anvil":1,"minecraft:gold_ore":4,"minecraft:deepslate":220,"minecraft:fern":1},"minecraft:killed":{"minecraft:cave_spider":4,"minecraft:spider":10,"minecraft:skeleton":19,"minecraft:chicken":2,"minecraft:pig":1,"minecraft:zombie_villager":2,"minecraft:bat":2,"minecraft:creeper":1,"minecraft:sheep":3,"minecraft:zombie":205,"minecraft:cow":4,"minecraft:enderman":1},"minecraft:used":{"minecraft:moss_block":1,"minecraft:stone_sword":7,"minecraft:chest":1,"minecraft:spruce_planks":1,"minecraft:shield":134,"minecraft:iron_sword":440,"minecraft:iron_chestplate":1,"minecraft:torch":233,"minecraft:anvil":1,"minecraft:carrot":42,"minecraft:diamond_helmet":1,"minecraft:spruce_boat":1,"minecraft:lava_bucket":6,"minecraft:diamond_chestplate":1,"minecraft:bow":26,"minecraft:furnace":6,"minecraft:egg":3,"minecraft:cobbled_deepslate":147,"minecraft:iron_leggings":1,"minecraft:water_bucket":2,"minecraft:diamond_boots":1,"minecraft:birch_planks":1,"minecraft:baked_potato":11,"minecraft:oak_planks":9,"minecraft:diamond_axe":24,"minecraft:crafting_table":13,"minecraft:deepslate_brick_stairs":3,"minecraft:spruce_log":1,"minecraft:black_wool":1,"minecraft:bread":72,"minecraft:iron_pickaxe":965,"minecraft:spruce_trapdoor":5,"minecraft:spruce_sapling":5,"minecraft:gravel":1,"minecraft:stone_axe":115,"minecraft:diamond_sword":28,"minecraft:cobblestone":94,"minecraft:cooked_porkchop":8,"minecraft:bucket":10,"minecraft:bone_meal":39,"minecraft:diamond_leggings":1,"minecraft:gray_wool":1},"minecraft:dropped":{"minecraft:moss_block":1,"minecraft:birch_planks":4,"minecraft:wheat_seeds":19,"minecraft:lapis_lazuli":64,"minecraft:glow_ink_sac":2,"minecraft:crafting_table":1,"minecraft:oak_fence":12,"minecraft:iron_helmet":1,"minecraft:granite":3,"minecraft:rail":1,"minecraft:stick":4,"minecraft:flint":1,"minecraft:dirt":4,"minecraft:diorite":2,"minecraft:mutton":3,"minecraft:iron_leggings":1,"minecraft:sugar":21,"minecraft:iron_pickaxe":2,"minecraft:iron_shovel":1,"minecraft:string":3,"minecraft:spruce_sapling":18,"minecraft:bone":2,"minecraft:gravel":1,"minecraft:furnace":1,"minecraft:stone_sword":2,"minecraft:rotten_flesh":87,"minecraft:oak_planks":1,"minecraft:iron_boots":1,"minecraft:potato":1,"minecraft:spruce_boat":2,"minecraft:shield":1,"minecraft:spruce_planks":5,"minecraft:iron_chestplate":1,"minecraft:chainmail_boots":1,"minecraft:spider_eye":1,"minecraft:arrow":2,"minecraft:egg":1},"minecraft:killed_by":{"minecraft:creeper":1,"minecraft:zombie":1}},"DataVersion":3953}